[02-May-2025 17:42:38 Asia/Baghdad] PHP Warning:  Constant DB_HOST already defined in C:\xampp\htdocs\invoicing_system\config.php on line 56
[02-May-2025 17:42:38 Asia/Baghdad] PHP Warning:  Constant DB_USER already defined in C:\xampp\htdocs\invoicing_system\config.php on line 57
[02-May-2025 17:42:38 Asia/Baghdad] PHP Warning:  Constant DB_PASS already defined in C:\xampp\htdocs\invoicing_system\config.php on line 58
[02-May-2025 17:42:38 Asia/Baghdad] PHP Warning:  Constant DB_NAME already defined in C:\xampp\htdocs\invoicing_system\config.php on line 59
[02-May-2025 17:42:38 Asia/Baghdad] PHP Warning:  Constant SITE_NAME already defined in C:\xampp\htdocs\invoicing_system\config.php on line 63
[02-May-2025 17:42:38 Asia/Baghdad] PHP Warning:  Constant ROOT_PATH already defined in C:\xampp\htdocs\invoicing_system\config.php on line 68
[02-May-2025 17:42:38 Asia/Baghdad] PHP Warning:  Constant MAX_FILE_SIZE already defined in C:\xampp\htdocs\invoicing_system\config.php on line 74
[02-May-2025 17:42:38 Asia/Baghdad] PHP Warning:  Constant ALLOWED_EXTENSIONS already defined in C:\xampp\htdocs\invoicing_system\config.php on line 75
[02-May-2025 17:42:38 Asia/Baghdad] PHP Warning:  ini_set(): Session ini settings cannot be changed when a session is active in C:\xampp\htdocs\invoicing_system\config.php on line 127
[02-May-2025 17:42:38 Asia/Baghdad] PHP Notice:  session_start(): Ignoring session_start() because a session is already active in C:\xampp\htdocs\invoicing_system\config.php on line 128
[02-May-2025 17:42:38 Asia/Baghdad] PHP Fatal error:  Cannot declare class Database, because the name is already in use in C:\xampp\htdocs\invoicing_system\database.php on line 71
[02-May-2025 17:42:39 Asia/Baghdad] PHP Warning:  Constant DB_HOST already defined in C:\xampp\htdocs\invoicing_system\config.php on line 56
[02-May-2025 17:42:39 Asia/Baghdad] PHP Warning:  Constant DB_USER already defined in C:\xampp\htdocs\invoicing_system\config.php on line 57
[02-May-2025 17:42:39 Asia/Baghdad] PHP Warning:  Constant DB_PASS already defined in C:\xampp\htdocs\invoicing_system\config.php on line 58
[02-May-2025 17:42:39 Asia/Baghdad] PHP Warning:  Constant DB_NAME already defined in C:\xampp\htdocs\invoicing_system\config.php on line 59
[02-May-2025 17:42:39 Asia/Baghdad] PHP Warning:  Constant SITE_NAME already defined in C:\xampp\htdocs\invoicing_system\config.php on line 63
[02-May-2025 17:42:39 Asia/Baghdad] PHP Warning:  Constant ROOT_PATH already defined in C:\xampp\htdocs\invoicing_system\config.php on line 68
[02-May-2025 17:42:39 Asia/Baghdad] PHP Warning:  Constant MAX_FILE_SIZE already defined in C:\xampp\htdocs\invoicing_system\config.php on line 74
[02-May-2025 17:42:39 Asia/Baghdad] PHP Warning:  Constant ALLOWED_EXTENSIONS already defined in C:\xampp\htdocs\invoicing_system\config.php on line 75
[02-May-2025 17:42:39 Asia/Baghdad] PHP Warning:  ini_set(): Session ini settings cannot be changed when a session is active in C:\xampp\htdocs\invoicing_system\config.php on line 127
[02-May-2025 17:42:39 Asia/Baghdad] PHP Notice:  session_start(): Ignoring session_start() because a session is already active in C:\xampp\htdocs\invoicing_system\config.php on line 128
[02-May-2025 17:42:39 Asia/Baghdad] PHP Fatal error:  Cannot declare class Database, because the name is already in use in C:\xampp\htdocs\invoicing_system\database.php on line 71
[02-May-2025 18:10:21 Asia/Baghdad] PHP Warning:  Constant DB_HOST already defined in C:\xampp\htdocs\invoicing_system\config.php on line 58
[02-May-2025 18:10:21 Asia/Baghdad] PHP Warning:  Constant DB_USER already defined in C:\xampp\htdocs\invoicing_system\config.php on line 59
[02-May-2025 18:10:21 Asia/Baghdad] PHP Warning:  Constant DB_PASS already defined in C:\xampp\htdocs\invoicing_system\config.php on line 60
[02-May-2025 18:10:21 Asia/Baghdad] PHP Warning:  Constant DB_NAME already defined in C:\xampp\htdocs\invoicing_system\config.php on line 61
[02-May-2025 18:10:21 Asia/Baghdad] PHP Warning:  Constant SITE_NAME already defined in C:\xampp\htdocs\invoicing_system\config.php on line 65
[02-May-2025 18:10:21 Asia/Baghdad] PHP Warning:  Constant ROOT_PATH already defined in C:\xampp\htdocs\invoicing_system\config.php on line 70
[02-May-2025 18:10:21 Asia/Baghdad] PHP Warning:  Constant MAX_FILE_SIZE already defined in C:\xampp\htdocs\invoicing_system\config.php on line 76
[02-May-2025 18:10:21 Asia/Baghdad] PHP Warning:  Constant ALLOWED_EXTENSIONS already defined in C:\xampp\htdocs\invoicing_system\config.php on line 77
[02-May-2025 18:10:21 Asia/Baghdad] PHP Warning:  ini_set(): Session ini settings cannot be changed when a session is active in C:\xampp\htdocs\invoicing_system\config.php on line 129
[02-May-2025 18:10:21 Asia/Baghdad] PHP Notice:  session_start(): Ignoring session_start() because a session is already active in C:\xampp\htdocs\invoicing_system\config.php on line 130
[02-May-2025 18:10:21 Asia/Baghdad] PHP Warning:  Constant ROOT_PATH already defined in C:\xampp\htdocs\invoicing_system\config.php on line 153
[02-May-2025 18:10:21 Asia/Baghdad] PHP Warning:  Constant DB_HOST already defined in C:\xampp\htdocs\invoicing_system\config.php on line 156
[02-May-2025 18:10:21 Asia/Baghdad] PHP Warning:  Constant DB_USER already defined in C:\xampp\htdocs\invoicing_system\config.php on line 157
[02-May-2025 18:10:21 Asia/Baghdad] PHP Warning:  Constant DB_PASS already defined in C:\xampp\htdocs\invoicing_system\config.php on line 158
[02-May-2025 18:10:21 Asia/Baghdad] PHP Warning:  Constant DB_NAME already defined in C:\xampp\htdocs\invoicing_system\config.php on line 159
[02-May-2025 18:10:21 Asia/Baghdad] PHP Warning:  Constant DB_CHARSET already defined in C:\xampp\htdocs\invoicing_system\config.php on line 160
[02-May-2025 18:10:21 Asia/Baghdad] PHP Warning:  Constant SITE_NAME already defined in C:\xampp\htdocs\invoicing_system\config.php on line 163
[02-May-2025 18:10:21 Asia/Baghdad] PHP Warning:  Constant SITE_URL already defined in C:\xampp\htdocs\invoicing_system\config.php on line 164
[02-May-2025 18:10:21 Asia/Baghdad] PHP Warning:  Constant ADMIN_EMAIL already defined in C:\xampp\htdocs\invoicing_system\config.php on line 165
[02-May-2025 18:10:21 Asia/Baghdad] PHP Warning:  Constant UPLOADS_PATH already defined in C:\xampp\htdocs\invoicing_system\config.php on line 168
[02-May-2025 18:10:21 Asia/Baghdad] PHP Warning:  Constant IMAGES_PATH already defined in C:\xampp\htdocs\invoicing_system\config.php on line 169
[02-May-2025 18:10:21 Asia/Baghdad] PHP Warning:  Constant TEMP_PATH already defined in C:\xampp\htdocs\invoicing_system\config.php on line 170
[02-May-2025 18:10:21 Asia/Baghdad] PHP Warning:  Constant MAX_FILE_SIZE already defined in C:\xampp\htdocs\invoicing_system\config.php on line 173
[02-May-2025 18:10:21 Asia/Baghdad] PHP Warning:  Constant ALLOWED_EXTENSIONS already defined in C:\xampp\htdocs\invoicing_system\config.php on line 174
[02-May-2025 18:10:21 Asia/Baghdad] PHP Warning:  Constant EXCHANGE_RATE already defined in C:\xampp\htdocs\invoicing_system\config.php on line 177
[02-May-2025 18:10:21 Asia/Baghdad] PHP Warning:  Constant DEPOSIT_RATE_DEFAULT already defined in C:\xampp\htdocs\invoicing_system\config.php on line 178
[02-May-2025 18:10:21 Asia/Baghdad] PHP Warning:  Constant DEPOSIT_RATE_HIGH already defined in C:\xampp\htdocs\invoicing_system\config.php on line 179
[02-May-2025 18:10:21 Asia/Baghdad] PHP Warning:  Constant BAGHDAD_DELIVERY_COST already defined in C:\xampp\htdocs\invoicing_system\config.php on line 180
[02-May-2025 18:10:21 Asia/Baghdad] PHP Warning:  Constant PROVINCES_DELIVERY_COST already defined in C:\xampp\htdocs\invoicing_system\config.php on line 181
[02-May-2025 18:10:21 Asia/Baghdad] PHP Warning:  ini_set(): Session ini settings cannot be changed when a session is active in C:\xampp\htdocs\invoicing_system\config.php on line 228
[02-May-2025 18:10:21 Asia/Baghdad] PHP Parse error:  syntax error, unexpected token "<", expecting end of file in C:\xampp\htdocs\invoicing_system\database.php on line 6
[02-May-2025 18:11:30 Asia/Baghdad] PHP Warning:  Constant DB_HOST already defined in C:\xampp\htdocs\invoicing_system\config.php on line 58
[02-May-2025 18:11:30 Asia/Baghdad] PHP Warning:  Constant DB_USER already defined in C:\xampp\htdocs\invoicing_system\config.php on line 59
[02-May-2025 18:11:30 Asia/Baghdad] PHP Warning:  Constant DB_PASS already defined in C:\xampp\htdocs\invoicing_system\config.php on line 60
[02-May-2025 18:11:30 Asia/Baghdad] PHP Warning:  Constant DB_NAME already defined in C:\xampp\htdocs\invoicing_system\config.php on line 61
[02-May-2025 18:11:30 Asia/Baghdad] PHP Warning:  Constant SITE_NAME already defined in C:\xampp\htdocs\invoicing_system\config.php on line 65
[02-May-2025 18:11:30 Asia/Baghdad] PHP Warning:  Constant ROOT_PATH already defined in C:\xampp\htdocs\invoicing_system\config.php on line 70
[02-May-2025 18:11:30 Asia/Baghdad] PHP Warning:  Constant MAX_FILE_SIZE already defined in C:\xampp\htdocs\invoicing_system\config.php on line 76
[02-May-2025 18:11:30 Asia/Baghdad] PHP Warning:  Constant ALLOWED_EXTENSIONS already defined in C:\xampp\htdocs\invoicing_system\config.php on line 77
[02-May-2025 18:11:30 Asia/Baghdad] PHP Warning:  ini_set(): Session ini settings cannot be changed when a session is active in C:\xampp\htdocs\invoicing_system\config.php on line 129
[02-May-2025 18:11:30 Asia/Baghdad] PHP Notice:  session_start(): Ignoring session_start() because a session is already active in C:\xampp\htdocs\invoicing_system\config.php on line 130
[02-May-2025 18:11:30 Asia/Baghdad] PHP Warning:  Constant ROOT_PATH already defined in C:\xampp\htdocs\invoicing_system\config.php on line 153
[02-May-2025 18:11:30 Asia/Baghdad] PHP Warning:  Constant DB_HOST already defined in C:\xampp\htdocs\invoicing_system\config.php on line 156
[02-May-2025 18:11:30 Asia/Baghdad] PHP Warning:  Constant DB_USER already defined in C:\xampp\htdocs\invoicing_system\config.php on line 157
[02-May-2025 18:11:30 Asia/Baghdad] PHP Warning:  Constant DB_PASS already defined in C:\xampp\htdocs\invoicing_system\config.php on line 158
[02-May-2025 18:11:30 Asia/Baghdad] PHP Warning:  Constant DB_NAME already defined in C:\xampp\htdocs\invoicing_system\config.php on line 159
[02-May-2025 18:11:30 Asia/Baghdad] PHP Warning:  Constant DB_CHARSET already defined in C:\xampp\htdocs\invoicing_system\config.php on line 160
[02-May-2025 18:11:30 Asia/Baghdad] PHP Warning:  Constant SITE_NAME already defined in C:\xampp\htdocs\invoicing_system\config.php on line 163
[02-May-2025 18:11:30 Asia/Baghdad] PHP Warning:  Constant SITE_URL already defined in C:\xampp\htdocs\invoicing_system\config.php on line 164
[02-May-2025 18:11:30 Asia/Baghdad] PHP Warning:  Constant ADMIN_EMAIL already defined in C:\xampp\htdocs\invoicing_system\config.php on line 165
[02-May-2025 18:11:30 Asia/Baghdad] PHP Warning:  Constant UPLOADS_PATH already defined in C:\xampp\htdocs\invoicing_system\config.php on line 168
[02-May-2025 18:11:30 Asia/Baghdad] PHP Warning:  Constant IMAGES_PATH already defined in C:\xampp\htdocs\invoicing_system\config.php on line 169
[02-May-2025 18:11:30 Asia/Baghdad] PHP Warning:  Constant TEMP_PATH already defined in C:\xampp\htdocs\invoicing_system\config.php on line 170
[02-May-2025 18:11:30 Asia/Baghdad] PHP Warning:  Constant MAX_FILE_SIZE already defined in C:\xampp\htdocs\invoicing_system\config.php on line 173
[02-May-2025 18:11:30 Asia/Baghdad] PHP Warning:  Constant ALLOWED_EXTENSIONS already defined in C:\xampp\htdocs\invoicing_system\config.php on line 174
[02-May-2025 18:11:30 Asia/Baghdad] PHP Warning:  Constant EXCHANGE_RATE already defined in C:\xampp\htdocs\invoicing_system\config.php on line 177
[02-May-2025 18:11:30 Asia/Baghdad] PHP Warning:  Constant DEPOSIT_RATE_DEFAULT already defined in C:\xampp\htdocs\invoicing_system\config.php on line 178
[02-May-2025 18:11:30 Asia/Baghdad] PHP Warning:  Constant DEPOSIT_RATE_HIGH already defined in C:\xampp\htdocs\invoicing_system\config.php on line 179
[02-May-2025 18:11:30 Asia/Baghdad] PHP Warning:  Constant BAGHDAD_DELIVERY_COST already defined in C:\xampp\htdocs\invoicing_system\config.php on line 180
[02-May-2025 18:11:30 Asia/Baghdad] PHP Warning:  Constant PROVINCES_DELIVERY_COST already defined in C:\xampp\htdocs\invoicing_system\config.php on line 181
[02-May-2025 18:11:30 Asia/Baghdad] PHP Warning:  ini_set(): Session ini settings cannot be changed when a session is active in C:\xampp\htdocs\invoicing_system\config.php on line 228
[02-May-2025 18:11:30 Asia/Baghdad] PHP Parse error:  syntax error, unexpected token "<", expecting end of file in C:\xampp\htdocs\invoicing_system\database.php on line 6
[02-May-2025 18:15:09 Asia/Baghdad] PHP Warning:  Constant DB_HOST already defined in C:\xampp\htdocs\invoicing_system\config.php on line 58
[02-May-2025 18:15:09 Asia/Baghdad] PHP Warning:  Constant DB_USER already defined in C:\xampp\htdocs\invoicing_system\config.php on line 59
[02-May-2025 18:15:09 Asia/Baghdad] PHP Warning:  Constant DB_PASS already defined in C:\xampp\htdocs\invoicing_system\config.php on line 60
[02-May-2025 18:15:09 Asia/Baghdad] PHP Warning:  Constant DB_NAME already defined in C:\xampp\htdocs\invoicing_system\config.php on line 61
[02-May-2025 18:15:09 Asia/Baghdad] PHP Warning:  Constant SITE_NAME already defined in C:\xampp\htdocs\invoicing_system\config.php on line 65
[02-May-2025 18:15:09 Asia/Baghdad] PHP Warning:  Constant ROOT_PATH already defined in C:\xampp\htdocs\invoicing_system\config.php on line 70
[02-May-2025 18:15:09 Asia/Baghdad] PHP Warning:  Constant MAX_FILE_SIZE already defined in C:\xampp\htdocs\invoicing_system\config.php on line 76
[02-May-2025 18:15:09 Asia/Baghdad] PHP Warning:  Constant ALLOWED_EXTENSIONS already defined in C:\xampp\htdocs\invoicing_system\config.php on line 77
[02-May-2025 18:15:09 Asia/Baghdad] PHP Warning:  ini_set(): Session ini settings cannot be changed when a session is active in C:\xampp\htdocs\invoicing_system\config.php on line 130
[02-May-2025 18:15:09 Asia/Baghdad] PHP Notice:  session_start(): Ignoring session_start() because a session is already active in C:\xampp\htdocs\invoicing_system\config.php on line 131
[02-May-2025 18:15:09 Asia/Baghdad] PHP Warning:  ini_set(): Session ini settings cannot be changed when a session is active in C:\xampp\htdocs\invoicing_system\config.php on line 228
[02-May-2025 18:15:09 Asia/Baghdad] PHP Parse error:  syntax error, unexpected token "<", expecting end of file in C:\xampp\htdocs\invoicing_system\database.php on line 6
[02-May-2025 18:16:39 Asia/Baghdad] PHP Warning:  Constant DB_HOST already defined in C:\xampp\htdocs\invoicing_system\config.php on line 58
[02-May-2025 18:16:39 Asia/Baghdad] PHP Warning:  Constant DB_USER already defined in C:\xampp\htdocs\invoicing_system\config.php on line 59
[02-May-2025 18:16:39 Asia/Baghdad] PHP Warning:  Constant DB_PASS already defined in C:\xampp\htdocs\invoicing_system\config.php on line 60
[02-May-2025 18:16:39 Asia/Baghdad] PHP Warning:  Constant DB_NAME already defined in C:\xampp\htdocs\invoicing_system\config.php on line 61
[02-May-2025 18:16:39 Asia/Baghdad] PHP Warning:  Constant SITE_NAME already defined in C:\xampp\htdocs\invoicing_system\config.php on line 65
[02-May-2025 18:16:39 Asia/Baghdad] PHP Warning:  Constant ROOT_PATH already defined in C:\xampp\htdocs\invoicing_system\config.php on line 70
[02-May-2025 18:16:39 Asia/Baghdad] PHP Warning:  Constant MAX_FILE_SIZE already defined in C:\xampp\htdocs\invoicing_system\config.php on line 76
[02-May-2025 18:16:39 Asia/Baghdad] PHP Warning:  Constant ALLOWED_EXTENSIONS already defined in C:\xampp\htdocs\invoicing_system\config.php on line 77
[02-May-2025 18:16:39 Asia/Baghdad] PHP Warning:  ini_set(): Session ini settings cannot be changed when a session is active in C:\xampp\htdocs\invoicing_system\config.php on line 130
[02-May-2025 18:16:39 Asia/Baghdad] PHP Warning:  ini_set(): Session ini settings cannot be changed when a session is active in C:\xampp\htdocs\invoicing_system\config.php on line 228
[02-May-2025 18:16:39 Asia/Baghdad] PHP Parse error:  syntax error, unexpected token "<", expecting end of file in C:\xampp\htdocs\invoicing_system\database.php on line 6
[02-May-2025 18:16:40 Asia/Baghdad] PHP Warning:  Constant DB_HOST already defined in C:\xampp\htdocs\invoicing_system\config.php on line 58
[02-May-2025 18:16:40 Asia/Baghdad] PHP Warning:  Constant DB_USER already defined in C:\xampp\htdocs\invoicing_system\config.php on line 59
[02-May-2025 18:16:40 Asia/Baghdad] PHP Warning:  Constant DB_PASS already defined in C:\xampp\htdocs\invoicing_system\config.php on line 60
[02-May-2025 18:16:40 Asia/Baghdad] PHP Warning:  Constant DB_NAME already defined in C:\xampp\htdocs\invoicing_system\config.php on line 61
[02-May-2025 18:16:40 Asia/Baghdad] PHP Warning:  Constant SITE_NAME already defined in C:\xampp\htdocs\invoicing_system\config.php on line 65
[02-May-2025 18:16:40 Asia/Baghdad] PHP Warning:  Constant ROOT_PATH already defined in C:\xampp\htdocs\invoicing_system\config.php on line 70
[02-May-2025 18:16:40 Asia/Baghdad] PHP Warning:  Constant MAX_FILE_SIZE already defined in C:\xampp\htdocs\invoicing_system\config.php on line 76
[02-May-2025 18:16:40 Asia/Baghdad] PHP Warning:  Constant ALLOWED_EXTENSIONS already defined in C:\xampp\htdocs\invoicing_system\config.php on line 77
[02-May-2025 18:16:40 Asia/Baghdad] PHP Warning:  ini_set(): Session ini settings cannot be changed when a session is active in C:\xampp\htdocs\invoicing_system\config.php on line 130
[02-May-2025 18:16:40 Asia/Baghdad] PHP Warning:  ini_set(): Session ini settings cannot be changed when a session is active in C:\xampp\htdocs\invoicing_system\config.php on line 228
[02-May-2025 18:16:40 Asia/Baghdad] PHP Parse error:  syntax error, unexpected token "<", expecting end of file in C:\xampp\htdocs\invoicing_system\database.php on line 6
[02-May-2025 18:16:40 Asia/Baghdad] PHP Warning:  Constant DB_HOST already defined in C:\xampp\htdocs\invoicing_system\config.php on line 58
[02-May-2025 18:16:40 Asia/Baghdad] PHP Warning:  Constant DB_USER already defined in C:\xampp\htdocs\invoicing_system\config.php on line 59
[02-May-2025 18:16:40 Asia/Baghdad] PHP Warning:  Constant DB_PASS already defined in C:\xampp\htdocs\invoicing_system\config.php on line 60
[02-May-2025 18:16:40 Asia/Baghdad] PHP Warning:  Constant DB_NAME already defined in C:\xampp\htdocs\invoicing_system\config.php on line 61
[02-May-2025 18:16:40 Asia/Baghdad] PHP Warning:  Constant SITE_NAME already defined in C:\xampp\htdocs\invoicing_system\config.php on line 65
[02-May-2025 18:16:40 Asia/Baghdad] PHP Warning:  Constant ROOT_PATH already defined in C:\xampp\htdocs\invoicing_system\config.php on line 70
[02-May-2025 18:16:40 Asia/Baghdad] PHP Warning:  Constant MAX_FILE_SIZE already defined in C:\xampp\htdocs\invoicing_system\config.php on line 76
[02-May-2025 18:16:40 Asia/Baghdad] PHP Warning:  Constant ALLOWED_EXTENSIONS already defined in C:\xampp\htdocs\invoicing_system\config.php on line 77
[02-May-2025 18:16:40 Asia/Baghdad] PHP Warning:  ini_set(): Session ini settings cannot be changed when a session is active in C:\xampp\htdocs\invoicing_system\config.php on line 130
[02-May-2025 18:16:40 Asia/Baghdad] PHP Warning:  ini_set(): Session ini settings cannot be changed when a session is active in C:\xampp\htdocs\invoicing_system\config.php on line 228
[02-May-2025 18:16:40 Asia/Baghdad] PHP Parse error:  syntax error, unexpected token "<", expecting end of file in C:\xampp\htdocs\invoicing_system\database.php on line 6
[02-May-2025 18:16:41 Asia/Baghdad] PHP Warning:  Constant DB_HOST already defined in C:\xampp\htdocs\invoicing_system\config.php on line 58
[02-May-2025 18:16:41 Asia/Baghdad] PHP Warning:  Constant DB_USER already defined in C:\xampp\htdocs\invoicing_system\config.php on line 59
[02-May-2025 18:16:41 Asia/Baghdad] PHP Warning:  Constant DB_PASS already defined in C:\xampp\htdocs\invoicing_system\config.php on line 60
[02-May-2025 18:16:41 Asia/Baghdad] PHP Warning:  Constant DB_NAME already defined in C:\xampp\htdocs\invoicing_system\config.php on line 61
[02-May-2025 18:16:41 Asia/Baghdad] PHP Warning:  Constant SITE_NAME already defined in C:\xampp\htdocs\invoicing_system\config.php on line 65
[02-May-2025 18:16:41 Asia/Baghdad] PHP Warning:  Constant ROOT_PATH already defined in C:\xampp\htdocs\invoicing_system\config.php on line 70
[02-May-2025 18:16:41 Asia/Baghdad] PHP Warning:  Constant MAX_FILE_SIZE already defined in C:\xampp\htdocs\invoicing_system\config.php on line 76
[02-May-2025 18:16:41 Asia/Baghdad] PHP Warning:  Constant ALLOWED_EXTENSIONS already defined in C:\xampp\htdocs\invoicing_system\config.php on line 77
[02-May-2025 18:16:41 Asia/Baghdad] PHP Warning:  ini_set(): Session ini settings cannot be changed when a session is active in C:\xampp\htdocs\invoicing_system\config.php on line 130
[02-May-2025 18:16:41 Asia/Baghdad] PHP Warning:  ini_set(): Session ini settings cannot be changed when a session is active in C:\xampp\htdocs\invoicing_system\config.php on line 228
[02-May-2025 18:16:41 Asia/Baghdad] PHP Parse error:  syntax error, unexpected token "<", expecting end of file in C:\xampp\htdocs\invoicing_system\database.php on line 6
[02-May-2025 18:16:58 Asia/Baghdad] PHP Warning:  Constant DB_HOST already defined in C:\xampp\htdocs\invoicing_system\config.php on line 58
[02-May-2025 18:16:58 Asia/Baghdad] PHP Warning:  Constant DB_USER already defined in C:\xampp\htdocs\invoicing_system\config.php on line 59
[02-May-2025 18:16:58 Asia/Baghdad] PHP Warning:  Constant DB_PASS already defined in C:\xampp\htdocs\invoicing_system\config.php on line 60
[02-May-2025 18:16:58 Asia/Baghdad] PHP Warning:  Constant DB_NAME already defined in C:\xampp\htdocs\invoicing_system\config.php on line 61
[02-May-2025 18:16:58 Asia/Baghdad] PHP Warning:  Constant SITE_NAME already defined in C:\xampp\htdocs\invoicing_system\config.php on line 65
[02-May-2025 18:16:58 Asia/Baghdad] PHP Warning:  Constant ROOT_PATH already defined in C:\xampp\htdocs\invoicing_system\config.php on line 70
[02-May-2025 18:16:58 Asia/Baghdad] PHP Warning:  Constant MAX_FILE_SIZE already defined in C:\xampp\htdocs\invoicing_system\config.php on line 76
[02-May-2025 18:16:58 Asia/Baghdad] PHP Warning:  Constant ALLOWED_EXTENSIONS already defined in C:\xampp\htdocs\invoicing_system\config.php on line 77
[02-May-2025 18:16:58 Asia/Baghdad] PHP Warning:  ini_set(): Session ini settings cannot be changed when a session is active in C:\xampp\htdocs\invoicing_system\config.php on line 228
[02-May-2025 18:16:58 Asia/Baghdad] PHP Parse error:  syntax error, unexpected token "<", expecting end of file in C:\xampp\htdocs\invoicing_system\database.php on line 6
[02-May-2025 18:16:59 Asia/Baghdad] PHP Warning:  Constant DB_HOST already defined in C:\xampp\htdocs\invoicing_system\config.php on line 58
[02-May-2025 18:16:59 Asia/Baghdad] PHP Warning:  Constant DB_USER already defined in C:\xampp\htdocs\invoicing_system\config.php on line 59
[02-May-2025 18:16:59 Asia/Baghdad] PHP Warning:  Constant DB_PASS already defined in C:\xampp\htdocs\invoicing_system\config.php on line 60
[02-May-2025 18:16:59 Asia/Baghdad] PHP Warning:  Constant DB_NAME already defined in C:\xampp\htdocs\invoicing_system\config.php on line 61
[02-May-2025 18:16:59 Asia/Baghdad] PHP Warning:  Constant SITE_NAME already defined in C:\xampp\htdocs\invoicing_system\config.php on line 65
[02-May-2025 18:16:59 Asia/Baghdad] PHP Warning:  Constant ROOT_PATH already defined in C:\xampp\htdocs\invoicing_system\config.php on line 70
[02-May-2025 18:16:59 Asia/Baghdad] PHP Warning:  Constant MAX_FILE_SIZE already defined in C:\xampp\htdocs\invoicing_system\config.php on line 76
[02-May-2025 18:16:59 Asia/Baghdad] PHP Warning:  Constant ALLOWED_EXTENSIONS already defined in C:\xampp\htdocs\invoicing_system\config.php on line 77
[02-May-2025 18:16:59 Asia/Baghdad] PHP Warning:  ini_set(): Session ini settings cannot be changed when a session is active in C:\xampp\htdocs\invoicing_system\config.php on line 228
[02-May-2025 18:16:59 Asia/Baghdad] PHP Parse error:  syntax error, unexpected token "<", expecting end of file in C:\xampp\htdocs\invoicing_system\database.php on line 6
[02-May-2025 18:18:39 Asia/Baghdad] PHP Warning:  Constant DB_HOST already defined in C:\xampp\htdocs\invoicing_system\config.php on line 58
[02-May-2025 18:18:39 Asia/Baghdad] PHP Warning:  Constant DB_USER already defined in C:\xampp\htdocs\invoicing_system\config.php on line 59
[02-May-2025 18:18:39 Asia/Baghdad] PHP Warning:  Constant DB_PASS already defined in C:\xampp\htdocs\invoicing_system\config.php on line 60
[02-May-2025 18:18:39 Asia/Baghdad] PHP Warning:  Constant DB_NAME already defined in C:\xampp\htdocs\invoicing_system\config.php on line 61
[02-May-2025 18:18:39 Asia/Baghdad] PHP Warning:  Constant SITE_NAME already defined in C:\xampp\htdocs\invoicing_system\config.php on line 65
[02-May-2025 18:18:39 Asia/Baghdad] PHP Warning:  Constant ROOT_PATH already defined in C:\xampp\htdocs\invoicing_system\config.php on line 70
[02-May-2025 18:18:39 Asia/Baghdad] PHP Warning:  Constant MAX_FILE_SIZE already defined in C:\xampp\htdocs\invoicing_system\config.php on line 76
[02-May-2025 18:18:39 Asia/Baghdad] PHP Warning:  Constant ALLOWED_EXTENSIONS already defined in C:\xampp\htdocs\invoicing_system\config.php on line 77
[02-May-2025 18:18:39 Asia/Baghdad] PHP Warning:  ini_set(): Session ini settings cannot be changed when a session is active in C:\xampp\htdocs\invoicing_system\config.php on line 228
[02-May-2025 18:18:39 Asia/Baghdad] PHP Parse error:  syntax error, unexpected token "<", expecting end of file in C:\xampp\htdocs\invoicing_system\database.php on line 6
[02-May-2025 18:18:40 Asia/Baghdad] PHP Warning:  Constant DB_HOST already defined in C:\xampp\htdocs\invoicing_system\config.php on line 58
[02-May-2025 18:18:40 Asia/Baghdad] PHP Warning:  Constant DB_USER already defined in C:\xampp\htdocs\invoicing_system\config.php on line 59
[02-May-2025 18:18:40 Asia/Baghdad] PHP Warning:  Constant DB_PASS already defined in C:\xampp\htdocs\invoicing_system\config.php on line 60
[02-May-2025 18:18:40 Asia/Baghdad] PHP Warning:  Constant DB_NAME already defined in C:\xampp\htdocs\invoicing_system\config.php on line 61
[02-May-2025 18:18:40 Asia/Baghdad] PHP Warning:  Constant SITE_NAME already defined in C:\xampp\htdocs\invoicing_system\config.php on line 65
[02-May-2025 18:18:40 Asia/Baghdad] PHP Warning:  Constant ROOT_PATH already defined in C:\xampp\htdocs\invoicing_system\config.php on line 70
[02-May-2025 18:18:40 Asia/Baghdad] PHP Warning:  Constant MAX_FILE_SIZE already defined in C:\xampp\htdocs\invoicing_system\config.php on line 76
[02-May-2025 18:18:40 Asia/Baghdad] PHP Warning:  Constant ALLOWED_EXTENSIONS already defined in C:\xampp\htdocs\invoicing_system\config.php on line 77
[02-May-2025 18:18:40 Asia/Baghdad] PHP Warning:  ini_set(): Session ini settings cannot be changed when a session is active in C:\xampp\htdocs\invoicing_system\config.php on line 228
[02-May-2025 18:18:40 Asia/Baghdad] PHP Parse error:  syntax error, unexpected token "<", expecting end of file in C:\xampp\htdocs\invoicing_system\database.php on line 6
[02-May-2025 18:18:41 Asia/Baghdad] PHP Warning:  Constant DB_HOST already defined in C:\xampp\htdocs\invoicing_system\config.php on line 58
[02-May-2025 18:18:41 Asia/Baghdad] PHP Warning:  Constant DB_USER already defined in C:\xampp\htdocs\invoicing_system\config.php on line 59
[02-May-2025 18:18:41 Asia/Baghdad] PHP Warning:  Constant DB_PASS already defined in C:\xampp\htdocs\invoicing_system\config.php on line 60
[02-May-2025 18:18:41 Asia/Baghdad] PHP Warning:  Constant DB_NAME already defined in C:\xampp\htdocs\invoicing_system\config.php on line 61
[02-May-2025 18:18:41 Asia/Baghdad] PHP Warning:  Constant SITE_NAME already defined in C:\xampp\htdocs\invoicing_system\config.php on line 65
[02-May-2025 18:18:41 Asia/Baghdad] PHP Warning:  Constant ROOT_PATH already defined in C:\xampp\htdocs\invoicing_system\config.php on line 70
[02-May-2025 18:18:41 Asia/Baghdad] PHP Warning:  Constant MAX_FILE_SIZE already defined in C:\xampp\htdocs\invoicing_system\config.php on line 76
[02-May-2025 18:18:41 Asia/Baghdad] PHP Warning:  Constant ALLOWED_EXTENSIONS already defined in C:\xampp\htdocs\invoicing_system\config.php on line 77
[02-May-2025 18:18:41 Asia/Baghdad] PHP Warning:  ini_set(): Session ini settings cannot be changed when a session is active in C:\xampp\htdocs\invoicing_system\config.php on line 228
[02-May-2025 18:18:41 Asia/Baghdad] PHP Parse error:  syntax error, unexpected token "<", expecting end of file in C:\xampp\htdocs\invoicing_system\database.php on line 6
[02-May-2025 18:19:20 Asia/Baghdad] PHP Warning:  Constant DB_HOST already defined in C:\xampp\htdocs\invoicing_system\config.php on line 58
[02-May-2025 18:19:20 Asia/Baghdad] PHP Warning:  Constant DB_USER already defined in C:\xampp\htdocs\invoicing_system\config.php on line 59
[02-May-2025 18:19:20 Asia/Baghdad] PHP Warning:  Constant DB_PASS already defined in C:\xampp\htdocs\invoicing_system\config.php on line 60
[02-May-2025 18:19:20 Asia/Baghdad] PHP Warning:  Constant DB_NAME already defined in C:\xampp\htdocs\invoicing_system\config.php on line 61
[02-May-2025 18:19:20 Asia/Baghdad] PHP Warning:  Constant SITE_NAME already defined in C:\xampp\htdocs\invoicing_system\config.php on line 65
[02-May-2025 18:19:20 Asia/Baghdad] PHP Warning:  Constant ROOT_PATH already defined in C:\xampp\htdocs\invoicing_system\config.php on line 70
[02-May-2025 18:19:20 Asia/Baghdad] PHP Warning:  Constant MAX_FILE_SIZE already defined in C:\xampp\htdocs\invoicing_system\config.php on line 76
[02-May-2025 18:19:20 Asia/Baghdad] PHP Warning:  Constant ALLOWED_EXTENSIONS already defined in C:\xampp\htdocs\invoicing_system\config.php on line 77
[02-May-2025 18:19:20 Asia/Baghdad] PHP Warning:  ini_set(): Session ini settings cannot be changed when a session is active in C:\xampp\htdocs\invoicing_system\config.php on line 228
[02-May-2025 18:19:20 Asia/Baghdad] PHP Parse error:  syntax error, unexpected token "<", expecting end of file in C:\xampp\htdocs\invoicing_system\database.php on line 6
[02-May-2025 18:19:20 Asia/Baghdad] PHP Warning:  Constant DB_HOST already defined in C:\xampp\htdocs\invoicing_system\config.php on line 58
[02-May-2025 18:19:20 Asia/Baghdad] PHP Warning:  Constant DB_USER already defined in C:\xampp\htdocs\invoicing_system\config.php on line 59
[02-May-2025 18:19:20 Asia/Baghdad] PHP Warning:  Constant DB_PASS already defined in C:\xampp\htdocs\invoicing_system\config.php on line 60
[02-May-2025 18:19:20 Asia/Baghdad] PHP Warning:  Constant DB_NAME already defined in C:\xampp\htdocs\invoicing_system\config.php on line 61
[02-May-2025 18:19:20 Asia/Baghdad] PHP Warning:  Constant SITE_NAME already defined in C:\xampp\htdocs\invoicing_system\config.php on line 65
[02-May-2025 18:19:20 Asia/Baghdad] PHP Warning:  Constant ROOT_PATH already defined in C:\xampp\htdocs\invoicing_system\config.php on line 70
[02-May-2025 18:19:20 Asia/Baghdad] PHP Warning:  Constant MAX_FILE_SIZE already defined in C:\xampp\htdocs\invoicing_system\config.php on line 76
[02-May-2025 18:19:20 Asia/Baghdad] PHP Warning:  Constant ALLOWED_EXTENSIONS already defined in C:\xampp\htdocs\invoicing_system\config.php on line 77
[02-May-2025 18:19:20 Asia/Baghdad] PHP Warning:  ini_set(): Session ini settings cannot be changed when a session is active in C:\xampp\htdocs\invoicing_system\config.php on line 228
[02-May-2025 18:19:20 Asia/Baghdad] PHP Parse error:  syntax error, unexpected token "<", expecting end of file in C:\xampp\htdocs\invoicing_system\database.php on line 6
[02-May-2025 18:19:20 Asia/Baghdad] PHP Warning:  Constant DB_HOST already defined in C:\xampp\htdocs\invoicing_system\config.php on line 58
[02-May-2025 18:19:20 Asia/Baghdad] PHP Warning:  Constant DB_USER already defined in C:\xampp\htdocs\invoicing_system\config.php on line 59
[02-May-2025 18:19:20 Asia/Baghdad] PHP Warning:  Constant DB_PASS already defined in C:\xampp\htdocs\invoicing_system\config.php on line 60
[02-May-2025 18:19:20 Asia/Baghdad] PHP Warning:  Constant DB_NAME already defined in C:\xampp\htdocs\invoicing_system\config.php on line 61
[02-May-2025 18:19:20 Asia/Baghdad] PHP Warning:  Constant SITE_NAME already defined in C:\xampp\htdocs\invoicing_system\config.php on line 65
[02-May-2025 18:19:20 Asia/Baghdad] PHP Warning:  Constant ROOT_PATH already defined in C:\xampp\htdocs\invoicing_system\config.php on line 70
[02-May-2025 18:19:20 Asia/Baghdad] PHP Warning:  Constant MAX_FILE_SIZE already defined in C:\xampp\htdocs\invoicing_system\config.php on line 76
[02-May-2025 18:19:20 Asia/Baghdad] PHP Warning:  Constant ALLOWED_EXTENSIONS already defined in C:\xampp\htdocs\invoicing_system\config.php on line 77
[02-May-2025 18:19:20 Asia/Baghdad] PHP Warning:  ini_set(): Session ini settings cannot be changed when a session is active in C:\xampp\htdocs\invoicing_system\config.php on line 228
[02-May-2025 18:19:20 Asia/Baghdad] PHP Parse error:  syntax error, unexpected token "<", expecting end of file in C:\xampp\htdocs\invoicing_system\database.php on line 6
[02-May-2025 18:19:37 Asia/Baghdad] PHP Warning:  Constant DB_HOST already defined in C:\xampp\htdocs\invoicing_system\config.php on line 57
[02-May-2025 18:19:37 Asia/Baghdad] PHP Warning:  Constant DB_USER already defined in C:\xampp\htdocs\invoicing_system\config.php on line 58
[02-May-2025 18:19:37 Asia/Baghdad] PHP Warning:  Constant DB_PASS already defined in C:\xampp\htdocs\invoicing_system\config.php on line 59
[02-May-2025 18:19:37 Asia/Baghdad] PHP Warning:  Constant DB_NAME already defined in C:\xampp\htdocs\invoicing_system\config.php on line 60
[02-May-2025 18:19:37 Asia/Baghdad] PHP Warning:  Constant SITE_NAME already defined in C:\xampp\htdocs\invoicing_system\config.php on line 64
[02-May-2025 18:19:37 Asia/Baghdad] PHP Warning:  Constant ROOT_PATH already defined in C:\xampp\htdocs\invoicing_system\config.php on line 69
[02-May-2025 18:19:37 Asia/Baghdad] PHP Warning:  Constant MAX_FILE_SIZE already defined in C:\xampp\htdocs\invoicing_system\config.php on line 75
[02-May-2025 18:19:37 Asia/Baghdad] PHP Warning:  Constant ALLOWED_EXTENSIONS already defined in C:\xampp\htdocs\invoicing_system\config.php on line 76
[02-May-2025 18:19:37 Asia/Baghdad] PHP Warning:  ini_set(): Session ini settings cannot be changed when a session is active in C:\xampp\htdocs\invoicing_system\config.php on line 227
[02-May-2025 18:19:37 Asia/Baghdad] PHP Parse error:  syntax error, unexpected token "<", expecting end of file in C:\xampp\htdocs\invoicing_system\database.php on line 6
[02-May-2025 18:19:37 Asia/Baghdad] PHP Warning:  Constant DB_HOST already defined in C:\xampp\htdocs\invoicing_system\config.php on line 57
[02-May-2025 18:19:37 Asia/Baghdad] PHP Warning:  Constant DB_USER already defined in C:\xampp\htdocs\invoicing_system\config.php on line 58
[02-May-2025 18:19:37 Asia/Baghdad] PHP Warning:  Constant DB_PASS already defined in C:\xampp\htdocs\invoicing_system\config.php on line 59
[02-May-2025 18:19:37 Asia/Baghdad] PHP Warning:  Constant DB_NAME already defined in C:\xampp\htdocs\invoicing_system\config.php on line 60
[02-May-2025 18:19:37 Asia/Baghdad] PHP Warning:  Constant SITE_NAME already defined in C:\xampp\htdocs\invoicing_system\config.php on line 64
[02-May-2025 18:19:37 Asia/Baghdad] PHP Warning:  Constant ROOT_PATH already defined in C:\xampp\htdocs\invoicing_system\config.php on line 69
[02-May-2025 18:19:37 Asia/Baghdad] PHP Warning:  Constant MAX_FILE_SIZE already defined in C:\xampp\htdocs\invoicing_system\config.php on line 75
[02-May-2025 18:19:37 Asia/Baghdad] PHP Warning:  Constant ALLOWED_EXTENSIONS already defined in C:\xampp\htdocs\invoicing_system\config.php on line 76
[02-May-2025 18:19:37 Asia/Baghdad] PHP Warning:  ini_set(): Session ini settings cannot be changed when a session is active in C:\xampp\htdocs\invoicing_system\config.php on line 227
[02-May-2025 18:19:37 Asia/Baghdad] PHP Parse error:  syntax error, unexpected token "<", expecting end of file in C:\xampp\htdocs\invoicing_system\database.php on line 6
[02-May-2025 18:19:38 Asia/Baghdad] PHP Warning:  Constant DB_HOST already defined in C:\xampp\htdocs\invoicing_system\config.php on line 57
[02-May-2025 18:19:38 Asia/Baghdad] PHP Warning:  Constant DB_USER already defined in C:\xampp\htdocs\invoicing_system\config.php on line 58
[02-May-2025 18:19:38 Asia/Baghdad] PHP Warning:  Constant DB_PASS already defined in C:\xampp\htdocs\invoicing_system\config.php on line 59
[02-May-2025 18:19:38 Asia/Baghdad] PHP Warning:  Constant DB_NAME already defined in C:\xampp\htdocs\invoicing_system\config.php on line 60
[02-May-2025 18:19:38 Asia/Baghdad] PHP Warning:  Constant SITE_NAME already defined in C:\xampp\htdocs\invoicing_system\config.php on line 64
[02-May-2025 18:19:38 Asia/Baghdad] PHP Warning:  Constant ROOT_PATH already defined in C:\xampp\htdocs\invoicing_system\config.php on line 69
[02-May-2025 18:19:38 Asia/Baghdad] PHP Warning:  Constant MAX_FILE_SIZE already defined in C:\xampp\htdocs\invoicing_system\config.php on line 75
[02-May-2025 18:19:38 Asia/Baghdad] PHP Warning:  Constant ALLOWED_EXTENSIONS already defined in C:\xampp\htdocs\invoicing_system\config.php on line 76
[02-May-2025 18:19:38 Asia/Baghdad] PHP Warning:  ini_set(): Session ini settings cannot be changed when a session is active in C:\xampp\htdocs\invoicing_system\config.php on line 227
[02-May-2025 18:19:38 Asia/Baghdad] PHP Parse error:  syntax error, unexpected token "<", expecting end of file in C:\xampp\htdocs\invoicing_system\database.php on line 6
[02-May-2025 18:20:13 Asia/Baghdad] PHP Warning:  Constant DB_HOST already defined in C:\xampp\htdocs\invoicing_system\config.php on line 58
[02-May-2025 18:20:13 Asia/Baghdad] PHP Warning:  Constant DB_USER already defined in C:\xampp\htdocs\invoicing_system\config.php on line 59
[02-May-2025 18:20:13 Asia/Baghdad] PHP Warning:  Constant DB_PASS already defined in C:\xampp\htdocs\invoicing_system\config.php on line 60
[02-May-2025 18:20:13 Asia/Baghdad] PHP Warning:  Constant DB_NAME already defined in C:\xampp\htdocs\invoicing_system\config.php on line 61
[02-May-2025 18:20:13 Asia/Baghdad] PHP Warning:  Constant SITE_NAME already defined in C:\xampp\htdocs\invoicing_system\config.php on line 65
[02-May-2025 18:20:13 Asia/Baghdad] PHP Warning:  Constant ROOT_PATH already defined in C:\xampp\htdocs\invoicing_system\config.php on line 70
[02-May-2025 18:20:13 Asia/Baghdad] PHP Warning:  Constant MAX_FILE_SIZE already defined in C:\xampp\htdocs\invoicing_system\config.php on line 76
[02-May-2025 18:20:13 Asia/Baghdad] PHP Warning:  Constant ALLOWED_EXTENSIONS already defined in C:\xampp\htdocs\invoicing_system\config.php on line 77
[02-May-2025 18:20:13 Asia/Baghdad] PHP Warning:  ini_set(): Session ini settings cannot be changed when a session is active in C:\xampp\htdocs\invoicing_system\config.php on line 228
[02-May-2025 18:20:13 Asia/Baghdad] PHP Parse error:  syntax error, unexpected token "<", expecting end of file in C:\xampp\htdocs\invoicing_system\database.php on line 6
[02-May-2025 18:20:13 Asia/Baghdad] PHP Warning:  Constant DB_HOST already defined in C:\xampp\htdocs\invoicing_system\config.php on line 58
[02-May-2025 18:20:13 Asia/Baghdad] PHP Warning:  Constant DB_USER already defined in C:\xampp\htdocs\invoicing_system\config.php on line 59
[02-May-2025 18:20:13 Asia/Baghdad] PHP Warning:  Constant DB_PASS already defined in C:\xampp\htdocs\invoicing_system\config.php on line 60
[02-May-2025 18:20:13 Asia/Baghdad] PHP Warning:  Constant DB_NAME already defined in C:\xampp\htdocs\invoicing_system\config.php on line 61
[02-May-2025 18:20:13 Asia/Baghdad] PHP Warning:  Constant SITE_NAME already defined in C:\xampp\htdocs\invoicing_system\config.php on line 65
[02-May-2025 18:20:13 Asia/Baghdad] PHP Warning:  Constant ROOT_PATH already defined in C:\xampp\htdocs\invoicing_system\config.php on line 70
[02-May-2025 18:20:13 Asia/Baghdad] PHP Warning:  Constant MAX_FILE_SIZE already defined in C:\xampp\htdocs\invoicing_system\config.php on line 76
[02-May-2025 18:20:13 Asia/Baghdad] PHP Warning:  Constant ALLOWED_EXTENSIONS already defined in C:\xampp\htdocs\invoicing_system\config.php on line 77
[02-May-2025 18:20:13 Asia/Baghdad] PHP Warning:  ini_set(): Session ini settings cannot be changed when a session is active in C:\xampp\htdocs\invoicing_system\config.php on line 228
[02-May-2025 18:20:13 Asia/Baghdad] PHP Parse error:  syntax error, unexpected token "<", expecting end of file in C:\xampp\htdocs\invoicing_system\database.php on line 6
[02-May-2025 18:20:14 Asia/Baghdad] PHP Warning:  Constant DB_HOST already defined in C:\xampp\htdocs\invoicing_system\config.php on line 58
[02-May-2025 18:20:14 Asia/Baghdad] PHP Warning:  Constant DB_USER already defined in C:\xampp\htdocs\invoicing_system\config.php on line 59
[02-May-2025 18:20:14 Asia/Baghdad] PHP Warning:  Constant DB_PASS already defined in C:\xampp\htdocs\invoicing_system\config.php on line 60
[02-May-2025 18:20:14 Asia/Baghdad] PHP Warning:  Constant DB_NAME already defined in C:\xampp\htdocs\invoicing_system\config.php on line 61
[02-May-2025 18:20:14 Asia/Baghdad] PHP Warning:  Constant SITE_NAME already defined in C:\xampp\htdocs\invoicing_system\config.php on line 65
[02-May-2025 18:20:14 Asia/Baghdad] PHP Warning:  Constant ROOT_PATH already defined in C:\xampp\htdocs\invoicing_system\config.php on line 70
[02-May-2025 18:20:14 Asia/Baghdad] PHP Warning:  Constant MAX_FILE_SIZE already defined in C:\xampp\htdocs\invoicing_system\config.php on line 76
[02-May-2025 18:20:14 Asia/Baghdad] PHP Warning:  Constant ALLOWED_EXTENSIONS already defined in C:\xampp\htdocs\invoicing_system\config.php on line 77
[02-May-2025 18:20:14 Asia/Baghdad] PHP Warning:  ini_set(): Session ini settings cannot be changed when a session is active in C:\xampp\htdocs\invoicing_system\config.php on line 228
[02-May-2025 18:20:14 Asia/Baghdad] PHP Parse error:  syntax error, unexpected token "<", expecting end of file in C:\xampp\htdocs\invoicing_system\database.php on line 6
[02-May-2025 18:20:14 Asia/Baghdad] PHP Warning:  Constant DB_HOST already defined in C:\xampp\htdocs\invoicing_system\config.php on line 58
[02-May-2025 18:20:14 Asia/Baghdad] PHP Warning:  Constant DB_USER already defined in C:\xampp\htdocs\invoicing_system\config.php on line 59
[02-May-2025 18:20:14 Asia/Baghdad] PHP Warning:  Constant DB_PASS already defined in C:\xampp\htdocs\invoicing_system\config.php on line 60
[02-May-2025 18:20:14 Asia/Baghdad] PHP Warning:  Constant DB_NAME already defined in C:\xampp\htdocs\invoicing_system\config.php on line 61
[02-May-2025 18:20:14 Asia/Baghdad] PHP Warning:  Constant SITE_NAME already defined in C:\xampp\htdocs\invoicing_system\config.php on line 65
[02-May-2025 18:20:14 Asia/Baghdad] PHP Warning:  Constant ROOT_PATH already defined in C:\xampp\htdocs\invoicing_system\config.php on line 70
[02-May-2025 18:20:14 Asia/Baghdad] PHP Warning:  Constant MAX_FILE_SIZE already defined in C:\xampp\htdocs\invoicing_system\config.php on line 76
[02-May-2025 18:20:14 Asia/Baghdad] PHP Warning:  Constant ALLOWED_EXTENSIONS already defined in C:\xampp\htdocs\invoicing_system\config.php on line 77
[02-May-2025 18:20:14 Asia/Baghdad] PHP Warning:  ini_set(): Session ini settings cannot be changed when a session is active in C:\xampp\htdocs\invoicing_system\config.php on line 228
[02-May-2025 18:20:14 Asia/Baghdad] PHP Parse error:  syntax error, unexpected token "<", expecting end of file in C:\xampp\htdocs\invoicing_system\database.php on line 6
[02-May-2025 18:20:37 Asia/Baghdad] PHP Warning:  Constant DB_HOST already defined in C:\xampp\htdocs\invoicing_system\config.php on line 58
[02-May-2025 18:20:37 Asia/Baghdad] PHP Warning:  Constant DB_USER already defined in C:\xampp\htdocs\invoicing_system\config.php on line 59
[02-May-2025 18:20:37 Asia/Baghdad] PHP Warning:  Constant DB_PASS already defined in C:\xampp\htdocs\invoicing_system\config.php on line 60
[02-May-2025 18:20:37 Asia/Baghdad] PHP Warning:  Constant DB_NAME already defined in C:\xampp\htdocs\invoicing_system\config.php on line 61
[02-May-2025 18:20:37 Asia/Baghdad] PHP Warning:  Constant SITE_NAME already defined in C:\xampp\htdocs\invoicing_system\config.php on line 65
[02-May-2025 18:20:37 Asia/Baghdad] PHP Warning:  Constant ROOT_PATH already defined in C:\xampp\htdocs\invoicing_system\config.php on line 70
[02-May-2025 18:20:37 Asia/Baghdad] PHP Warning:  Constant MAX_FILE_SIZE already defined in C:\xampp\htdocs\invoicing_system\config.php on line 76
[02-May-2025 18:20:37 Asia/Baghdad] PHP Warning:  Constant ALLOWED_EXTENSIONS already defined in C:\xampp\htdocs\invoicing_system\config.php on line 77
[02-May-2025 18:20:37 Asia/Baghdad] PHP Warning:  ini_set(): Session ini settings cannot be changed when a session is active in C:\xampp\htdocs\invoicing_system\config.php on line 130
[02-May-2025 18:20:37 Asia/Baghdad] PHP Notice:  session_start(): Ignoring session_start() because a session is already active in C:\xampp\htdocs\invoicing_system\config.php on line 131
[02-May-2025 18:20:37 Asia/Baghdad] PHP Warning:  ini_set(): Session ini settings cannot be changed when a session is active in C:\xampp\htdocs\invoicing_system\config.php on line 228
[02-May-2025 18:20:37 Asia/Baghdad] PHP Parse error:  syntax error, unexpected token "<", expecting end of file in C:\xampp\htdocs\invoicing_system\database.php on line 6
[02-May-2025 18:21:28 Asia/Baghdad] PHP Warning:  Constant DB_HOST already defined in C:\xampp\htdocs\invoicing_system\config.php on line 58
[02-May-2025 18:21:28 Asia/Baghdad] PHP Warning:  Constant DB_USER already defined in C:\xampp\htdocs\invoicing_system\config.php on line 59
[02-May-2025 18:21:28 Asia/Baghdad] PHP Warning:  Constant DB_PASS already defined in C:\xampp\htdocs\invoicing_system\config.php on line 60
[02-May-2025 18:21:28 Asia/Baghdad] PHP Warning:  Constant DB_NAME already defined in C:\xampp\htdocs\invoicing_system\config.php on line 61
[02-May-2025 18:21:28 Asia/Baghdad] PHP Warning:  Constant SITE_NAME already defined in C:\xampp\htdocs\invoicing_system\config.php on line 65
[02-May-2025 18:21:28 Asia/Baghdad] PHP Warning:  Constant ROOT_PATH already defined in C:\xampp\htdocs\invoicing_system\config.php on line 70
[02-May-2025 18:21:28 Asia/Baghdad] PHP Warning:  Constant MAX_FILE_SIZE already defined in C:\xampp\htdocs\invoicing_system\config.php on line 76
[02-May-2025 18:21:28 Asia/Baghdad] PHP Warning:  Constant ALLOWED_EXTENSIONS already defined in C:\xampp\htdocs\invoicing_system\config.php on line 77
[02-May-2025 18:21:28 Asia/Baghdad] PHP Warning:  ini_set(): Session ini settings cannot be changed when a session is active in C:\xampp\htdocs\invoicing_system\config.php on line 231
[02-May-2025 18:21:28 Asia/Baghdad] PHP Parse error:  syntax error, unexpected token "<", expecting end of file in C:\xampp\htdocs\invoicing_system\database.php on line 6
[02-May-2025 18:21:29 Asia/Baghdad] PHP Warning:  Constant DB_HOST already defined in C:\xampp\htdocs\invoicing_system\config.php on line 58
[02-May-2025 18:21:29 Asia/Baghdad] PHP Warning:  Constant DB_USER already defined in C:\xampp\htdocs\invoicing_system\config.php on line 59
[02-May-2025 18:21:29 Asia/Baghdad] PHP Warning:  Constant DB_PASS already defined in C:\xampp\htdocs\invoicing_system\config.php on line 60
[02-May-2025 18:21:29 Asia/Baghdad] PHP Warning:  Constant DB_NAME already defined in C:\xampp\htdocs\invoicing_system\config.php on line 61
[02-May-2025 18:21:29 Asia/Baghdad] PHP Warning:  Constant SITE_NAME already defined in C:\xampp\htdocs\invoicing_system\config.php on line 65
[02-May-2025 18:21:29 Asia/Baghdad] PHP Warning:  Constant ROOT_PATH already defined in C:\xampp\htdocs\invoicing_system\config.php on line 70
[02-May-2025 18:21:29 Asia/Baghdad] PHP Warning:  Constant MAX_FILE_SIZE already defined in C:\xampp\htdocs\invoicing_system\config.php on line 76
[02-May-2025 18:21:29 Asia/Baghdad] PHP Warning:  Constant ALLOWED_EXTENSIONS already defined in C:\xampp\htdocs\invoicing_system\config.php on line 77
[02-May-2025 18:21:29 Asia/Baghdad] PHP Warning:  ini_set(): Session ini settings cannot be changed when a session is active in C:\xampp\htdocs\invoicing_system\config.php on line 231
[02-May-2025 18:21:29 Asia/Baghdad] PHP Parse error:  syntax error, unexpected token "<", expecting end of file in C:\xampp\htdocs\invoicing_system\database.php on line 6
[02-May-2025 18:21:29 Asia/Baghdad] PHP Warning:  Constant DB_HOST already defined in C:\xampp\htdocs\invoicing_system\config.php on line 58
[02-May-2025 18:21:29 Asia/Baghdad] PHP Warning:  Constant DB_USER already defined in C:\xampp\htdocs\invoicing_system\config.php on line 59
[02-May-2025 18:21:29 Asia/Baghdad] PHP Warning:  Constant DB_PASS already defined in C:\xampp\htdocs\invoicing_system\config.php on line 60
[02-May-2025 18:21:29 Asia/Baghdad] PHP Warning:  Constant DB_NAME already defined in C:\xampp\htdocs\invoicing_system\config.php on line 61
[02-May-2025 18:21:29 Asia/Baghdad] PHP Warning:  Constant SITE_NAME already defined in C:\xampp\htdocs\invoicing_system\config.php on line 65
[02-May-2025 18:21:29 Asia/Baghdad] PHP Warning:  Constant ROOT_PATH already defined in C:\xampp\htdocs\invoicing_system\config.php on line 70
[02-May-2025 18:21:29 Asia/Baghdad] PHP Warning:  Constant MAX_FILE_SIZE already defined in C:\xampp\htdocs\invoicing_system\config.php on line 76
[02-May-2025 18:21:29 Asia/Baghdad] PHP Warning:  Constant ALLOWED_EXTENSIONS already defined in C:\xampp\htdocs\invoicing_system\config.php on line 77
[02-May-2025 18:21:29 Asia/Baghdad] PHP Warning:  ini_set(): Session ini settings cannot be changed when a session is active in C:\xampp\htdocs\invoicing_system\config.php on line 231
[02-May-2025 18:21:29 Asia/Baghdad] PHP Parse error:  syntax error, unexpected token "<", expecting end of file in C:\xampp\htdocs\invoicing_system\database.php on line 6
[02-May-2025 18:21:29 Asia/Baghdad] PHP Warning:  Constant DB_HOST already defined in C:\xampp\htdocs\invoicing_system\config.php on line 58
[02-May-2025 18:21:29 Asia/Baghdad] PHP Warning:  Constant DB_USER already defined in C:\xampp\htdocs\invoicing_system\config.php on line 59
[02-May-2025 18:21:29 Asia/Baghdad] PHP Warning:  Constant DB_PASS already defined in C:\xampp\htdocs\invoicing_system\config.php on line 60
[02-May-2025 18:21:29 Asia/Baghdad] PHP Warning:  Constant DB_NAME already defined in C:\xampp\htdocs\invoicing_system\config.php on line 61
[02-May-2025 18:21:29 Asia/Baghdad] PHP Warning:  Constant SITE_NAME already defined in C:\xampp\htdocs\invoicing_system\config.php on line 65
[02-May-2025 18:21:29 Asia/Baghdad] PHP Warning:  Constant ROOT_PATH already defined in C:\xampp\htdocs\invoicing_system\config.php on line 70
[02-May-2025 18:21:29 Asia/Baghdad] PHP Warning:  Constant MAX_FILE_SIZE already defined in C:\xampp\htdocs\invoicing_system\config.php on line 76
[02-May-2025 18:21:29 Asia/Baghdad] PHP Warning:  Constant ALLOWED_EXTENSIONS already defined in C:\xampp\htdocs\invoicing_system\config.php on line 77
[02-May-2025 18:21:29 Asia/Baghdad] PHP Warning:  ini_set(): Session ini settings cannot be changed when a session is active in C:\xampp\htdocs\invoicing_system\config.php on line 231
[02-May-2025 18:21:29 Asia/Baghdad] PHP Parse error:  syntax error, unexpected token "<", expecting end of file in C:\xampp\htdocs\invoicing_system\database.php on line 6
[02-May-2025 18:21:29 Asia/Baghdad] PHP Warning:  Constant DB_HOST already defined in C:\xampp\htdocs\invoicing_system\config.php on line 58
[02-May-2025 18:21:29 Asia/Baghdad] PHP Warning:  Constant DB_USER already defined in C:\xampp\htdocs\invoicing_system\config.php on line 59
[02-May-2025 18:21:29 Asia/Baghdad] PHP Warning:  Constant DB_PASS already defined in C:\xampp\htdocs\invoicing_system\config.php on line 60
[02-May-2025 18:21:29 Asia/Baghdad] PHP Warning:  Constant DB_NAME already defined in C:\xampp\htdocs\invoicing_system\config.php on line 61
[02-May-2025 18:21:29 Asia/Baghdad] PHP Warning:  Constant SITE_NAME already defined in C:\xampp\htdocs\invoicing_system\config.php on line 65
[02-May-2025 18:21:29 Asia/Baghdad] PHP Warning:  Constant ROOT_PATH already defined in C:\xampp\htdocs\invoicing_system\config.php on line 70
[02-May-2025 18:21:29 Asia/Baghdad] PHP Warning:  Constant MAX_FILE_SIZE already defined in C:\xampp\htdocs\invoicing_system\config.php on line 76
[02-May-2025 18:21:29 Asia/Baghdad] PHP Warning:  Constant ALLOWED_EXTENSIONS already defined in C:\xampp\htdocs\invoicing_system\config.php on line 77
[02-May-2025 18:21:29 Asia/Baghdad] PHP Warning:  ini_set(): Session ini settings cannot be changed when a session is active in C:\xampp\htdocs\invoicing_system\config.php on line 231
[02-May-2025 18:21:29 Asia/Baghdad] PHP Parse error:  syntax error, unexpected token "<", expecting end of file in C:\xampp\htdocs\invoicing_system\database.php on line 6
[02-May-2025 18:21:29 Asia/Baghdad] PHP Warning:  Constant DB_HOST already defined in C:\xampp\htdocs\invoicing_system\config.php on line 58
[02-May-2025 18:21:29 Asia/Baghdad] PHP Warning:  Constant DB_USER already defined in C:\xampp\htdocs\invoicing_system\config.php on line 59
[02-May-2025 18:21:29 Asia/Baghdad] PHP Warning:  Constant DB_PASS already defined in C:\xampp\htdocs\invoicing_system\config.php on line 60
[02-May-2025 18:21:29 Asia/Baghdad] PHP Warning:  Constant DB_NAME already defined in C:\xampp\htdocs\invoicing_system\config.php on line 61
[02-May-2025 18:21:29 Asia/Baghdad] PHP Warning:  Constant SITE_NAME already defined in C:\xampp\htdocs\invoicing_system\config.php on line 65
[02-May-2025 18:21:29 Asia/Baghdad] PHP Warning:  Constant ROOT_PATH already defined in C:\xampp\htdocs\invoicing_system\config.php on line 70
[02-May-2025 18:21:29 Asia/Baghdad] PHP Warning:  Constant MAX_FILE_SIZE already defined in C:\xampp\htdocs\invoicing_system\config.php on line 76
[02-May-2025 18:21:29 Asia/Baghdad] PHP Warning:  Constant ALLOWED_EXTENSIONS already defined in C:\xampp\htdocs\invoicing_system\config.php on line 77
[02-May-2025 18:21:29 Asia/Baghdad] PHP Warning:  ini_set(): Session ini settings cannot be changed when a session is active in C:\xampp\htdocs\invoicing_system\config.php on line 231
[02-May-2025 18:21:29 Asia/Baghdad] PHP Parse error:  syntax error, unexpected token "<", expecting end of file in C:\xampp\htdocs\invoicing_system\database.php on line 6
[02-May-2025 18:21:30 Asia/Baghdad] PHP Warning:  Constant DB_HOST already defined in C:\xampp\htdocs\invoicing_system\config.php on line 58
[02-May-2025 18:21:30 Asia/Baghdad] PHP Warning:  Constant DB_USER already defined in C:\xampp\htdocs\invoicing_system\config.php on line 59
[02-May-2025 18:21:30 Asia/Baghdad] PHP Warning:  Constant DB_PASS already defined in C:\xampp\htdocs\invoicing_system\config.php on line 60
[02-May-2025 18:21:30 Asia/Baghdad] PHP Warning:  Constant DB_NAME already defined in C:\xampp\htdocs\invoicing_system\config.php on line 61
[02-May-2025 18:21:30 Asia/Baghdad] PHP Warning:  Constant SITE_NAME already defined in C:\xampp\htdocs\invoicing_system\config.php on line 65
[02-May-2025 18:21:30 Asia/Baghdad] PHP Warning:  Constant ROOT_PATH already defined in C:\xampp\htdocs\invoicing_system\config.php on line 70
[02-May-2025 18:21:30 Asia/Baghdad] PHP Warning:  Constant MAX_FILE_SIZE already defined in C:\xampp\htdocs\invoicing_system\config.php on line 76
[02-May-2025 18:21:30 Asia/Baghdad] PHP Warning:  Constant ALLOWED_EXTENSIONS already defined in C:\xampp\htdocs\invoicing_system\config.php on line 77
[02-May-2025 18:21:30 Asia/Baghdad] PHP Warning:  ini_set(): Session ini settings cannot be changed when a session is active in C:\xampp\htdocs\invoicing_system\config.php on line 231
[02-May-2025 18:21:30 Asia/Baghdad] PHP Parse error:  syntax error, unexpected token "<", expecting end of file in C:\xampp\htdocs\invoicing_system\database.php on line 6
[02-May-2025 18:21:31 Asia/Baghdad] PHP Warning:  Constant DB_HOST already defined in C:\xampp\htdocs\invoicing_system\config.php on line 58
[02-May-2025 18:21:31 Asia/Baghdad] PHP Warning:  Constant DB_USER already defined in C:\xampp\htdocs\invoicing_system\config.php on line 59
[02-May-2025 18:21:31 Asia/Baghdad] PHP Warning:  Constant DB_PASS already defined in C:\xampp\htdocs\invoicing_system\config.php on line 60
[02-May-2025 18:21:31 Asia/Baghdad] PHP Warning:  Constant DB_NAME already defined in C:\xampp\htdocs\invoicing_system\config.php on line 61
[02-May-2025 18:21:31 Asia/Baghdad] PHP Warning:  Constant SITE_NAME already defined in C:\xampp\htdocs\invoicing_system\config.php on line 65
[02-May-2025 18:21:31 Asia/Baghdad] PHP Warning:  Constant ROOT_PATH already defined in C:\xampp\htdocs\invoicing_system\config.php on line 70
[02-May-2025 18:21:31 Asia/Baghdad] PHP Warning:  Constant MAX_FILE_SIZE already defined in C:\xampp\htdocs\invoicing_system\config.php on line 76
[02-May-2025 18:21:31 Asia/Baghdad] PHP Warning:  Constant ALLOWED_EXTENSIONS already defined in C:\xampp\htdocs\invoicing_system\config.php on line 77
[02-May-2025 18:21:31 Asia/Baghdad] PHP Warning:  ini_set(): Session ini settings cannot be changed when a session is active in C:\xampp\htdocs\invoicing_system\config.php on line 231
[02-May-2025 18:21:31 Asia/Baghdad] PHP Parse error:  syntax error, unexpected token "<", expecting end of file in C:\xampp\htdocs\invoicing_system\database.php on line 6
[02-May-2025 18:21:32 Asia/Baghdad] PHP Warning:  Constant DB_HOST already defined in C:\xampp\htdocs\invoicing_system\config.php on line 58
[02-May-2025 18:21:32 Asia/Baghdad] PHP Warning:  Constant DB_USER already defined in C:\xampp\htdocs\invoicing_system\config.php on line 59
[02-May-2025 18:21:32 Asia/Baghdad] PHP Warning:  Constant DB_PASS already defined in C:\xampp\htdocs\invoicing_system\config.php on line 60
[02-May-2025 18:21:32 Asia/Baghdad] PHP Warning:  Constant DB_NAME already defined in C:\xampp\htdocs\invoicing_system\config.php on line 61
[02-May-2025 18:21:32 Asia/Baghdad] PHP Warning:  Constant SITE_NAME already defined in C:\xampp\htdocs\invoicing_system\config.php on line 65
[02-May-2025 18:21:32 Asia/Baghdad] PHP Warning:  Constant ROOT_PATH already defined in C:\xampp\htdocs\invoicing_system\config.php on line 70
[02-May-2025 18:21:32 Asia/Baghdad] PHP Warning:  Constant MAX_FILE_SIZE already defined in C:\xampp\htdocs\invoicing_system\config.php on line 76
[02-May-2025 18:21:32 Asia/Baghdad] PHP Warning:  Constant ALLOWED_EXTENSIONS already defined in C:\xampp\htdocs\invoicing_system\config.php on line 77
[02-May-2025 18:21:32 Asia/Baghdad] PHP Warning:  ini_set(): Session ini settings cannot be changed when a session is active in C:\xampp\htdocs\invoicing_system\config.php on line 231
[02-May-2025 18:21:32 Asia/Baghdad] PHP Parse error:  syntax error, unexpected token "<", expecting end of file in C:\xampp\htdocs\invoicing_system\database.php on line 6
[02-May-2025 18:21:32 Asia/Baghdad] PHP Warning:  Constant DB_HOST already defined in C:\xampp\htdocs\invoicing_system\config.php on line 58
[02-May-2025 18:21:32 Asia/Baghdad] PHP Warning:  Constant DB_USER already defined in C:\xampp\htdocs\invoicing_system\config.php on line 59
[02-May-2025 18:21:32 Asia/Baghdad] PHP Warning:  Constant DB_PASS already defined in C:\xampp\htdocs\invoicing_system\config.php on line 60
[02-May-2025 18:21:32 Asia/Baghdad] PHP Warning:  Constant DB_NAME already defined in C:\xampp\htdocs\invoicing_system\config.php on line 61
[02-May-2025 18:21:32 Asia/Baghdad] PHP Warning:  Constant SITE_NAME already defined in C:\xampp\htdocs\invoicing_system\config.php on line 65
[02-May-2025 18:21:32 Asia/Baghdad] PHP Warning:  Constant ROOT_PATH already defined in C:\xampp\htdocs\invoicing_system\config.php on line 70
[02-May-2025 18:21:32 Asia/Baghdad] PHP Warning:  Constant MAX_FILE_SIZE already defined in C:\xampp\htdocs\invoicing_system\config.php on line 76
[02-May-2025 18:21:32 Asia/Baghdad] PHP Warning:  Constant ALLOWED_EXTENSIONS already defined in C:\xampp\htdocs\invoicing_system\config.php on line 77
[02-May-2025 18:21:32 Asia/Baghdad] PHP Warning:  ini_set(): Session ini settings cannot be changed when a session is active in C:\xampp\htdocs\invoicing_system\config.php on line 231
[02-May-2025 18:21:32 Asia/Baghdad] PHP Parse error:  syntax error, unexpected token "<", expecting end of file in C:\xampp\htdocs\invoicing_system\database.php on line 6
[02-May-2025 18:21:32 Asia/Baghdad] PHP Warning:  Constant DB_HOST already defined in C:\xampp\htdocs\invoicing_system\config.php on line 58
[02-May-2025 18:21:32 Asia/Baghdad] PHP Warning:  Constant DB_USER already defined in C:\xampp\htdocs\invoicing_system\config.php on line 59
[02-May-2025 18:21:32 Asia/Baghdad] PHP Warning:  Constant DB_PASS already defined in C:\xampp\htdocs\invoicing_system\config.php on line 60
[02-May-2025 18:21:32 Asia/Baghdad] PHP Warning:  Constant DB_NAME already defined in C:\xampp\htdocs\invoicing_system\config.php on line 61
[02-May-2025 18:21:32 Asia/Baghdad] PHP Warning:  Constant SITE_NAME already defined in C:\xampp\htdocs\invoicing_system\config.php on line 65
[02-May-2025 18:21:32 Asia/Baghdad] PHP Warning:  Constant ROOT_PATH already defined in C:\xampp\htdocs\invoicing_system\config.php on line 70
[02-May-2025 18:21:32 Asia/Baghdad] PHP Warning:  Constant MAX_FILE_SIZE already defined in C:\xampp\htdocs\invoicing_system\config.php on line 76
[02-May-2025 18:21:32 Asia/Baghdad] PHP Warning:  Constant ALLOWED_EXTENSIONS already defined in C:\xampp\htdocs\invoicing_system\config.php on line 77
[02-May-2025 18:21:32 Asia/Baghdad] PHP Warning:  ini_set(): Session ini settings cannot be changed when a session is active in C:\xampp\htdocs\invoicing_system\config.php on line 231
[02-May-2025 18:21:32 Asia/Baghdad] PHP Parse error:  syntax error, unexpected token "<", expecting end of file in C:\xampp\htdocs\invoicing_system\database.php on line 6
[02-May-2025 18:22:09 Asia/Baghdad] PHP Warning:  Constant DB_HOST already defined in C:\xampp\htdocs\invoicing_system\config.php on line 58
[02-May-2025 18:22:09 Asia/Baghdad] PHP Warning:  Constant DB_USER already defined in C:\xampp\htdocs\invoicing_system\config.php on line 59
[02-May-2025 18:22:09 Asia/Baghdad] PHP Warning:  Constant DB_PASS already defined in C:\xampp\htdocs\invoicing_system\config.php on line 60
[02-May-2025 18:22:09 Asia/Baghdad] PHP Warning:  Constant DB_NAME already defined in C:\xampp\htdocs\invoicing_system\config.php on line 61
[02-May-2025 18:22:09 Asia/Baghdad] PHP Warning:  Constant SITE_NAME already defined in C:\xampp\htdocs\invoicing_system\config.php on line 65
[02-May-2025 18:22:09 Asia/Baghdad] PHP Warning:  Constant ROOT_PATH already defined in C:\xampp\htdocs\invoicing_system\config.php on line 70
[02-May-2025 18:22:09 Asia/Baghdad] PHP Warning:  Constant MAX_FILE_SIZE already defined in C:\xampp\htdocs\invoicing_system\config.php on line 76
[02-May-2025 18:22:09 Asia/Baghdad] PHP Warning:  Constant ALLOWED_EXTENSIONS already defined in C:\xampp\htdocs\invoicing_system\config.php on line 77
[02-May-2025 18:22:09 Asia/Baghdad] PHP Warning:  ini_set(): Session ini settings cannot be changed when a session is active in C:\xampp\htdocs\invoicing_system\config.php on line 231
[02-May-2025 18:22:09 Asia/Baghdad] PHP Parse error:  syntax error, unexpected token "<", expecting end of file in C:\xampp\htdocs\invoicing_system\database.php on line 6
[02-May-2025 18:22:09 Asia/Baghdad] PHP Warning:  Constant DB_HOST already defined in C:\xampp\htdocs\invoicing_system\config.php on line 58
[02-May-2025 18:22:09 Asia/Baghdad] PHP Warning:  Constant DB_USER already defined in C:\xampp\htdocs\invoicing_system\config.php on line 59
[02-May-2025 18:22:09 Asia/Baghdad] PHP Warning:  Constant DB_PASS already defined in C:\xampp\htdocs\invoicing_system\config.php on line 60
[02-May-2025 18:22:09 Asia/Baghdad] PHP Warning:  Constant DB_NAME already defined in C:\xampp\htdocs\invoicing_system\config.php on line 61
[02-May-2025 18:22:09 Asia/Baghdad] PHP Warning:  Constant SITE_NAME already defined in C:\xampp\htdocs\invoicing_system\config.php on line 65
[02-May-2025 18:22:09 Asia/Baghdad] PHP Warning:  Constant ROOT_PATH already defined in C:\xampp\htdocs\invoicing_system\config.php on line 70
[02-May-2025 18:22:09 Asia/Baghdad] PHP Warning:  Constant MAX_FILE_SIZE already defined in C:\xampp\htdocs\invoicing_system\config.php on line 76
[02-May-2025 18:22:09 Asia/Baghdad] PHP Warning:  Constant ALLOWED_EXTENSIONS already defined in C:\xampp\htdocs\invoicing_system\config.php on line 77
[02-May-2025 18:22:09 Asia/Baghdad] PHP Warning:  ini_set(): Session ini settings cannot be changed when a session is active in C:\xampp\htdocs\invoicing_system\config.php on line 231
[02-May-2025 18:22:09 Asia/Baghdad] PHP Parse error:  syntax error, unexpected token "<", expecting end of file in C:\xampp\htdocs\invoicing_system\database.php on line 6
[02-May-2025 18:22:09 Asia/Baghdad] PHP Warning:  Constant DB_HOST already defined in C:\xampp\htdocs\invoicing_system\config.php on line 58
[02-May-2025 18:22:09 Asia/Baghdad] PHP Warning:  Constant DB_USER already defined in C:\xampp\htdocs\invoicing_system\config.php on line 59
[02-May-2025 18:22:09 Asia/Baghdad] PHP Warning:  Constant DB_PASS already defined in C:\xampp\htdocs\invoicing_system\config.php on line 60
[02-May-2025 18:22:09 Asia/Baghdad] PHP Warning:  Constant DB_NAME already defined in C:\xampp\htdocs\invoicing_system\config.php on line 61
[02-May-2025 18:22:09 Asia/Baghdad] PHP Warning:  Constant SITE_NAME already defined in C:\xampp\htdocs\invoicing_system\config.php on line 65
[02-May-2025 18:22:09 Asia/Baghdad] PHP Warning:  Constant ROOT_PATH already defined in C:\xampp\htdocs\invoicing_system\config.php on line 70
[02-May-2025 18:22:09 Asia/Baghdad] PHP Warning:  Constant MAX_FILE_SIZE already defined in C:\xampp\htdocs\invoicing_system\config.php on line 76
[02-May-2025 18:22:09 Asia/Baghdad] PHP Warning:  Constant ALLOWED_EXTENSIONS already defined in C:\xampp\htdocs\invoicing_system\config.php on line 77
[02-May-2025 18:22:09 Asia/Baghdad] PHP Warning:  ini_set(): Session ini settings cannot be changed when a session is active in C:\xampp\htdocs\invoicing_system\config.php on line 231
[02-May-2025 18:22:09 Asia/Baghdad] PHP Parse error:  syntax error, unexpected token "<", expecting end of file in C:\xampp\htdocs\invoicing_system\database.php on line 6
[02-May-2025 18:22:11 Asia/Baghdad] PHP Warning:  Constant DB_HOST already defined in C:\xampp\htdocs\invoicing_system\config.php on line 58
[02-May-2025 18:22:11 Asia/Baghdad] PHP Warning:  Constant DB_USER already defined in C:\xampp\htdocs\invoicing_system\config.php on line 59
[02-May-2025 18:22:11 Asia/Baghdad] PHP Warning:  Constant DB_PASS already defined in C:\xampp\htdocs\invoicing_system\config.php on line 60
[02-May-2025 18:22:11 Asia/Baghdad] PHP Warning:  Constant DB_NAME already defined in C:\xampp\htdocs\invoicing_system\config.php on line 61
[02-May-2025 18:22:11 Asia/Baghdad] PHP Warning:  Constant SITE_NAME already defined in C:\xampp\htdocs\invoicing_system\config.php on line 65
[02-May-2025 18:22:11 Asia/Baghdad] PHP Warning:  Constant ROOT_PATH already defined in C:\xampp\htdocs\invoicing_system\config.php on line 70
[02-May-2025 18:22:11 Asia/Baghdad] PHP Warning:  Constant MAX_FILE_SIZE already defined in C:\xampp\htdocs\invoicing_system\config.php on line 76
[02-May-2025 18:22:11 Asia/Baghdad] PHP Warning:  Constant ALLOWED_EXTENSIONS already defined in C:\xampp\htdocs\invoicing_system\config.php on line 77
[02-May-2025 18:22:11 Asia/Baghdad] PHP Warning:  ini_set(): Session ini settings cannot be changed when a session is active in C:\xampp\htdocs\invoicing_system\config.php on line 231
[02-May-2025 18:22:11 Asia/Baghdad] PHP Parse error:  syntax error, unexpected token "<", expecting end of file in C:\xampp\htdocs\invoicing_system\database.php on line 6
[02-May-2025 18:22:11 Asia/Baghdad] PHP Warning:  Constant DB_HOST already defined in C:\xampp\htdocs\invoicing_system\config.php on line 58
[02-May-2025 18:22:11 Asia/Baghdad] PHP Warning:  Constant DB_USER already defined in C:\xampp\htdocs\invoicing_system\config.php on line 59
[02-May-2025 18:22:11 Asia/Baghdad] PHP Warning:  Constant DB_PASS already defined in C:\xampp\htdocs\invoicing_system\config.php on line 60
[02-May-2025 18:22:11 Asia/Baghdad] PHP Warning:  Constant DB_NAME already defined in C:\xampp\htdocs\invoicing_system\config.php on line 61
[02-May-2025 18:22:11 Asia/Baghdad] PHP Warning:  Constant SITE_NAME already defined in C:\xampp\htdocs\invoicing_system\config.php on line 65
[02-May-2025 18:22:11 Asia/Baghdad] PHP Warning:  Constant ROOT_PATH already defined in C:\xampp\htdocs\invoicing_system\config.php on line 70
[02-May-2025 18:22:11 Asia/Baghdad] PHP Warning:  Constant MAX_FILE_SIZE already defined in C:\xampp\htdocs\invoicing_system\config.php on line 76
[02-May-2025 18:22:11 Asia/Baghdad] PHP Warning:  Constant ALLOWED_EXTENSIONS already defined in C:\xampp\htdocs\invoicing_system\config.php on line 77
[02-May-2025 18:22:11 Asia/Baghdad] PHP Warning:  ini_set(): Session ini settings cannot be changed when a session is active in C:\xampp\htdocs\invoicing_system\config.php on line 231
[02-May-2025 18:22:11 Asia/Baghdad] PHP Parse error:  syntax error, unexpected token "<", expecting end of file in C:\xampp\htdocs\invoicing_system\database.php on line 6
[02-May-2025 18:22:11 Asia/Baghdad] PHP Warning:  Constant DB_HOST already defined in C:\xampp\htdocs\invoicing_system\config.php on line 58
[02-May-2025 18:22:11 Asia/Baghdad] PHP Warning:  Constant DB_USER already defined in C:\xampp\htdocs\invoicing_system\config.php on line 59
[02-May-2025 18:22:11 Asia/Baghdad] PHP Warning:  Constant DB_PASS already defined in C:\xampp\htdocs\invoicing_system\config.php on line 60
[02-May-2025 18:22:11 Asia/Baghdad] PHP Warning:  Constant DB_NAME already defined in C:\xampp\htdocs\invoicing_system\config.php on line 61
[02-May-2025 18:22:11 Asia/Baghdad] PHP Warning:  Constant SITE_NAME already defined in C:\xampp\htdocs\invoicing_system\config.php on line 65
[02-May-2025 18:22:11 Asia/Baghdad] PHP Warning:  Constant ROOT_PATH already defined in C:\xampp\htdocs\invoicing_system\config.php on line 70
[02-May-2025 18:22:11 Asia/Baghdad] PHP Warning:  Constant MAX_FILE_SIZE already defined in C:\xampp\htdocs\invoicing_system\config.php on line 76
[02-May-2025 18:22:11 Asia/Baghdad] PHP Warning:  Constant ALLOWED_EXTENSIONS already defined in C:\xampp\htdocs\invoicing_system\config.php on line 77
[02-May-2025 18:22:11 Asia/Baghdad] PHP Warning:  ini_set(): Session ini settings cannot be changed when a session is active in C:\xampp\htdocs\invoicing_system\config.php on line 231
[02-May-2025 18:22:11 Asia/Baghdad] PHP Parse error:  syntax error, unexpected token "<", expecting end of file in C:\xampp\htdocs\invoicing_system\database.php on line 6
[02-May-2025 18:22:11 Asia/Baghdad] PHP Warning:  Constant DB_HOST already defined in C:\xampp\htdocs\invoicing_system\config.php on line 58
[02-May-2025 18:22:11 Asia/Baghdad] PHP Warning:  Constant DB_USER already defined in C:\xampp\htdocs\invoicing_system\config.php on line 59
[02-May-2025 18:22:11 Asia/Baghdad] PHP Warning:  Constant DB_PASS already defined in C:\xampp\htdocs\invoicing_system\config.php on line 60
[02-May-2025 18:22:11 Asia/Baghdad] PHP Warning:  Constant DB_NAME already defined in C:\xampp\htdocs\invoicing_system\config.php on line 61
[02-May-2025 18:22:11 Asia/Baghdad] PHP Warning:  Constant SITE_NAME already defined in C:\xampp\htdocs\invoicing_system\config.php on line 65
[02-May-2025 18:22:11 Asia/Baghdad] PHP Warning:  Constant ROOT_PATH already defined in C:\xampp\htdocs\invoicing_system\config.php on line 70
[02-May-2025 18:22:11 Asia/Baghdad] PHP Warning:  Constant MAX_FILE_SIZE already defined in C:\xampp\htdocs\invoicing_system\config.php on line 76
[02-May-2025 18:22:11 Asia/Baghdad] PHP Warning:  Constant ALLOWED_EXTENSIONS already defined in C:\xampp\htdocs\invoicing_system\config.php on line 77
[02-May-2025 18:22:11 Asia/Baghdad] PHP Warning:  ini_set(): Session ini settings cannot be changed when a session is active in C:\xampp\htdocs\invoicing_system\config.php on line 231
[02-May-2025 18:22:11 Asia/Baghdad] PHP Parse error:  syntax error, unexpected token "<", expecting end of file in C:\xampp\htdocs\invoicing_system\database.php on line 6
[02-May-2025 18:22:11 Asia/Baghdad] PHP Warning:  Constant DB_HOST already defined in C:\xampp\htdocs\invoicing_system\config.php on line 58
[02-May-2025 18:22:11 Asia/Baghdad] PHP Warning:  Constant DB_USER already defined in C:\xampp\htdocs\invoicing_system\config.php on line 59
[02-May-2025 18:22:11 Asia/Baghdad] PHP Warning:  Constant DB_PASS already defined in C:\xampp\htdocs\invoicing_system\config.php on line 60
[02-May-2025 18:22:11 Asia/Baghdad] PHP Warning:  Constant DB_NAME already defined in C:\xampp\htdocs\invoicing_system\config.php on line 61
[02-May-2025 18:22:11 Asia/Baghdad] PHP Warning:  Constant SITE_NAME already defined in C:\xampp\htdocs\invoicing_system\config.php on line 65
[02-May-2025 18:22:11 Asia/Baghdad] PHP Warning:  Constant ROOT_PATH already defined in C:\xampp\htdocs\invoicing_system\config.php on line 70
[02-May-2025 18:22:11 Asia/Baghdad] PHP Warning:  Constant MAX_FILE_SIZE already defined in C:\xampp\htdocs\invoicing_system\config.php on line 76
[02-May-2025 18:22:11 Asia/Baghdad] PHP Warning:  Constant ALLOWED_EXTENSIONS already defined in C:\xampp\htdocs\invoicing_system\config.php on line 77
[02-May-2025 18:22:11 Asia/Baghdad] PHP Warning:  ini_set(): Session ini settings cannot be changed when a session is active in C:\xampp\htdocs\invoicing_system\config.php on line 231
[02-May-2025 18:22:11 Asia/Baghdad] PHP Parse error:  syntax error, unexpected token "<", expecting end of file in C:\xampp\htdocs\invoicing_system\database.php on line 6
[02-May-2025 18:22:12 Asia/Baghdad] PHP Warning:  Constant DB_HOST already defined in C:\xampp\htdocs\invoicing_system\config.php on line 58
[02-May-2025 18:22:12 Asia/Baghdad] PHP Warning:  Constant DB_USER already defined in C:\xampp\htdocs\invoicing_system\config.php on line 59
[02-May-2025 18:22:12 Asia/Baghdad] PHP Warning:  Constant DB_PASS already defined in C:\xampp\htdocs\invoicing_system\config.php on line 60
[02-May-2025 18:22:12 Asia/Baghdad] PHP Warning:  Constant DB_NAME already defined in C:\xampp\htdocs\invoicing_system\config.php on line 61
[02-May-2025 18:22:12 Asia/Baghdad] PHP Warning:  Constant SITE_NAME already defined in C:\xampp\htdocs\invoicing_system\config.php on line 65
[02-May-2025 18:22:12 Asia/Baghdad] PHP Warning:  Constant ROOT_PATH already defined in C:\xampp\htdocs\invoicing_system\config.php on line 70
[02-May-2025 18:22:12 Asia/Baghdad] PHP Warning:  Constant MAX_FILE_SIZE already defined in C:\xampp\htdocs\invoicing_system\config.php on line 76
[02-May-2025 18:22:12 Asia/Baghdad] PHP Warning:  Constant ALLOWED_EXTENSIONS already defined in C:\xampp\htdocs\invoicing_system\config.php on line 77
[02-May-2025 18:22:12 Asia/Baghdad] PHP Warning:  ini_set(): Session ini settings cannot be changed when a session is active in C:\xampp\htdocs\invoicing_system\config.php on line 231
[02-May-2025 18:22:12 Asia/Baghdad] PHP Parse error:  syntax error, unexpected token "<", expecting end of file in C:\xampp\htdocs\invoicing_system\database.php on line 6
[02-May-2025 18:22:12 Asia/Baghdad] PHP Warning:  Constant DB_HOST already defined in C:\xampp\htdocs\invoicing_system\config.php on line 58
[02-May-2025 18:22:12 Asia/Baghdad] PHP Warning:  Constant DB_USER already defined in C:\xampp\htdocs\invoicing_system\config.php on line 59
[02-May-2025 18:22:12 Asia/Baghdad] PHP Warning:  Constant DB_PASS already defined in C:\xampp\htdocs\invoicing_system\config.php on line 60
[02-May-2025 18:22:12 Asia/Baghdad] PHP Warning:  Constant DB_NAME already defined in C:\xampp\htdocs\invoicing_system\config.php on line 61
[02-May-2025 18:22:12 Asia/Baghdad] PHP Warning:  Constant SITE_NAME already defined in C:\xampp\htdocs\invoicing_system\config.php on line 65
[02-May-2025 18:22:12 Asia/Baghdad] PHP Warning:  Constant ROOT_PATH already defined in C:\xampp\htdocs\invoicing_system\config.php on line 70
[02-May-2025 18:22:12 Asia/Baghdad] PHP Warning:  Constant MAX_FILE_SIZE already defined in C:\xampp\htdocs\invoicing_system\config.php on line 76
[02-May-2025 18:22:12 Asia/Baghdad] PHP Warning:  Constant ALLOWED_EXTENSIONS already defined in C:\xampp\htdocs\invoicing_system\config.php on line 77
[02-May-2025 18:22:12 Asia/Baghdad] PHP Warning:  ini_set(): Session ini settings cannot be changed when a session is active in C:\xampp\htdocs\invoicing_system\config.php on line 231
[02-May-2025 18:22:12 Asia/Baghdad] PHP Parse error:  syntax error, unexpected token "<", expecting end of file in C:\xampp\htdocs\invoicing_system\database.php on line 6
[02-May-2025 18:22:12 Asia/Baghdad] PHP Warning:  Constant DB_HOST already defined in C:\xampp\htdocs\invoicing_system\config.php on line 58
[02-May-2025 18:22:12 Asia/Baghdad] PHP Warning:  Constant DB_USER already defined in C:\xampp\htdocs\invoicing_system\config.php on line 59
[02-May-2025 18:22:12 Asia/Baghdad] PHP Warning:  Constant DB_PASS already defined in C:\xampp\htdocs\invoicing_system\config.php on line 60
[02-May-2025 18:22:12 Asia/Baghdad] PHP Warning:  Constant DB_NAME already defined in C:\xampp\htdocs\invoicing_system\config.php on line 61
[02-May-2025 18:22:12 Asia/Baghdad] PHP Warning:  Constant SITE_NAME already defined in C:\xampp\htdocs\invoicing_system\config.php on line 65
[02-May-2025 18:22:12 Asia/Baghdad] PHP Warning:  Constant ROOT_PATH already defined in C:\xampp\htdocs\invoicing_system\config.php on line 70
[02-May-2025 18:22:12 Asia/Baghdad] PHP Warning:  Constant MAX_FILE_SIZE already defined in C:\xampp\htdocs\invoicing_system\config.php on line 76
[02-May-2025 18:22:12 Asia/Baghdad] PHP Warning:  Constant ALLOWED_EXTENSIONS already defined in C:\xampp\htdocs\invoicing_system\config.php on line 77
[02-May-2025 18:22:12 Asia/Baghdad] PHP Warning:  ini_set(): Session ini settings cannot be changed when a session is active in C:\xampp\htdocs\invoicing_system\config.php on line 231
[02-May-2025 18:22:12 Asia/Baghdad] PHP Parse error:  syntax error, unexpected token "<", expecting end of file in C:\xampp\htdocs\invoicing_system\database.php on line 6
[02-May-2025 18:22:12 Asia/Baghdad] PHP Warning:  Constant DB_HOST already defined in C:\xampp\htdocs\invoicing_system\config.php on line 58
[02-May-2025 18:22:12 Asia/Baghdad] PHP Warning:  Constant DB_USER already defined in C:\xampp\htdocs\invoicing_system\config.php on line 59
[02-May-2025 18:22:12 Asia/Baghdad] PHP Warning:  Constant DB_PASS already defined in C:\xampp\htdocs\invoicing_system\config.php on line 60
[02-May-2025 18:22:12 Asia/Baghdad] PHP Warning:  Constant DB_NAME already defined in C:\xampp\htdocs\invoicing_system\config.php on line 61
[02-May-2025 18:22:12 Asia/Baghdad] PHP Warning:  Constant SITE_NAME already defined in C:\xampp\htdocs\invoicing_system\config.php on line 65
[02-May-2025 18:22:12 Asia/Baghdad] PHP Warning:  Constant ROOT_PATH already defined in C:\xampp\htdocs\invoicing_system\config.php on line 70
[02-May-2025 18:22:12 Asia/Baghdad] PHP Warning:  Constant MAX_FILE_SIZE already defined in C:\xampp\htdocs\invoicing_system\config.php on line 76
[02-May-2025 18:22:12 Asia/Baghdad] PHP Warning:  Constant ALLOWED_EXTENSIONS already defined in C:\xampp\htdocs\invoicing_system\config.php on line 77
[02-May-2025 18:22:12 Asia/Baghdad] PHP Warning:  ini_set(): Session ini settings cannot be changed when a session is active in C:\xampp\htdocs\invoicing_system\config.php on line 231
[02-May-2025 18:22:12 Asia/Baghdad] PHP Parse error:  syntax error, unexpected token "<", expecting end of file in C:\xampp\htdocs\invoicing_system\database.php on line 6
[02-May-2025 18:22:12 Asia/Baghdad] PHP Warning:  Constant DB_HOST already defined in C:\xampp\htdocs\invoicing_system\config.php on line 58
[02-May-2025 18:22:12 Asia/Baghdad] PHP Warning:  Constant DB_USER already defined in C:\xampp\htdocs\invoicing_system\config.php on line 59
[02-May-2025 18:22:12 Asia/Baghdad] PHP Warning:  Constant DB_PASS already defined in C:\xampp\htdocs\invoicing_system\config.php on line 60
[02-May-2025 18:22:12 Asia/Baghdad] PHP Warning:  Constant DB_NAME already defined in C:\xampp\htdocs\invoicing_system\config.php on line 61
[02-May-2025 18:22:12 Asia/Baghdad] PHP Warning:  Constant SITE_NAME already defined in C:\xampp\htdocs\invoicing_system\config.php on line 65
[02-May-2025 18:22:12 Asia/Baghdad] PHP Warning:  Constant ROOT_PATH already defined in C:\xampp\htdocs\invoicing_system\config.php on line 70
[02-May-2025 18:22:12 Asia/Baghdad] PHP Warning:  Constant MAX_FILE_SIZE already defined in C:\xampp\htdocs\invoicing_system\config.php on line 76
[02-May-2025 18:22:12 Asia/Baghdad] PHP Warning:  Constant ALLOWED_EXTENSIONS already defined in C:\xampp\htdocs\invoicing_system\config.php on line 77
[02-May-2025 18:22:12 Asia/Baghdad] PHP Warning:  ini_set(): Session ini settings cannot be changed when a session is active in C:\xampp\htdocs\invoicing_system\config.php on line 231
[02-May-2025 18:22:12 Asia/Baghdad] PHP Parse error:  syntax error, unexpected token "<", expecting end of file in C:\xampp\htdocs\invoicing_system\database.php on line 6
[02-May-2025 18:22:16 Asia/Baghdad] PHP Warning:  Constant DB_HOST already defined in C:\xampp\htdocs\invoicing_system\config.php on line 58
[02-May-2025 18:22:16 Asia/Baghdad] PHP Warning:  Constant DB_USER already defined in C:\xampp\htdocs\invoicing_system\config.php on line 59
[02-May-2025 18:22:16 Asia/Baghdad] PHP Warning:  Constant DB_PASS already defined in C:\xampp\htdocs\invoicing_system\config.php on line 60
[02-May-2025 18:22:16 Asia/Baghdad] PHP Warning:  Constant DB_NAME already defined in C:\xampp\htdocs\invoicing_system\config.php on line 61
[02-May-2025 18:22:16 Asia/Baghdad] PHP Warning:  Constant SITE_NAME already defined in C:\xampp\htdocs\invoicing_system\config.php on line 65
[02-May-2025 18:22:16 Asia/Baghdad] PHP Warning:  Constant ROOT_PATH already defined in C:\xampp\htdocs\invoicing_system\config.php on line 70
[02-May-2025 18:22:16 Asia/Baghdad] PHP Warning:  Constant MAX_FILE_SIZE already defined in C:\xampp\htdocs\invoicing_system\config.php on line 76
[02-May-2025 18:22:16 Asia/Baghdad] PHP Warning:  Constant ALLOWED_EXTENSIONS already defined in C:\xampp\htdocs\invoicing_system\config.php on line 77
[02-May-2025 18:22:16 Asia/Baghdad] PHP Warning:  ini_set(): Session ini settings cannot be changed when a session is active in C:\xampp\htdocs\invoicing_system\config.php on line 231
[02-May-2025 18:22:16 Asia/Baghdad] PHP Parse error:  syntax error, unexpected token "<", expecting end of file in C:\xampp\htdocs\invoicing_system\database.php on line 6
[02-May-2025 18:50:30 Asia/Baghdad] PHP Warning:  Constant DB_HOST already defined in C:\xampp\htdocs\invoicing_system\config.php on line 58
[02-May-2025 18:50:30 Asia/Baghdad] PHP Warning:  Constant DB_USER already defined in C:\xampp\htdocs\invoicing_system\config.php on line 59
[02-May-2025 18:50:30 Asia/Baghdad] PHP Warning:  Constant DB_PASS already defined in C:\xampp\htdocs\invoicing_system\config.php on line 60
[02-May-2025 18:50:30 Asia/Baghdad] PHP Warning:  Constant DB_NAME already defined in C:\xampp\htdocs\invoicing_system\config.php on line 61
[02-May-2025 18:50:30 Asia/Baghdad] PHP Warning:  Constant SITE_NAME already defined in C:\xampp\htdocs\invoicing_system\config.php on line 65
[02-May-2025 18:50:30 Asia/Baghdad] PHP Warning:  Constant ROOT_PATH already defined in C:\xampp\htdocs\invoicing_system\config.php on line 70
[02-May-2025 18:50:30 Asia/Baghdad] PHP Warning:  Constant MAX_FILE_SIZE already defined in C:\xampp\htdocs\invoicing_system\config.php on line 76
[02-May-2025 18:50:30 Asia/Baghdad] PHP Warning:  Constant ALLOWED_EXTENSIONS already defined in C:\xampp\htdocs\invoicing_system\config.php on line 77
[02-May-2025 18:50:30 Asia/Baghdad] PHP Warning:  ini_set(): Session ini settings cannot be changed when a session is active in C:\xampp\htdocs\invoicing_system\config.php on line 231
[02-May-2025 18:50:30 Asia/Baghdad] PHP Parse error:  syntax error, unexpected token "<", expecting end of file in C:\xampp\htdocs\invoicing_system\database.php on line 6
[02-May-2025 18:53:05 Asia/Baghdad] PHP Warning:  Constant DB_HOST already defined in C:\xampp\htdocs\invoicing_system\config.php on line 59
[02-May-2025 18:53:05 Asia/Baghdad] PHP Warning:  Constant DB_USER already defined in C:\xampp\htdocs\invoicing_system\config.php on line 60
[02-May-2025 18:53:05 Asia/Baghdad] PHP Warning:  Constant DB_PASS already defined in C:\xampp\htdocs\invoicing_system\config.php on line 61
[02-May-2025 18:53:05 Asia/Baghdad] PHP Warning:  Constant DB_NAME already defined in C:\xampp\htdocs\invoicing_system\config.php on line 62
[02-May-2025 18:53:05 Asia/Baghdad] PHP Warning:  Constant SITE_NAME already defined in C:\xampp\htdocs\invoicing_system\config.php on line 66
[02-May-2025 18:53:05 Asia/Baghdad] PHP Warning:  Constant ROOT_PATH already defined in C:\xampp\htdocs\invoicing_system\config.php on line 71
[02-May-2025 18:53:05 Asia/Baghdad] PHP Warning:  Constant MAX_FILE_SIZE already defined in C:\xampp\htdocs\invoicing_system\config.php on line 77
[02-May-2025 18:53:05 Asia/Baghdad] PHP Warning:  Constant ALLOWED_EXTENSIONS already defined in C:\xampp\htdocs\invoicing_system\config.php on line 78
[02-May-2025 18:53:05 Asia/Baghdad] PHP Warning:  ini_set(): Session ini settings cannot be changed when a session is active in C:\xampp\htdocs\invoicing_system\config.php on line 233
[02-May-2025 18:53:05 Asia/Baghdad] PHP Parse error:  syntax error, unexpected token "<", expecting end of file in C:\xampp\htdocs\invoicing_system\database.php on line 6
[02-May-2025 18:53:05 Asia/Baghdad] PHP Warning:  Constant DB_HOST already defined in C:\xampp\htdocs\invoicing_system\config.php on line 59
[02-May-2025 18:53:05 Asia/Baghdad] PHP Warning:  Constant DB_USER already defined in C:\xampp\htdocs\invoicing_system\config.php on line 60
[02-May-2025 18:53:05 Asia/Baghdad] PHP Warning:  Constant DB_PASS already defined in C:\xampp\htdocs\invoicing_system\config.php on line 61
[02-May-2025 18:53:05 Asia/Baghdad] PHP Warning:  Constant DB_NAME already defined in C:\xampp\htdocs\invoicing_system\config.php on line 62
[02-May-2025 18:53:05 Asia/Baghdad] PHP Warning:  Constant SITE_NAME already defined in C:\xampp\htdocs\invoicing_system\config.php on line 66
[02-May-2025 18:53:05 Asia/Baghdad] PHP Warning:  Constant ROOT_PATH already defined in C:\xampp\htdocs\invoicing_system\config.php on line 71
[02-May-2025 18:53:05 Asia/Baghdad] PHP Warning:  Constant MAX_FILE_SIZE already defined in C:\xampp\htdocs\invoicing_system\config.php on line 77
[02-May-2025 18:53:05 Asia/Baghdad] PHP Warning:  Constant ALLOWED_EXTENSIONS already defined in C:\xampp\htdocs\invoicing_system\config.php on line 78
[02-May-2025 18:53:05 Asia/Baghdad] PHP Warning:  ini_set(): Session ini settings cannot be changed when a session is active in C:\xampp\htdocs\invoicing_system\config.php on line 233
[02-May-2025 18:53:05 Asia/Baghdad] PHP Parse error:  syntax error, unexpected token "<", expecting end of file in C:\xampp\htdocs\invoicing_system\database.php on line 6
[02-May-2025 18:53:05 Asia/Baghdad] PHP Warning:  Constant DB_HOST already defined in C:\xampp\htdocs\invoicing_system\config.php on line 59
[02-May-2025 18:53:05 Asia/Baghdad] PHP Warning:  Constant DB_USER already defined in C:\xampp\htdocs\invoicing_system\config.php on line 60
[02-May-2025 18:53:05 Asia/Baghdad] PHP Warning:  Constant DB_PASS already defined in C:\xampp\htdocs\invoicing_system\config.php on line 61
[02-May-2025 18:53:05 Asia/Baghdad] PHP Warning:  Constant DB_NAME already defined in C:\xampp\htdocs\invoicing_system\config.php on line 62
[02-May-2025 18:53:05 Asia/Baghdad] PHP Warning:  Constant SITE_NAME already defined in C:\xampp\htdocs\invoicing_system\config.php on line 66
[02-May-2025 18:53:05 Asia/Baghdad] PHP Warning:  Constant ROOT_PATH already defined in C:\xampp\htdocs\invoicing_system\config.php on line 71
[02-May-2025 18:53:05 Asia/Baghdad] PHP Warning:  Constant MAX_FILE_SIZE already defined in C:\xampp\htdocs\invoicing_system\config.php on line 77
[02-May-2025 18:53:05 Asia/Baghdad] PHP Warning:  Constant ALLOWED_EXTENSIONS already defined in C:\xampp\htdocs\invoicing_system\config.php on line 78
[02-May-2025 18:53:05 Asia/Baghdad] PHP Warning:  ini_set(): Session ini settings cannot be changed when a session is active in C:\xampp\htdocs\invoicing_system\config.php on line 233
[02-May-2025 18:53:05 Asia/Baghdad] PHP Parse error:  syntax error, unexpected token "<", expecting end of file in C:\xampp\htdocs\invoicing_system\database.php on line 6
[02-May-2025 18:53:05 Asia/Baghdad] PHP Warning:  Constant DB_HOST already defined in C:\xampp\htdocs\invoicing_system\config.php on line 59
[02-May-2025 18:53:05 Asia/Baghdad] PHP Warning:  Constant DB_USER already defined in C:\xampp\htdocs\invoicing_system\config.php on line 60
[02-May-2025 18:53:05 Asia/Baghdad] PHP Warning:  Constant DB_PASS already defined in C:\xampp\htdocs\invoicing_system\config.php on line 61
[02-May-2025 18:53:05 Asia/Baghdad] PHP Warning:  Constant DB_NAME already defined in C:\xampp\htdocs\invoicing_system\config.php on line 62
[02-May-2025 18:53:05 Asia/Baghdad] PHP Warning:  Constant SITE_NAME already defined in C:\xampp\htdocs\invoicing_system\config.php on line 66
[02-May-2025 18:53:05 Asia/Baghdad] PHP Warning:  Constant ROOT_PATH already defined in C:\xampp\htdocs\invoicing_system\config.php on line 71
[02-May-2025 18:53:05 Asia/Baghdad] PHP Warning:  Constant MAX_FILE_SIZE already defined in C:\xampp\htdocs\invoicing_system\config.php on line 77
[02-May-2025 18:53:05 Asia/Baghdad] PHP Warning:  Constant ALLOWED_EXTENSIONS already defined in C:\xampp\htdocs\invoicing_system\config.php on line 78
[02-May-2025 18:53:05 Asia/Baghdad] PHP Warning:  ini_set(): Session ini settings cannot be changed when a session is active in C:\xampp\htdocs\invoicing_system\config.php on line 233
[02-May-2025 18:53:05 Asia/Baghdad] PHP Parse error:  syntax error, unexpected token "<", expecting end of file in C:\xampp\htdocs\invoicing_system\database.php on line 6
[02-May-2025 18:53:06 Asia/Baghdad] PHP Warning:  Constant DB_HOST already defined in C:\xampp\htdocs\invoicing_system\config.php on line 59
[02-May-2025 18:53:06 Asia/Baghdad] PHP Warning:  Constant DB_USER already defined in C:\xampp\htdocs\invoicing_system\config.php on line 60
[02-May-2025 18:53:06 Asia/Baghdad] PHP Warning:  Constant DB_PASS already defined in C:\xampp\htdocs\invoicing_system\config.php on line 61
[02-May-2025 18:53:06 Asia/Baghdad] PHP Warning:  Constant DB_NAME already defined in C:\xampp\htdocs\invoicing_system\config.php on line 62
[02-May-2025 18:53:06 Asia/Baghdad] PHP Warning:  Constant SITE_NAME already defined in C:\xampp\htdocs\invoicing_system\config.php on line 66
[02-May-2025 18:53:06 Asia/Baghdad] PHP Warning:  Constant ROOT_PATH already defined in C:\xampp\htdocs\invoicing_system\config.php on line 71
[02-May-2025 18:53:06 Asia/Baghdad] PHP Warning:  Constant MAX_FILE_SIZE already defined in C:\xampp\htdocs\invoicing_system\config.php on line 77
[02-May-2025 18:53:06 Asia/Baghdad] PHP Warning:  Constant ALLOWED_EXTENSIONS already defined in C:\xampp\htdocs\invoicing_system\config.php on line 78
[02-May-2025 18:53:06 Asia/Baghdad] PHP Warning:  ini_set(): Session ini settings cannot be changed when a session is active in C:\xampp\htdocs\invoicing_system\config.php on line 233
[02-May-2025 18:53:06 Asia/Baghdad] PHP Parse error:  syntax error, unexpected token "<", expecting end of file in C:\xampp\htdocs\invoicing_system\database.php on line 6
[02-May-2025 18:53:06 Asia/Baghdad] PHP Warning:  Constant DB_HOST already defined in C:\xampp\htdocs\invoicing_system\config.php on line 59
[02-May-2025 18:53:06 Asia/Baghdad] PHP Warning:  Constant DB_USER already defined in C:\xampp\htdocs\invoicing_system\config.php on line 60
[02-May-2025 18:53:06 Asia/Baghdad] PHP Warning:  Constant DB_PASS already defined in C:\xampp\htdocs\invoicing_system\config.php on line 61
[02-May-2025 18:53:06 Asia/Baghdad] PHP Warning:  Constant DB_NAME already defined in C:\xampp\htdocs\invoicing_system\config.php on line 62
[02-May-2025 18:53:06 Asia/Baghdad] PHP Warning:  Constant SITE_NAME already defined in C:\xampp\htdocs\invoicing_system\config.php on line 66
[02-May-2025 18:53:06 Asia/Baghdad] PHP Warning:  Constant ROOT_PATH already defined in C:\xampp\htdocs\invoicing_system\config.php on line 71
[02-May-2025 18:53:06 Asia/Baghdad] PHP Warning:  Constant MAX_FILE_SIZE already defined in C:\xampp\htdocs\invoicing_system\config.php on line 77
[02-May-2025 18:53:06 Asia/Baghdad] PHP Warning:  Constant ALLOWED_EXTENSIONS already defined in C:\xampp\htdocs\invoicing_system\config.php on line 78
[02-May-2025 18:53:06 Asia/Baghdad] PHP Warning:  ini_set(): Session ini settings cannot be changed when a session is active in C:\xampp\htdocs\invoicing_system\config.php on line 233
[02-May-2025 18:53:06 Asia/Baghdad] PHP Parse error:  syntax error, unexpected token "<", expecting end of file in C:\xampp\htdocs\invoicing_system\database.php on line 6
[02-May-2025 18:53:06 Asia/Baghdad] PHP Warning:  Constant DB_HOST already defined in C:\xampp\htdocs\invoicing_system\config.php on line 59
[02-May-2025 18:53:06 Asia/Baghdad] PHP Warning:  Constant DB_USER already defined in C:\xampp\htdocs\invoicing_system\config.php on line 60
[02-May-2025 18:53:06 Asia/Baghdad] PHP Warning:  Constant DB_PASS already defined in C:\xampp\htdocs\invoicing_system\config.php on line 61
[02-May-2025 18:53:06 Asia/Baghdad] PHP Warning:  Constant DB_NAME already defined in C:\xampp\htdocs\invoicing_system\config.php on line 62
[02-May-2025 18:53:06 Asia/Baghdad] PHP Warning:  Constant SITE_NAME already defined in C:\xampp\htdocs\invoicing_system\config.php on line 66
[02-May-2025 18:53:06 Asia/Baghdad] PHP Warning:  Constant ROOT_PATH already defined in C:\xampp\htdocs\invoicing_system\config.php on line 71
[02-May-2025 18:53:06 Asia/Baghdad] PHP Warning:  Constant MAX_FILE_SIZE already defined in C:\xampp\htdocs\invoicing_system\config.php on line 77
[02-May-2025 18:53:06 Asia/Baghdad] PHP Warning:  Constant ALLOWED_EXTENSIONS already defined in C:\xampp\htdocs\invoicing_system\config.php on line 78
[02-May-2025 18:53:06 Asia/Baghdad] PHP Warning:  ini_set(): Session ini settings cannot be changed when a session is active in C:\xampp\htdocs\invoicing_system\config.php on line 233
[02-May-2025 18:53:06 Asia/Baghdad] PHP Parse error:  syntax error, unexpected token "<", expecting end of file in C:\xampp\htdocs\invoicing_system\database.php on line 6
[02-May-2025 18:53:06 Asia/Baghdad] PHP Warning:  Constant DB_HOST already defined in C:\xampp\htdocs\invoicing_system\config.php on line 59
[02-May-2025 18:53:06 Asia/Baghdad] PHP Warning:  Constant DB_USER already defined in C:\xampp\htdocs\invoicing_system\config.php on line 60
[02-May-2025 18:53:06 Asia/Baghdad] PHP Warning:  Constant DB_PASS already defined in C:\xampp\htdocs\invoicing_system\config.php on line 61
[02-May-2025 18:53:06 Asia/Baghdad] PHP Warning:  Constant DB_NAME already defined in C:\xampp\htdocs\invoicing_system\config.php on line 62
[02-May-2025 18:53:06 Asia/Baghdad] PHP Warning:  Constant SITE_NAME already defined in C:\xampp\htdocs\invoicing_system\config.php on line 66
[02-May-2025 18:53:06 Asia/Baghdad] PHP Warning:  Constant ROOT_PATH already defined in C:\xampp\htdocs\invoicing_system\config.php on line 71
[02-May-2025 18:53:06 Asia/Baghdad] PHP Warning:  Constant MAX_FILE_SIZE already defined in C:\xampp\htdocs\invoicing_system\config.php on line 77
[02-May-2025 18:53:06 Asia/Baghdad] PHP Warning:  Constant ALLOWED_EXTENSIONS already defined in C:\xampp\htdocs\invoicing_system\config.php on line 78
[02-May-2025 18:53:06 Asia/Baghdad] PHP Warning:  ini_set(): Session ini settings cannot be changed when a session is active in C:\xampp\htdocs\invoicing_system\config.php on line 233
[02-May-2025 18:53:06 Asia/Baghdad] PHP Parse error:  syntax error, unexpected token "<", expecting end of file in C:\xampp\htdocs\invoicing_system\database.php on line 6
[02-May-2025 18:54:28 Asia/Baghdad] PHP Warning:  Constant DB_HOST already defined in C:\xampp\htdocs\invoicing_system\config.php on line 58
[02-May-2025 18:54:28 Asia/Baghdad] PHP Warning:  Constant DB_USER already defined in C:\xampp\htdocs\invoicing_system\config.php on line 59
[02-May-2025 18:54:28 Asia/Baghdad] PHP Warning:  Constant DB_PASS already defined in C:\xampp\htdocs\invoicing_system\config.php on line 60
[02-May-2025 18:54:28 Asia/Baghdad] PHP Warning:  Constant DB_NAME already defined in C:\xampp\htdocs\invoicing_system\config.php on line 61
[02-May-2025 18:54:28 Asia/Baghdad] PHP Warning:  Constant SITE_NAME already defined in C:\xampp\htdocs\invoicing_system\config.php on line 65
[02-May-2025 18:54:28 Asia/Baghdad] PHP Warning:  Constant ROOT_PATH already defined in C:\xampp\htdocs\invoicing_system\config.php on line 70
[02-May-2025 18:54:28 Asia/Baghdad] PHP Warning:  Constant MAX_FILE_SIZE already defined in C:\xampp\htdocs\invoicing_system\config.php on line 76
[02-May-2025 18:54:28 Asia/Baghdad] PHP Warning:  Constant ALLOWED_EXTENSIONS already defined in C:\xampp\htdocs\invoicing_system\config.php on line 77
[02-May-2025 18:54:28 Asia/Baghdad] PHP Warning:  ini_set(): Session ini settings cannot be changed when a session is active in C:\xampp\htdocs\invoicing_system\config.php on line 130
[02-May-2025 18:54:28 Asia/Baghdad] PHP Notice:  session_start(): Ignoring session_start() because a session is already active in C:\xampp\htdocs\invoicing_system\config.php on line 131
[02-May-2025 18:54:28 Asia/Baghdad] PHP Warning:  ini_set(): Session ini settings cannot be changed when a session is active in C:\xampp\htdocs\invoicing_system\config.php on line 228
[02-May-2025 18:54:28 Asia/Baghdad] PHP Parse error:  syntax error, unexpected token "<", expecting end of file in C:\xampp\htdocs\invoicing_system\database.php on line 6
[02-May-2025 18:57:08 Asia/Baghdad] PHP Warning:  Constant DB_HOST already defined in C:\xampp\htdocs\invoicing_system\config.php on line 59
[02-May-2025 18:57:08 Asia/Baghdad] PHP Warning:  Constant DB_USER already defined in C:\xampp\htdocs\invoicing_system\config.php on line 60
[02-May-2025 18:57:08 Asia/Baghdad] PHP Warning:  Constant DB_PASS already defined in C:\xampp\htdocs\invoicing_system\config.php on line 61
[02-May-2025 18:57:08 Asia/Baghdad] PHP Warning:  Constant DB_NAME already defined in C:\xampp\htdocs\invoicing_system\config.php on line 62
[02-May-2025 18:57:08 Asia/Baghdad] PHP Warning:  Constant SITE_NAME already defined in C:\xampp\htdocs\invoicing_system\config.php on line 66
[02-May-2025 18:57:08 Asia/Baghdad] PHP Warning:  Constant ROOT_PATH already defined in C:\xampp\htdocs\invoicing_system\config.php on line 71
[02-May-2025 18:57:08 Asia/Baghdad] PHP Warning:  Constant MAX_FILE_SIZE already defined in C:\xampp\htdocs\invoicing_system\config.php on line 77
[02-May-2025 18:57:08 Asia/Baghdad] PHP Warning:  Constant ALLOWED_EXTENSIONS already defined in C:\xampp\htdocs\invoicing_system\config.php on line 78
[02-May-2025 18:57:08 Asia/Baghdad] PHP Warning:  ini_set(): Session ini settings cannot be changed when a session is active in C:\xampp\htdocs\invoicing_system\config.php on line 229
[02-May-2025 18:57:08 Asia/Baghdad] PHP Parse error:  syntax error, unexpected token "<", expecting end of file in C:\xampp\htdocs\invoicing_system\database.php on line 6
[02-May-2025 18:59:11 Asia/Baghdad] PHP Warning:  Constant DB_HOST already defined in C:\xampp\htdocs\invoicing_system\config.php on line 58
[02-May-2025 18:59:11 Asia/Baghdad] PHP Warning:  Constant DB_USER already defined in C:\xampp\htdocs\invoicing_system\config.php on line 59
[02-May-2025 18:59:11 Asia/Baghdad] PHP Warning:  Constant DB_PASS already defined in C:\xampp\htdocs\invoicing_system\config.php on line 60
[02-May-2025 18:59:11 Asia/Baghdad] PHP Warning:  Constant DB_NAME already defined in C:\xampp\htdocs\invoicing_system\config.php on line 61
[02-May-2025 18:59:11 Asia/Baghdad] PHP Warning:  Constant SITE_NAME already defined in C:\xampp\htdocs\invoicing_system\config.php on line 65
[02-May-2025 18:59:11 Asia/Baghdad] PHP Warning:  Constant ROOT_PATH already defined in C:\xampp\htdocs\invoicing_system\config.php on line 70
[02-May-2025 18:59:11 Asia/Baghdad] PHP Warning:  Constant MAX_FILE_SIZE already defined in C:\xampp\htdocs\invoicing_system\config.php on line 76
[02-May-2025 18:59:11 Asia/Baghdad] PHP Warning:  Constant ALLOWED_EXTENSIONS already defined in C:\xampp\htdocs\invoicing_system\config.php on line 77
[02-May-2025 18:59:11 Asia/Baghdad] PHP Warning:  ini_set(): Session ini settings cannot be changed when a session is active in C:\xampp\htdocs\invoicing_system\config.php on line 230
[02-May-2025 18:59:11 Asia/Baghdad] PHP Parse error:  syntax error, unexpected token "<", expecting end of file in C:\xampp\htdocs\invoicing_system\database.php on line 6
[02-May-2025 18:59:11 Asia/Baghdad] PHP Warning:  Constant DB_HOST already defined in C:\xampp\htdocs\invoicing_system\config.php on line 58
[02-May-2025 18:59:11 Asia/Baghdad] PHP Warning:  Constant DB_USER already defined in C:\xampp\htdocs\invoicing_system\config.php on line 59
[02-May-2025 18:59:11 Asia/Baghdad] PHP Warning:  Constant DB_PASS already defined in C:\xampp\htdocs\invoicing_system\config.php on line 60
[02-May-2025 18:59:11 Asia/Baghdad] PHP Warning:  Constant DB_NAME already defined in C:\xampp\htdocs\invoicing_system\config.php on line 61
[02-May-2025 18:59:11 Asia/Baghdad] PHP Warning:  Constant SITE_NAME already defined in C:\xampp\htdocs\invoicing_system\config.php on line 65
[02-May-2025 18:59:11 Asia/Baghdad] PHP Warning:  Constant ROOT_PATH already defined in C:\xampp\htdocs\invoicing_system\config.php on line 70
[02-May-2025 18:59:11 Asia/Baghdad] PHP Warning:  Constant MAX_FILE_SIZE already defined in C:\xampp\htdocs\invoicing_system\config.php on line 76
[02-May-2025 18:59:11 Asia/Baghdad] PHP Warning:  Constant ALLOWED_EXTENSIONS already defined in C:\xampp\htdocs\invoicing_system\config.php on line 77
[02-May-2025 18:59:11 Asia/Baghdad] PHP Warning:  ini_set(): Session ini settings cannot be changed when a session is active in C:\xampp\htdocs\invoicing_system\config.php on line 230
[02-May-2025 18:59:11 Asia/Baghdad] PHP Parse error:  syntax error, unexpected token "<", expecting end of file in C:\xampp\htdocs\invoicing_system\database.php on line 6
[02-May-2025 18:59:11 Asia/Baghdad] PHP Warning:  Constant DB_HOST already defined in C:\xampp\htdocs\invoicing_system\config.php on line 58
[02-May-2025 18:59:11 Asia/Baghdad] PHP Warning:  Constant DB_USER already defined in C:\xampp\htdocs\invoicing_system\config.php on line 59
[02-May-2025 18:59:11 Asia/Baghdad] PHP Warning:  Constant DB_PASS already defined in C:\xampp\htdocs\invoicing_system\config.php on line 60
[02-May-2025 18:59:11 Asia/Baghdad] PHP Warning:  Constant DB_NAME already defined in C:\xampp\htdocs\invoicing_system\config.php on line 61
[02-May-2025 18:59:11 Asia/Baghdad] PHP Warning:  Constant SITE_NAME already defined in C:\xampp\htdocs\invoicing_system\config.php on line 65
[02-May-2025 18:59:11 Asia/Baghdad] PHP Warning:  Constant ROOT_PATH already defined in C:\xampp\htdocs\invoicing_system\config.php on line 70
[02-May-2025 18:59:11 Asia/Baghdad] PHP Warning:  Constant MAX_FILE_SIZE already defined in C:\xampp\htdocs\invoicing_system\config.php on line 76
[02-May-2025 18:59:11 Asia/Baghdad] PHP Warning:  Constant ALLOWED_EXTENSIONS already defined in C:\xampp\htdocs\invoicing_system\config.php on line 77
[02-May-2025 18:59:11 Asia/Baghdad] PHP Warning:  ini_set(): Session ini settings cannot be changed when a session is active in C:\xampp\htdocs\invoicing_system\config.php on line 230
[02-May-2025 18:59:11 Asia/Baghdad] PHP Parse error:  syntax error, unexpected token "<", expecting end of file in C:\xampp\htdocs\invoicing_system\database.php on line 6
[02-May-2025 18:59:11 Asia/Baghdad] PHP Warning:  Constant DB_HOST already defined in C:\xampp\htdocs\invoicing_system\config.php on line 58
[02-May-2025 18:59:11 Asia/Baghdad] PHP Warning:  Constant DB_USER already defined in C:\xampp\htdocs\invoicing_system\config.php on line 59
[02-May-2025 18:59:11 Asia/Baghdad] PHP Warning:  Constant DB_PASS already defined in C:\xampp\htdocs\invoicing_system\config.php on line 60
[02-May-2025 18:59:11 Asia/Baghdad] PHP Warning:  Constant DB_NAME already defined in C:\xampp\htdocs\invoicing_system\config.php on line 61
[02-May-2025 18:59:11 Asia/Baghdad] PHP Warning:  Constant SITE_NAME already defined in C:\xampp\htdocs\invoicing_system\config.php on line 65
[02-May-2025 18:59:11 Asia/Baghdad] PHP Warning:  Constant ROOT_PATH already defined in C:\xampp\htdocs\invoicing_system\config.php on line 70
[02-May-2025 18:59:11 Asia/Baghdad] PHP Warning:  Constant MAX_FILE_SIZE already defined in C:\xampp\htdocs\invoicing_system\config.php on line 76
[02-May-2025 18:59:11 Asia/Baghdad] PHP Warning:  Constant ALLOWED_EXTENSIONS already defined in C:\xampp\htdocs\invoicing_system\config.php on line 77
[02-May-2025 18:59:11 Asia/Baghdad] PHP Warning:  ini_set(): Session ini settings cannot be changed when a session is active in C:\xampp\htdocs\invoicing_system\config.php on line 230
[02-May-2025 18:59:11 Asia/Baghdad] PHP Parse error:  syntax error, unexpected token "<", expecting end of file in C:\xampp\htdocs\invoicing_system\database.php on line 6
[02-May-2025 19:01:01 Asia/Baghdad] PHP Warning:  Constant DB_HOST already defined in C:\xampp\htdocs\invoicing_system\config.php on line 62
[02-May-2025 19:01:01 Asia/Baghdad] PHP Warning:  Constant DB_USER already defined in C:\xampp\htdocs\invoicing_system\config.php on line 63
[02-May-2025 19:01:01 Asia/Baghdad] PHP Warning:  Constant DB_PASS already defined in C:\xampp\htdocs\invoicing_system\config.php on line 64
[02-May-2025 19:01:01 Asia/Baghdad] PHP Warning:  Constant DB_NAME already defined in C:\xampp\htdocs\invoicing_system\config.php on line 65
[02-May-2025 19:01:01 Asia/Baghdad] PHP Warning:  Constant SITE_NAME already defined in C:\xampp\htdocs\invoicing_system\config.php on line 69
[02-May-2025 19:01:01 Asia/Baghdad] PHP Warning:  Constant ROOT_PATH already defined in C:\xampp\htdocs\invoicing_system\config.php on line 74
[02-May-2025 19:01:01 Asia/Baghdad] PHP Warning:  Constant MAX_FILE_SIZE already defined in C:\xampp\htdocs\invoicing_system\config.php on line 80
[02-May-2025 19:01:01 Asia/Baghdad] PHP Warning:  Constant ALLOWED_EXTENSIONS already defined in C:\xampp\htdocs\invoicing_system\config.php on line 81
[02-May-2025 19:01:01 Asia/Baghdad] PHP Parse error:  syntax error, unexpected token "<", expecting end of file in C:\xampp\htdocs\invoicing_system\database.php on line 6
[02-May-2025 19:01:01 Asia/Baghdad] PHP Warning:  Constant DB_HOST already defined in C:\xampp\htdocs\invoicing_system\config.php on line 62
[02-May-2025 19:01:01 Asia/Baghdad] PHP Warning:  Constant DB_USER already defined in C:\xampp\htdocs\invoicing_system\config.php on line 63
[02-May-2025 19:01:01 Asia/Baghdad] PHP Warning:  Constant DB_PASS already defined in C:\xampp\htdocs\invoicing_system\config.php on line 64
[02-May-2025 19:01:01 Asia/Baghdad] PHP Warning:  Constant DB_NAME already defined in C:\xampp\htdocs\invoicing_system\config.php on line 65
[02-May-2025 19:01:01 Asia/Baghdad] PHP Warning:  Constant SITE_NAME already defined in C:\xampp\htdocs\invoicing_system\config.php on line 69
[02-May-2025 19:01:01 Asia/Baghdad] PHP Warning:  Constant ROOT_PATH already defined in C:\xampp\htdocs\invoicing_system\config.php on line 74
[02-May-2025 19:01:01 Asia/Baghdad] PHP Warning:  Constant MAX_FILE_SIZE already defined in C:\xampp\htdocs\invoicing_system\config.php on line 80
[02-May-2025 19:01:01 Asia/Baghdad] PHP Warning:  Constant ALLOWED_EXTENSIONS already defined in C:\xampp\htdocs\invoicing_system\config.php on line 81
[02-May-2025 19:01:01 Asia/Baghdad] PHP Parse error:  syntax error, unexpected token "<", expecting end of file in C:\xampp\htdocs\invoicing_system\database.php on line 6
[02-May-2025 19:01:01 Asia/Baghdad] PHP Warning:  Constant DB_HOST already defined in C:\xampp\htdocs\invoicing_system\config.php on line 62
[02-May-2025 19:01:01 Asia/Baghdad] PHP Warning:  Constant DB_USER already defined in C:\xampp\htdocs\invoicing_system\config.php on line 63
[02-May-2025 19:01:01 Asia/Baghdad] PHP Warning:  Constant DB_PASS already defined in C:\xampp\htdocs\invoicing_system\config.php on line 64
[02-May-2025 19:01:01 Asia/Baghdad] PHP Warning:  Constant DB_NAME already defined in C:\xampp\htdocs\invoicing_system\config.php on line 65
[02-May-2025 19:01:01 Asia/Baghdad] PHP Warning:  Constant SITE_NAME already defined in C:\xampp\htdocs\invoicing_system\config.php on line 69
[02-May-2025 19:01:01 Asia/Baghdad] PHP Warning:  Constant ROOT_PATH already defined in C:\xampp\htdocs\invoicing_system\config.php on line 74
[02-May-2025 19:01:01 Asia/Baghdad] PHP Warning:  Constant MAX_FILE_SIZE already defined in C:\xampp\htdocs\invoicing_system\config.php on line 80
[02-May-2025 19:01:01 Asia/Baghdad] PHP Warning:  Constant ALLOWED_EXTENSIONS already defined in C:\xampp\htdocs\invoicing_system\config.php on line 81
[02-May-2025 19:01:01 Asia/Baghdad] PHP Parse error:  syntax error, unexpected token "<", expecting end of file in C:\xampp\htdocs\invoicing_system\database.php on line 6
[02-May-2025 19:01:01 Asia/Baghdad] PHP Warning:  Constant DB_HOST already defined in C:\xampp\htdocs\invoicing_system\config.php on line 62
[02-May-2025 19:01:01 Asia/Baghdad] PHP Warning:  Constant DB_USER already defined in C:\xampp\htdocs\invoicing_system\config.php on line 63
[02-May-2025 19:01:01 Asia/Baghdad] PHP Warning:  Constant DB_PASS already defined in C:\xampp\htdocs\invoicing_system\config.php on line 64
[02-May-2025 19:01:01 Asia/Baghdad] PHP Warning:  Constant DB_NAME already defined in C:\xampp\htdocs\invoicing_system\config.php on line 65
[02-May-2025 19:01:01 Asia/Baghdad] PHP Warning:  Constant SITE_NAME already defined in C:\xampp\htdocs\invoicing_system\config.php on line 69
[02-May-2025 19:01:01 Asia/Baghdad] PHP Warning:  Constant ROOT_PATH already defined in C:\xampp\htdocs\invoicing_system\config.php on line 74
[02-May-2025 19:01:01 Asia/Baghdad] PHP Warning:  Constant MAX_FILE_SIZE already defined in C:\xampp\htdocs\invoicing_system\config.php on line 80
[02-May-2025 19:01:01 Asia/Baghdad] PHP Warning:  Constant ALLOWED_EXTENSIONS already defined in C:\xampp\htdocs\invoicing_system\config.php on line 81
[02-May-2025 19:01:01 Asia/Baghdad] PHP Parse error:  syntax error, unexpected token "<", expecting end of file in C:\xampp\htdocs\invoicing_system\database.php on line 6
[02-May-2025 19:01:02 Asia/Baghdad] PHP Warning:  Constant DB_HOST already defined in C:\xampp\htdocs\invoicing_system\config.php on line 62
[02-May-2025 19:01:02 Asia/Baghdad] PHP Warning:  Constant DB_USER already defined in C:\xampp\htdocs\invoicing_system\config.php on line 63
[02-May-2025 19:01:02 Asia/Baghdad] PHP Warning:  Constant DB_PASS already defined in C:\xampp\htdocs\invoicing_system\config.php on line 64
[02-May-2025 19:01:02 Asia/Baghdad] PHP Warning:  Constant DB_NAME already defined in C:\xampp\htdocs\invoicing_system\config.php on line 65
[02-May-2025 19:01:02 Asia/Baghdad] PHP Warning:  Constant SITE_NAME already defined in C:\xampp\htdocs\invoicing_system\config.php on line 69
[02-May-2025 19:01:02 Asia/Baghdad] PHP Warning:  Constant ROOT_PATH already defined in C:\xampp\htdocs\invoicing_system\config.php on line 74
[02-May-2025 19:01:02 Asia/Baghdad] PHP Warning:  Constant MAX_FILE_SIZE already defined in C:\xampp\htdocs\invoicing_system\config.php on line 80
[02-May-2025 19:01:02 Asia/Baghdad] PHP Warning:  Constant ALLOWED_EXTENSIONS already defined in C:\xampp\htdocs\invoicing_system\config.php on line 81
[02-May-2025 19:01:02 Asia/Baghdad] PHP Parse error:  syntax error, unexpected token "<", expecting end of file in C:\xampp\htdocs\invoicing_system\database.php on line 6
[02-May-2025 19:01:02 Asia/Baghdad] PHP Warning:  Constant DB_HOST already defined in C:\xampp\htdocs\invoicing_system\config.php on line 62
[02-May-2025 19:01:02 Asia/Baghdad] PHP Warning:  Constant DB_USER already defined in C:\xampp\htdocs\invoicing_system\config.php on line 63
[02-May-2025 19:01:02 Asia/Baghdad] PHP Warning:  Constant DB_PASS already defined in C:\xampp\htdocs\invoicing_system\config.php on line 64
[02-May-2025 19:01:02 Asia/Baghdad] PHP Warning:  Constant DB_NAME already defined in C:\xampp\htdocs\invoicing_system\config.php on line 65
[02-May-2025 19:01:02 Asia/Baghdad] PHP Warning:  Constant SITE_NAME already defined in C:\xampp\htdocs\invoicing_system\config.php on line 69
[02-May-2025 19:01:02 Asia/Baghdad] PHP Warning:  Constant ROOT_PATH already defined in C:\xampp\htdocs\invoicing_system\config.php on line 74
[02-May-2025 19:01:02 Asia/Baghdad] PHP Warning:  Constant MAX_FILE_SIZE already defined in C:\xampp\htdocs\invoicing_system\config.php on line 80
[02-May-2025 19:01:02 Asia/Baghdad] PHP Warning:  Constant ALLOWED_EXTENSIONS already defined in C:\xampp\htdocs\invoicing_system\config.php on line 81
[02-May-2025 19:01:02 Asia/Baghdad] PHP Parse error:  syntax error, unexpected token "<", expecting end of file in C:\xampp\htdocs\invoicing_system\database.php on line 6
[02-May-2025 19:01:02 Asia/Baghdad] PHP Warning:  Constant DB_HOST already defined in C:\xampp\htdocs\invoicing_system\config.php on line 62
[02-May-2025 19:01:02 Asia/Baghdad] PHP Warning:  Constant DB_USER already defined in C:\xampp\htdocs\invoicing_system\config.php on line 63
[02-May-2025 19:01:02 Asia/Baghdad] PHP Warning:  Constant DB_PASS already defined in C:\xampp\htdocs\invoicing_system\config.php on line 64
[02-May-2025 19:01:02 Asia/Baghdad] PHP Warning:  Constant DB_NAME already defined in C:\xampp\htdocs\invoicing_system\config.php on line 65
[02-May-2025 19:01:02 Asia/Baghdad] PHP Warning:  Constant SITE_NAME already defined in C:\xampp\htdocs\invoicing_system\config.php on line 69
[02-May-2025 19:01:02 Asia/Baghdad] PHP Warning:  Constant ROOT_PATH already defined in C:\xampp\htdocs\invoicing_system\config.php on line 74
[02-May-2025 19:01:02 Asia/Baghdad] PHP Warning:  Constant MAX_FILE_SIZE already defined in C:\xampp\htdocs\invoicing_system\config.php on line 80
[02-May-2025 19:01:02 Asia/Baghdad] PHP Warning:  Constant ALLOWED_EXTENSIONS already defined in C:\xampp\htdocs\invoicing_system\config.php on line 81
[02-May-2025 19:01:02 Asia/Baghdad] PHP Parse error:  syntax error, unexpected token "<", expecting end of file in C:\xampp\htdocs\invoicing_system\database.php on line 6
[02-May-2025 19:01:02 Asia/Baghdad] PHP Warning:  Constant DB_HOST already defined in C:\xampp\htdocs\invoicing_system\config.php on line 62
[02-May-2025 19:01:02 Asia/Baghdad] PHP Warning:  Constant DB_USER already defined in C:\xampp\htdocs\invoicing_system\config.php on line 63
[02-May-2025 19:01:02 Asia/Baghdad] PHP Warning:  Constant DB_PASS already defined in C:\xampp\htdocs\invoicing_system\config.php on line 64
[02-May-2025 19:01:02 Asia/Baghdad] PHP Warning:  Constant DB_NAME already defined in C:\xampp\htdocs\invoicing_system\config.php on line 65
[02-May-2025 19:01:02 Asia/Baghdad] PHP Warning:  Constant SITE_NAME already defined in C:\xampp\htdocs\invoicing_system\config.php on line 69
[02-May-2025 19:01:02 Asia/Baghdad] PHP Warning:  Constant ROOT_PATH already defined in C:\xampp\htdocs\invoicing_system\config.php on line 74
[02-May-2025 19:01:02 Asia/Baghdad] PHP Warning:  Constant MAX_FILE_SIZE already defined in C:\xampp\htdocs\invoicing_system\config.php on line 80
[02-May-2025 19:01:02 Asia/Baghdad] PHP Warning:  Constant ALLOWED_EXTENSIONS already defined in C:\xampp\htdocs\invoicing_system\config.php on line 81
[02-May-2025 19:01:02 Asia/Baghdad] PHP Parse error:  syntax error, unexpected token "<", expecting end of file in C:\xampp\htdocs\invoicing_system\database.php on line 6
[02-May-2025 19:01:02 Asia/Baghdad] PHP Warning:  Constant DB_HOST already defined in C:\xampp\htdocs\invoicing_system\config.php on line 62
[02-May-2025 19:01:02 Asia/Baghdad] PHP Warning:  Constant DB_USER already defined in C:\xampp\htdocs\invoicing_system\config.php on line 63
[02-May-2025 19:01:02 Asia/Baghdad] PHP Warning:  Constant DB_PASS already defined in C:\xampp\htdocs\invoicing_system\config.php on line 64
[02-May-2025 19:01:02 Asia/Baghdad] PHP Warning:  Constant DB_NAME already defined in C:\xampp\htdocs\invoicing_system\config.php on line 65
[02-May-2025 19:01:02 Asia/Baghdad] PHP Warning:  Constant SITE_NAME already defined in C:\xampp\htdocs\invoicing_system\config.php on line 69
[02-May-2025 19:01:02 Asia/Baghdad] PHP Warning:  Constant ROOT_PATH already defined in C:\xampp\htdocs\invoicing_system\config.php on line 74
[02-May-2025 19:01:02 Asia/Baghdad] PHP Warning:  Constant MAX_FILE_SIZE already defined in C:\xampp\htdocs\invoicing_system\config.php on line 80
[02-May-2025 19:01:02 Asia/Baghdad] PHP Warning:  Constant ALLOWED_EXTENSIONS already defined in C:\xampp\htdocs\invoicing_system\config.php on line 81
[02-May-2025 19:01:02 Asia/Baghdad] PHP Parse error:  syntax error, unexpected token "<", expecting end of file in C:\xampp\htdocs\invoicing_system\database.php on line 6
[02-May-2025 19:01:03 Asia/Baghdad] PHP Warning:  Constant DB_HOST already defined in C:\xampp\htdocs\invoicing_system\config.php on line 62
[02-May-2025 19:01:03 Asia/Baghdad] PHP Warning:  Constant DB_USER already defined in C:\xampp\htdocs\invoicing_system\config.php on line 63
[02-May-2025 19:01:03 Asia/Baghdad] PHP Warning:  Constant DB_PASS already defined in C:\xampp\htdocs\invoicing_system\config.php on line 64
[02-May-2025 19:01:03 Asia/Baghdad] PHP Warning:  Constant DB_NAME already defined in C:\xampp\htdocs\invoicing_system\config.php on line 65
[02-May-2025 19:01:03 Asia/Baghdad] PHP Warning:  Constant SITE_NAME already defined in C:\xampp\htdocs\invoicing_system\config.php on line 69
[02-May-2025 19:01:03 Asia/Baghdad] PHP Warning:  Constant ROOT_PATH already defined in C:\xampp\htdocs\invoicing_system\config.php on line 74
[02-May-2025 19:01:03 Asia/Baghdad] PHP Warning:  Constant MAX_FILE_SIZE already defined in C:\xampp\htdocs\invoicing_system\config.php on line 80
[02-May-2025 19:01:03 Asia/Baghdad] PHP Warning:  Constant ALLOWED_EXTENSIONS already defined in C:\xampp\htdocs\invoicing_system\config.php on line 81
[02-May-2025 19:01:03 Asia/Baghdad] PHP Parse error:  syntax error, unexpected token "<", expecting end of file in C:\xampp\htdocs\invoicing_system\database.php on line 6
[02-May-2025 19:01:03 Asia/Baghdad] PHP Warning:  Constant DB_HOST already defined in C:\xampp\htdocs\invoicing_system\config.php on line 62
[02-May-2025 19:01:03 Asia/Baghdad] PHP Warning:  Constant DB_USER already defined in C:\xampp\htdocs\invoicing_system\config.php on line 63
[02-May-2025 19:01:03 Asia/Baghdad] PHP Warning:  Constant DB_PASS already defined in C:\xampp\htdocs\invoicing_system\config.php on line 64
[02-May-2025 19:01:03 Asia/Baghdad] PHP Warning:  Constant DB_NAME already defined in C:\xampp\htdocs\invoicing_system\config.php on line 65
[02-May-2025 19:01:03 Asia/Baghdad] PHP Warning:  Constant SITE_NAME already defined in C:\xampp\htdocs\invoicing_system\config.php on line 69
[02-May-2025 19:01:03 Asia/Baghdad] PHP Warning:  Constant ROOT_PATH already defined in C:\xampp\htdocs\invoicing_system\config.php on line 74
[02-May-2025 19:01:03 Asia/Baghdad] PHP Warning:  Constant MAX_FILE_SIZE already defined in C:\xampp\htdocs\invoicing_system\config.php on line 80
[02-May-2025 19:01:03 Asia/Baghdad] PHP Warning:  Constant ALLOWED_EXTENSIONS already defined in C:\xampp\htdocs\invoicing_system\config.php on line 81
[02-May-2025 19:01:03 Asia/Baghdad] PHP Parse error:  syntax error, unexpected token "<", expecting end of file in C:\xampp\htdocs\invoicing_system\database.php on line 6
[02-May-2025 19:01:03 Asia/Baghdad] PHP Warning:  Constant DB_HOST already defined in C:\xampp\htdocs\invoicing_system\config.php on line 62
[02-May-2025 19:01:03 Asia/Baghdad] PHP Warning:  Constant DB_USER already defined in C:\xampp\htdocs\invoicing_system\config.php on line 63
[02-May-2025 19:01:03 Asia/Baghdad] PHP Warning:  Constant DB_PASS already defined in C:\xampp\htdocs\invoicing_system\config.php on line 64
[02-May-2025 19:01:03 Asia/Baghdad] PHP Warning:  Constant DB_NAME already defined in C:\xampp\htdocs\invoicing_system\config.php on line 65
[02-May-2025 19:01:03 Asia/Baghdad] PHP Warning:  Constant SITE_NAME already defined in C:\xampp\htdocs\invoicing_system\config.php on line 69
[02-May-2025 19:01:03 Asia/Baghdad] PHP Warning:  Constant ROOT_PATH already defined in C:\xampp\htdocs\invoicing_system\config.php on line 74
[02-May-2025 19:01:03 Asia/Baghdad] PHP Warning:  Constant MAX_FILE_SIZE already defined in C:\xampp\htdocs\invoicing_system\config.php on line 80
[02-May-2025 19:01:03 Asia/Baghdad] PHP Warning:  Constant ALLOWED_EXTENSIONS already defined in C:\xampp\htdocs\invoicing_system\config.php on line 81
[02-May-2025 19:01:03 Asia/Baghdad] PHP Parse error:  syntax error, unexpected token "<", expecting end of file in C:\xampp\htdocs\invoicing_system\database.php on line 6
[02-May-2025 19:01:03 Asia/Baghdad] PHP Warning:  Constant DB_HOST already defined in C:\xampp\htdocs\invoicing_system\config.php on line 62
[02-May-2025 19:01:03 Asia/Baghdad] PHP Warning:  Constant DB_USER already defined in C:\xampp\htdocs\invoicing_system\config.php on line 63
[02-May-2025 19:01:03 Asia/Baghdad] PHP Warning:  Constant DB_PASS already defined in C:\xampp\htdocs\invoicing_system\config.php on line 64
[02-May-2025 19:01:03 Asia/Baghdad] PHP Warning:  Constant DB_NAME already defined in C:\xampp\htdocs\invoicing_system\config.php on line 65
[02-May-2025 19:01:03 Asia/Baghdad] PHP Warning:  Constant SITE_NAME already defined in C:\xampp\htdocs\invoicing_system\config.php on line 69
[02-May-2025 19:01:03 Asia/Baghdad] PHP Warning:  Constant ROOT_PATH already defined in C:\xampp\htdocs\invoicing_system\config.php on line 74
[02-May-2025 19:01:03 Asia/Baghdad] PHP Warning:  Constant MAX_FILE_SIZE already defined in C:\xampp\htdocs\invoicing_system\config.php on line 80
[02-May-2025 19:01:03 Asia/Baghdad] PHP Warning:  Constant ALLOWED_EXTENSIONS already defined in C:\xampp\htdocs\invoicing_system\config.php on line 81
[02-May-2025 19:01:03 Asia/Baghdad] PHP Parse error:  syntax error, unexpected token "<", expecting end of file in C:\xampp\htdocs\invoicing_system\database.php on line 6
[02-May-2025 19:01:03 Asia/Baghdad] PHP Warning:  Constant DB_HOST already defined in C:\xampp\htdocs\invoicing_system\config.php on line 62
[02-May-2025 19:01:03 Asia/Baghdad] PHP Warning:  Constant DB_USER already defined in C:\xampp\htdocs\invoicing_system\config.php on line 63
[02-May-2025 19:01:03 Asia/Baghdad] PHP Warning:  Constant DB_PASS already defined in C:\xampp\htdocs\invoicing_system\config.php on line 64
[02-May-2025 19:01:03 Asia/Baghdad] PHP Warning:  Constant DB_NAME already defined in C:\xampp\htdocs\invoicing_system\config.php on line 65
[02-May-2025 19:01:03 Asia/Baghdad] PHP Warning:  Constant SITE_NAME already defined in C:\xampp\htdocs\invoicing_system\config.php on line 69
[02-May-2025 19:01:03 Asia/Baghdad] PHP Warning:  Constant ROOT_PATH already defined in C:\xampp\htdocs\invoicing_system\config.php on line 74
[02-May-2025 19:01:03 Asia/Baghdad] PHP Warning:  Constant MAX_FILE_SIZE already defined in C:\xampp\htdocs\invoicing_system\config.php on line 80
[02-May-2025 19:01:03 Asia/Baghdad] PHP Warning:  Constant ALLOWED_EXTENSIONS already defined in C:\xampp\htdocs\invoicing_system\config.php on line 81
[02-May-2025 19:01:03 Asia/Baghdad] PHP Parse error:  syntax error, unexpected token "<", expecting end of file in C:\xampp\htdocs\invoicing_system\database.php on line 6
[02-May-2025 19:01:04 Asia/Baghdad] PHP Warning:  Constant DB_HOST already defined in C:\xampp\htdocs\invoicing_system\config.php on line 62
[02-May-2025 19:01:04 Asia/Baghdad] PHP Warning:  Constant DB_USER already defined in C:\xampp\htdocs\invoicing_system\config.php on line 63
[02-May-2025 19:01:04 Asia/Baghdad] PHP Warning:  Constant DB_PASS already defined in C:\xampp\htdocs\invoicing_system\config.php on line 64
[02-May-2025 19:01:04 Asia/Baghdad] PHP Warning:  Constant DB_NAME already defined in C:\xampp\htdocs\invoicing_system\config.php on line 65
[02-May-2025 19:01:04 Asia/Baghdad] PHP Warning:  Constant SITE_NAME already defined in C:\xampp\htdocs\invoicing_system\config.php on line 69
[02-May-2025 19:01:04 Asia/Baghdad] PHP Warning:  Constant ROOT_PATH already defined in C:\xampp\htdocs\invoicing_system\config.php on line 74
[02-May-2025 19:01:04 Asia/Baghdad] PHP Warning:  Constant MAX_FILE_SIZE already defined in C:\xampp\htdocs\invoicing_system\config.php on line 80
[02-May-2025 19:01:04 Asia/Baghdad] PHP Warning:  Constant ALLOWED_EXTENSIONS already defined in C:\xampp\htdocs\invoicing_system\config.php on line 81
[02-May-2025 19:01:04 Asia/Baghdad] PHP Parse error:  syntax error, unexpected token "<", expecting end of file in C:\xampp\htdocs\invoicing_system\database.php on line 6
[02-May-2025 19:01:04 Asia/Baghdad] PHP Warning:  Constant DB_HOST already defined in C:\xampp\htdocs\invoicing_system\config.php on line 62
[02-May-2025 19:01:04 Asia/Baghdad] PHP Warning:  Constant DB_USER already defined in C:\xampp\htdocs\invoicing_system\config.php on line 63
[02-May-2025 19:01:04 Asia/Baghdad] PHP Warning:  Constant DB_PASS already defined in C:\xampp\htdocs\invoicing_system\config.php on line 64
[02-May-2025 19:01:04 Asia/Baghdad] PHP Warning:  Constant DB_NAME already defined in C:\xampp\htdocs\invoicing_system\config.php on line 65
[02-May-2025 19:01:04 Asia/Baghdad] PHP Warning:  Constant SITE_NAME already defined in C:\xampp\htdocs\invoicing_system\config.php on line 69
[02-May-2025 19:01:04 Asia/Baghdad] PHP Warning:  Constant ROOT_PATH already defined in C:\xampp\htdocs\invoicing_system\config.php on line 74
[02-May-2025 19:01:04 Asia/Baghdad] PHP Warning:  Constant MAX_FILE_SIZE already defined in C:\xampp\htdocs\invoicing_system\config.php on line 80
[02-May-2025 19:01:04 Asia/Baghdad] PHP Warning:  Constant ALLOWED_EXTENSIONS already defined in C:\xampp\htdocs\invoicing_system\config.php on line 81
[02-May-2025 19:01:04 Asia/Baghdad] PHP Parse error:  syntax error, unexpected token "<", expecting end of file in C:\xampp\htdocs\invoicing_system\database.php on line 6
[02-May-2025 19:01:04 Asia/Baghdad] PHP Warning:  Constant DB_HOST already defined in C:\xampp\htdocs\invoicing_system\config.php on line 62
[02-May-2025 19:01:04 Asia/Baghdad] PHP Warning:  Constant DB_USER already defined in C:\xampp\htdocs\invoicing_system\config.php on line 63
[02-May-2025 19:01:04 Asia/Baghdad] PHP Warning:  Constant DB_PASS already defined in C:\xampp\htdocs\invoicing_system\config.php on line 64
[02-May-2025 19:01:04 Asia/Baghdad] PHP Warning:  Constant DB_NAME already defined in C:\xampp\htdocs\invoicing_system\config.php on line 65
[02-May-2025 19:01:04 Asia/Baghdad] PHP Warning:  Constant SITE_NAME already defined in C:\xampp\htdocs\invoicing_system\config.php on line 69
[02-May-2025 19:01:04 Asia/Baghdad] PHP Warning:  Constant ROOT_PATH already defined in C:\xampp\htdocs\invoicing_system\config.php on line 74
[02-May-2025 19:01:04 Asia/Baghdad] PHP Warning:  Constant MAX_FILE_SIZE already defined in C:\xampp\htdocs\invoicing_system\config.php on line 80
[02-May-2025 19:01:04 Asia/Baghdad] PHP Warning:  Constant ALLOWED_EXTENSIONS already defined in C:\xampp\htdocs\invoicing_system\config.php on line 81
[02-May-2025 19:01:04 Asia/Baghdad] PHP Parse error:  syntax error, unexpected token "<", expecting end of file in C:\xampp\htdocs\invoicing_system\database.php on line 6
[02-May-2025 19:01:04 Asia/Baghdad] PHP Warning:  Constant DB_HOST already defined in C:\xampp\htdocs\invoicing_system\config.php on line 62
[02-May-2025 19:01:04 Asia/Baghdad] PHP Warning:  Constant DB_USER already defined in C:\xampp\htdocs\invoicing_system\config.php on line 63
[02-May-2025 19:01:04 Asia/Baghdad] PHP Warning:  Constant DB_PASS already defined in C:\xampp\htdocs\invoicing_system\config.php on line 64
[02-May-2025 19:01:04 Asia/Baghdad] PHP Warning:  Constant DB_NAME already defined in C:\xampp\htdocs\invoicing_system\config.php on line 65
[02-May-2025 19:01:04 Asia/Baghdad] PHP Warning:  Constant SITE_NAME already defined in C:\xampp\htdocs\invoicing_system\config.php on line 69
[02-May-2025 19:01:04 Asia/Baghdad] PHP Warning:  Constant ROOT_PATH already defined in C:\xampp\htdocs\invoicing_system\config.php on line 74
[02-May-2025 19:01:04 Asia/Baghdad] PHP Warning:  Constant MAX_FILE_SIZE already defined in C:\xampp\htdocs\invoicing_system\config.php on line 80
[02-May-2025 19:01:04 Asia/Baghdad] PHP Warning:  Constant ALLOWED_EXTENSIONS already defined in C:\xampp\htdocs\invoicing_system\config.php on line 81
[02-May-2025 19:01:04 Asia/Baghdad] PHP Parse error:  syntax error, unexpected token "<", expecting end of file in C:\xampp\htdocs\invoicing_system\database.php on line 6
[02-May-2025 19:01:04 Asia/Baghdad] PHP Warning:  Constant DB_HOST already defined in C:\xampp\htdocs\invoicing_system\config.php on line 62
[02-May-2025 19:01:04 Asia/Baghdad] PHP Warning:  Constant DB_USER already defined in C:\xampp\htdocs\invoicing_system\config.php on line 63
[02-May-2025 19:01:04 Asia/Baghdad] PHP Warning:  Constant DB_PASS already defined in C:\xampp\htdocs\invoicing_system\config.php on line 64
[02-May-2025 19:01:04 Asia/Baghdad] PHP Warning:  Constant DB_NAME already defined in C:\xampp\htdocs\invoicing_system\config.php on line 65
[02-May-2025 19:01:04 Asia/Baghdad] PHP Warning:  Constant SITE_NAME already defined in C:\xampp\htdocs\invoicing_system\config.php on line 69
[02-May-2025 19:01:04 Asia/Baghdad] PHP Warning:  Constant ROOT_PATH already defined in C:\xampp\htdocs\invoicing_system\config.php on line 74
[02-May-2025 19:01:04 Asia/Baghdad] PHP Warning:  Constant MAX_FILE_SIZE already defined in C:\xampp\htdocs\invoicing_system\config.php on line 80
[02-May-2025 19:01:04 Asia/Baghdad] PHP Warning:  Constant ALLOWED_EXTENSIONS already defined in C:\xampp\htdocs\invoicing_system\config.php on line 81
[02-May-2025 19:01:04 Asia/Baghdad] PHP Parse error:  syntax error, unexpected token "<", expecting end of file in C:\xampp\htdocs\invoicing_system\database.php on line 6
[02-May-2025 19:01:05 Asia/Baghdad] PHP Warning:  Constant DB_HOST already defined in C:\xampp\htdocs\invoicing_system\config.php on line 62
[02-May-2025 19:01:05 Asia/Baghdad] PHP Warning:  Constant DB_USER already defined in C:\xampp\htdocs\invoicing_system\config.php on line 63
[02-May-2025 19:01:05 Asia/Baghdad] PHP Warning:  Constant DB_PASS already defined in C:\xampp\htdocs\invoicing_system\config.php on line 64
[02-May-2025 19:01:05 Asia/Baghdad] PHP Warning:  Constant DB_NAME already defined in C:\xampp\htdocs\invoicing_system\config.php on line 65
[02-May-2025 19:01:05 Asia/Baghdad] PHP Warning:  Constant SITE_NAME already defined in C:\xampp\htdocs\invoicing_system\config.php on line 69
[02-May-2025 19:01:05 Asia/Baghdad] PHP Warning:  Constant ROOT_PATH already defined in C:\xampp\htdocs\invoicing_system\config.php on line 74
[02-May-2025 19:01:05 Asia/Baghdad] PHP Warning:  Constant MAX_FILE_SIZE already defined in C:\xampp\htdocs\invoicing_system\config.php on line 80
[02-May-2025 19:01:05 Asia/Baghdad] PHP Warning:  Constant ALLOWED_EXTENSIONS already defined in C:\xampp\htdocs\invoicing_system\config.php on line 81
[02-May-2025 19:01:05 Asia/Baghdad] PHP Parse error:  syntax error, unexpected token "<", expecting end of file in C:\xampp\htdocs\invoicing_system\database.php on line 6
[02-May-2025 19:01:05 Asia/Baghdad] PHP Warning:  Constant DB_HOST already defined in C:\xampp\htdocs\invoicing_system\config.php on line 62
[02-May-2025 19:01:05 Asia/Baghdad] PHP Warning:  Constant DB_USER already defined in C:\xampp\htdocs\invoicing_system\config.php on line 63
[02-May-2025 19:01:05 Asia/Baghdad] PHP Warning:  Constant DB_PASS already defined in C:\xampp\htdocs\invoicing_system\config.php on line 64
[02-May-2025 19:01:05 Asia/Baghdad] PHP Warning:  Constant DB_NAME already defined in C:\xampp\htdocs\invoicing_system\config.php on line 65
[02-May-2025 19:01:05 Asia/Baghdad] PHP Warning:  Constant SITE_NAME already defined in C:\xampp\htdocs\invoicing_system\config.php on line 69
[02-May-2025 19:01:05 Asia/Baghdad] PHP Warning:  Constant ROOT_PATH already defined in C:\xampp\htdocs\invoicing_system\config.php on line 74
[02-May-2025 19:01:05 Asia/Baghdad] PHP Warning:  Constant MAX_FILE_SIZE already defined in C:\xampp\htdocs\invoicing_system\config.php on line 80
[02-May-2025 19:01:05 Asia/Baghdad] PHP Warning:  Constant ALLOWED_EXTENSIONS already defined in C:\xampp\htdocs\invoicing_system\config.php on line 81
[02-May-2025 19:01:05 Asia/Baghdad] PHP Parse error:  syntax error, unexpected token "<", expecting end of file in C:\xampp\htdocs\invoicing_system\database.php on line 6
[02-May-2025 19:01:06 Asia/Baghdad] PHP Warning:  Constant DB_HOST already defined in C:\xampp\htdocs\invoicing_system\config.php on line 62
[02-May-2025 19:01:06 Asia/Baghdad] PHP Warning:  Constant DB_USER already defined in C:\xampp\htdocs\invoicing_system\config.php on line 63
[02-May-2025 19:01:06 Asia/Baghdad] PHP Warning:  Constant DB_PASS already defined in C:\xampp\htdocs\invoicing_system\config.php on line 64
[02-May-2025 19:01:06 Asia/Baghdad] PHP Warning:  Constant DB_NAME already defined in C:\xampp\htdocs\invoicing_system\config.php on line 65
[02-May-2025 19:01:06 Asia/Baghdad] PHP Warning:  Constant SITE_NAME already defined in C:\xampp\htdocs\invoicing_system\config.php on line 69
[02-May-2025 19:01:06 Asia/Baghdad] PHP Warning:  Constant ROOT_PATH already defined in C:\xampp\htdocs\invoicing_system\config.php on line 74
[02-May-2025 19:01:06 Asia/Baghdad] PHP Warning:  Constant MAX_FILE_SIZE already defined in C:\xampp\htdocs\invoicing_system\config.php on line 80
[02-May-2025 19:01:06 Asia/Baghdad] PHP Warning:  Constant ALLOWED_EXTENSIONS already defined in C:\xampp\htdocs\invoicing_system\config.php on line 81
[02-May-2025 19:01:06 Asia/Baghdad] PHP Parse error:  syntax error, unexpected token "<", expecting end of file in C:\xampp\htdocs\invoicing_system\database.php on line 6
[02-May-2025 19:01:08 Asia/Baghdad] PHP Warning:  Constant DB_HOST already defined in C:\xampp\htdocs\invoicing_system\config.php on line 62
[02-May-2025 19:01:08 Asia/Baghdad] PHP Warning:  Constant DB_USER already defined in C:\xampp\htdocs\invoicing_system\config.php on line 63
[02-May-2025 19:01:08 Asia/Baghdad] PHP Warning:  Constant DB_PASS already defined in C:\xampp\htdocs\invoicing_system\config.php on line 64
[02-May-2025 19:01:08 Asia/Baghdad] PHP Warning:  Constant DB_NAME already defined in C:\xampp\htdocs\invoicing_system\config.php on line 65
[02-May-2025 19:01:08 Asia/Baghdad] PHP Warning:  Constant SITE_NAME already defined in C:\xampp\htdocs\invoicing_system\config.php on line 69
[02-May-2025 19:01:08 Asia/Baghdad] PHP Warning:  Constant ROOT_PATH already defined in C:\xampp\htdocs\invoicing_system\config.php on line 74
[02-May-2025 19:01:08 Asia/Baghdad] PHP Warning:  Constant MAX_FILE_SIZE already defined in C:\xampp\htdocs\invoicing_system\config.php on line 80
[02-May-2025 19:01:08 Asia/Baghdad] PHP Warning:  Constant ALLOWED_EXTENSIONS already defined in C:\xampp\htdocs\invoicing_system\config.php on line 81
[02-May-2025 19:01:08 Asia/Baghdad] PHP Parse error:  syntax error, unexpected token "<", expecting end of file in C:\xampp\htdocs\invoicing_system\database.php on line 6
[02-May-2025 19:01:09 Asia/Baghdad] PHP Warning:  Constant DB_HOST already defined in C:\xampp\htdocs\invoicing_system\config.php on line 62
[02-May-2025 19:01:09 Asia/Baghdad] PHP Warning:  Constant DB_USER already defined in C:\xampp\htdocs\invoicing_system\config.php on line 63
[02-May-2025 19:01:09 Asia/Baghdad] PHP Warning:  Constant DB_PASS already defined in C:\xampp\htdocs\invoicing_system\config.php on line 64
[02-May-2025 19:01:09 Asia/Baghdad] PHP Warning:  Constant DB_NAME already defined in C:\xampp\htdocs\invoicing_system\config.php on line 65
[02-May-2025 19:01:09 Asia/Baghdad] PHP Warning:  Constant SITE_NAME already defined in C:\xampp\htdocs\invoicing_system\config.php on line 69
[02-May-2025 19:01:09 Asia/Baghdad] PHP Warning:  Constant ROOT_PATH already defined in C:\xampp\htdocs\invoicing_system\config.php on line 74
[02-May-2025 19:01:09 Asia/Baghdad] PHP Warning:  Constant MAX_FILE_SIZE already defined in C:\xampp\htdocs\invoicing_system\config.php on line 80
[02-May-2025 19:01:09 Asia/Baghdad] PHP Warning:  Constant ALLOWED_EXTENSIONS already defined in C:\xampp\htdocs\invoicing_system\config.php on line 81
[02-May-2025 19:01:09 Asia/Baghdad] PHP Parse error:  syntax error, unexpected token "<", expecting end of file in C:\xampp\htdocs\invoicing_system\database.php on line 6
[02-May-2025 19:02:09 Asia/Baghdad] PHP Warning:  Constant DB_HOST already defined in C:\xampp\htdocs\invoicing_system\config.php on line 68
[02-May-2025 19:02:09 Asia/Baghdad] PHP Warning:  Constant DB_USER already defined in C:\xampp\htdocs\invoicing_system\config.php on line 69
[02-May-2025 19:02:09 Asia/Baghdad] PHP Warning:  Constant DB_PASS already defined in C:\xampp\htdocs\invoicing_system\config.php on line 70
[02-May-2025 19:02:09 Asia/Baghdad] PHP Warning:  Constant DB_NAME already defined in C:\xampp\htdocs\invoicing_system\config.php on line 71
[02-May-2025 19:02:09 Asia/Baghdad] PHP Warning:  Constant SITE_NAME already defined in C:\xampp\htdocs\invoicing_system\config.php on line 75
[02-May-2025 19:02:09 Asia/Baghdad] PHP Warning:  Constant ROOT_PATH already defined in C:\xampp\htdocs\invoicing_system\config.php on line 80
[02-May-2025 19:02:09 Asia/Baghdad] PHP Warning:  Constant MAX_FILE_SIZE already defined in C:\xampp\htdocs\invoicing_system\config.php on line 86
[02-May-2025 19:02:09 Asia/Baghdad] PHP Warning:  Constant ALLOWED_EXTENSIONS already defined in C:\xampp\htdocs\invoicing_system\config.php on line 87
[02-May-2025 19:02:09 Asia/Baghdad] PHP Parse error:  syntax error, unexpected token "<", expecting end of file in C:\xampp\htdocs\invoicing_system\database.php on line 6
[02-May-2025 19:02:10 Asia/Baghdad] PHP Warning:  Constant DB_HOST already defined in C:\xampp\htdocs\invoicing_system\config.php on line 68
[02-May-2025 19:02:10 Asia/Baghdad] PHP Warning:  Constant DB_USER already defined in C:\xampp\htdocs\invoicing_system\config.php on line 69
[02-May-2025 19:02:10 Asia/Baghdad] PHP Warning:  Constant DB_PASS already defined in C:\xampp\htdocs\invoicing_system\config.php on line 70
[02-May-2025 19:02:10 Asia/Baghdad] PHP Warning:  Constant DB_NAME already defined in C:\xampp\htdocs\invoicing_system\config.php on line 71
[02-May-2025 19:02:10 Asia/Baghdad] PHP Warning:  Constant SITE_NAME already defined in C:\xampp\htdocs\invoicing_system\config.php on line 75
[02-May-2025 19:02:10 Asia/Baghdad] PHP Warning:  Constant ROOT_PATH already defined in C:\xampp\htdocs\invoicing_system\config.php on line 80
[02-May-2025 19:02:10 Asia/Baghdad] PHP Warning:  Constant MAX_FILE_SIZE already defined in C:\xampp\htdocs\invoicing_system\config.php on line 86
[02-May-2025 19:02:10 Asia/Baghdad] PHP Warning:  Constant ALLOWED_EXTENSIONS already defined in C:\xampp\htdocs\invoicing_system\config.php on line 87
[02-May-2025 19:02:10 Asia/Baghdad] PHP Parse error:  syntax error, unexpected token "<", expecting end of file in C:\xampp\htdocs\invoicing_system\database.php on line 6
[02-May-2025 19:02:10 Asia/Baghdad] PHP Warning:  Constant DB_HOST already defined in C:\xampp\htdocs\invoicing_system\config.php on line 68
[02-May-2025 19:02:10 Asia/Baghdad] PHP Warning:  Constant DB_USER already defined in C:\xampp\htdocs\invoicing_system\config.php on line 69
[02-May-2025 19:02:10 Asia/Baghdad] PHP Warning:  Constant DB_PASS already defined in C:\xampp\htdocs\invoicing_system\config.php on line 70
[02-May-2025 19:02:10 Asia/Baghdad] PHP Warning:  Constant DB_NAME already defined in C:\xampp\htdocs\invoicing_system\config.php on line 71
[02-May-2025 19:02:10 Asia/Baghdad] PHP Warning:  Constant SITE_NAME already defined in C:\xampp\htdocs\invoicing_system\config.php on line 75
[02-May-2025 19:02:10 Asia/Baghdad] PHP Warning:  Constant ROOT_PATH already defined in C:\xampp\htdocs\invoicing_system\config.php on line 80
[02-May-2025 19:02:10 Asia/Baghdad] PHP Warning:  Constant MAX_FILE_SIZE already defined in C:\xampp\htdocs\invoicing_system\config.php on line 86
[02-May-2025 19:02:10 Asia/Baghdad] PHP Warning:  Constant ALLOWED_EXTENSIONS already defined in C:\xampp\htdocs\invoicing_system\config.php on line 87
[02-May-2025 19:02:10 Asia/Baghdad] PHP Parse error:  syntax error, unexpected token "<", expecting end of file in C:\xampp\htdocs\invoicing_system\database.php on line 6
[02-May-2025 19:03:03 Asia/Baghdad] PHP Warning:  Constant DB_HOST already defined in C:\xampp\htdocs\invoicing_system\config.php on line 68
[02-May-2025 19:03:03 Asia/Baghdad] PHP Warning:  Constant DB_USER already defined in C:\xampp\htdocs\invoicing_system\config.php on line 69
[02-May-2025 19:03:03 Asia/Baghdad] PHP Warning:  Constant DB_PASS already defined in C:\xampp\htdocs\invoicing_system\config.php on line 70
[02-May-2025 19:03:03 Asia/Baghdad] PHP Warning:  Constant DB_NAME already defined in C:\xampp\htdocs\invoicing_system\config.php on line 71
[02-May-2025 19:03:03 Asia/Baghdad] PHP Warning:  Constant SITE_NAME already defined in C:\xampp\htdocs\invoicing_system\config.php on line 75
[02-May-2025 19:03:03 Asia/Baghdad] PHP Warning:  Constant ROOT_PATH already defined in C:\xampp\htdocs\invoicing_system\config.php on line 80
[02-May-2025 19:03:03 Asia/Baghdad] PHP Warning:  Constant MAX_FILE_SIZE already defined in C:\xampp\htdocs\invoicing_system\config.php on line 86
[02-May-2025 19:03:03 Asia/Baghdad] PHP Warning:  Constant ALLOWED_EXTENSIONS already defined in C:\xampp\htdocs\invoicing_system\config.php on line 87
[02-May-2025 19:03:03 Asia/Baghdad] PHP Parse error:  syntax error, unexpected token "<", expecting end of file in C:\xampp\htdocs\invoicing_system\database.php on line 6
[02-May-2025 19:03:03 Asia/Baghdad] PHP Warning:  Constant DB_HOST already defined in C:\xampp\htdocs\invoicing_system\config.php on line 68
[02-May-2025 19:03:03 Asia/Baghdad] PHP Warning:  Constant DB_USER already defined in C:\xampp\htdocs\invoicing_system\config.php on line 69
[02-May-2025 19:03:03 Asia/Baghdad] PHP Warning:  Constant DB_PASS already defined in C:\xampp\htdocs\invoicing_system\config.php on line 70
[02-May-2025 19:03:03 Asia/Baghdad] PHP Warning:  Constant DB_NAME already defined in C:\xampp\htdocs\invoicing_system\config.php on line 71
[02-May-2025 19:03:03 Asia/Baghdad] PHP Warning:  Constant SITE_NAME already defined in C:\xampp\htdocs\invoicing_system\config.php on line 75
[02-May-2025 19:03:03 Asia/Baghdad] PHP Warning:  Constant ROOT_PATH already defined in C:\xampp\htdocs\invoicing_system\config.php on line 80
[02-May-2025 19:03:03 Asia/Baghdad] PHP Warning:  Constant MAX_FILE_SIZE already defined in C:\xampp\htdocs\invoicing_system\config.php on line 86
[02-May-2025 19:03:03 Asia/Baghdad] PHP Warning:  Constant ALLOWED_EXTENSIONS already defined in C:\xampp\htdocs\invoicing_system\config.php on line 87
[02-May-2025 19:03:03 Asia/Baghdad] PHP Parse error:  syntax error, unexpected token "<", expecting end of file in C:\xampp\htdocs\invoicing_system\database.php on line 6
[02-May-2025 19:03:03 Asia/Baghdad] PHP Warning:  Constant DB_HOST already defined in C:\xampp\htdocs\invoicing_system\config.php on line 68
[02-May-2025 19:03:03 Asia/Baghdad] PHP Warning:  Constant DB_USER already defined in C:\xampp\htdocs\invoicing_system\config.php on line 69
[02-May-2025 19:03:03 Asia/Baghdad] PHP Warning:  Constant DB_PASS already defined in C:\xampp\htdocs\invoicing_system\config.php on line 70
[02-May-2025 19:03:03 Asia/Baghdad] PHP Warning:  Constant DB_NAME already defined in C:\xampp\htdocs\invoicing_system\config.php on line 71
[02-May-2025 19:03:03 Asia/Baghdad] PHP Warning:  Constant SITE_NAME already defined in C:\xampp\htdocs\invoicing_system\config.php on line 75
[02-May-2025 19:03:03 Asia/Baghdad] PHP Warning:  Constant ROOT_PATH already defined in C:\xampp\htdocs\invoicing_system\config.php on line 80
[02-May-2025 19:03:03 Asia/Baghdad] PHP Warning:  Constant MAX_FILE_SIZE already defined in C:\xampp\htdocs\invoicing_system\config.php on line 86
[02-May-2025 19:03:03 Asia/Baghdad] PHP Warning:  Constant ALLOWED_EXTENSIONS already defined in C:\xampp\htdocs\invoicing_system\config.php on line 87
[02-May-2025 19:03:03 Asia/Baghdad] PHP Parse error:  syntax error, unexpected token "<", expecting end of file in C:\xampp\htdocs\invoicing_system\database.php on line 6
[02-May-2025 19:03:04 Asia/Baghdad] PHP Warning:  Constant DB_HOST already defined in C:\xampp\htdocs\invoicing_system\config.php on line 68
[02-May-2025 19:03:04 Asia/Baghdad] PHP Warning:  Constant DB_USER already defined in C:\xampp\htdocs\invoicing_system\config.php on line 69
[02-May-2025 19:03:04 Asia/Baghdad] PHP Warning:  Constant DB_PASS already defined in C:\xampp\htdocs\invoicing_system\config.php on line 70
[02-May-2025 19:03:04 Asia/Baghdad] PHP Warning:  Constant DB_NAME already defined in C:\xampp\htdocs\invoicing_system\config.php on line 71
[02-May-2025 19:03:04 Asia/Baghdad] PHP Warning:  Constant SITE_NAME already defined in C:\xampp\htdocs\invoicing_system\config.php on line 75
[02-May-2025 19:03:04 Asia/Baghdad] PHP Warning:  Constant ROOT_PATH already defined in C:\xampp\htdocs\invoicing_system\config.php on line 80
[02-May-2025 19:03:04 Asia/Baghdad] PHP Warning:  Constant MAX_FILE_SIZE already defined in C:\xampp\htdocs\invoicing_system\config.php on line 86
[02-May-2025 19:03:04 Asia/Baghdad] PHP Warning:  Constant ALLOWED_EXTENSIONS already defined in C:\xampp\htdocs\invoicing_system\config.php on line 87
[02-May-2025 19:03:04 Asia/Baghdad] PHP Parse error:  syntax error, unexpected token "<", expecting end of file in C:\xampp\htdocs\invoicing_system\database.php on line 6
[02-May-2025 19:03:17 Asia/Baghdad] PHP Warning:  Constant DB_HOST already defined in C:\xampp\htdocs\invoicing_system\config.php on line 58
[02-May-2025 19:03:17 Asia/Baghdad] PHP Warning:  Constant DB_USER already defined in C:\xampp\htdocs\invoicing_system\config.php on line 59
[02-May-2025 19:03:17 Asia/Baghdad] PHP Warning:  Constant DB_PASS already defined in C:\xampp\htdocs\invoicing_system\config.php on line 60
[02-May-2025 19:03:17 Asia/Baghdad] PHP Warning:  Constant DB_NAME already defined in C:\xampp\htdocs\invoicing_system\config.php on line 61
[02-May-2025 19:03:17 Asia/Baghdad] PHP Warning:  Constant SITE_NAME already defined in C:\xampp\htdocs\invoicing_system\config.php on line 65
[02-May-2025 19:03:17 Asia/Baghdad] PHP Warning:  Constant ROOT_PATH already defined in C:\xampp\htdocs\invoicing_system\config.php on line 70
[02-May-2025 19:03:17 Asia/Baghdad] PHP Warning:  Constant MAX_FILE_SIZE already defined in C:\xampp\htdocs\invoicing_system\config.php on line 76
[02-May-2025 19:03:17 Asia/Baghdad] PHP Warning:  Constant ALLOWED_EXTENSIONS already defined in C:\xampp\htdocs\invoicing_system\config.php on line 77
[02-May-2025 19:03:17 Asia/Baghdad] PHP Warning:  ini_set(): Session ini settings cannot be changed when a session is active in C:\xampp\htdocs\invoicing_system\config.php on line 130
[02-May-2025 19:03:17 Asia/Baghdad] PHP Notice:  session_start(): Ignoring session_start() because a session is already active in C:\xampp\htdocs\invoicing_system\config.php on line 131
[02-May-2025 19:03:17 Asia/Baghdad] PHP Warning:  ini_set(): Session ini settings cannot be changed when a session is active in C:\xampp\htdocs\invoicing_system\config.php on line 228
[02-May-2025 19:03:17 Asia/Baghdad] PHP Parse error:  syntax error, unexpected token "<", expecting end of file in C:\xampp\htdocs\invoicing_system\database.php on line 6
[02-May-2025 19:04:24 Asia/Baghdad] PHP Warning:  Constant DB_HOST already defined in C:\xampp\htdocs\invoicing_system\config.php on line 58
[02-May-2025 19:04:24 Asia/Baghdad] PHP Warning:  Constant DB_USER already defined in C:\xampp\htdocs\invoicing_system\config.php on line 59
[02-May-2025 19:04:24 Asia/Baghdad] PHP Warning:  Constant DB_PASS already defined in C:\xampp\htdocs\invoicing_system\config.php on line 60
[02-May-2025 19:04:24 Asia/Baghdad] PHP Warning:  Constant DB_NAME already defined in C:\xampp\htdocs\invoicing_system\config.php on line 61
[02-May-2025 19:04:24 Asia/Baghdad] PHP Warning:  Constant SITE_NAME already defined in C:\xampp\htdocs\invoicing_system\config.php on line 65
[02-May-2025 19:04:24 Asia/Baghdad] PHP Warning:  Constant ROOT_PATH already defined in C:\xampp\htdocs\invoicing_system\config.php on line 70
[02-May-2025 19:04:24 Asia/Baghdad] PHP Warning:  Constant MAX_FILE_SIZE already defined in C:\xampp\htdocs\invoicing_system\config.php on line 76
[02-May-2025 19:04:24 Asia/Baghdad] PHP Warning:  Constant ALLOWED_EXTENSIONS already defined in C:\xampp\htdocs\invoicing_system\config.php on line 77
[02-May-2025 19:04:24 Asia/Baghdad] PHP Warning:  ini_set(): Session ini settings cannot be changed when a session is active in C:\xampp\htdocs\invoicing_system\config.php on line 228
[02-May-2025 19:04:24 Asia/Baghdad] PHP Parse error:  syntax error, unexpected token "<", expecting end of file in C:\xampp\htdocs\invoicing_system\database.php on line 6
[02-May-2025 19:04:37 Asia/Baghdad] PHP Warning:  Constant DB_HOST already defined in C:\xampp\htdocs\invoicing_system\config.php on line 58
[02-May-2025 19:04:37 Asia/Baghdad] PHP Warning:  Constant DB_USER already defined in C:\xampp\htdocs\invoicing_system\config.php on line 59
[02-May-2025 19:04:37 Asia/Baghdad] PHP Warning:  Constant DB_PASS already defined in C:\xampp\htdocs\invoicing_system\config.php on line 60
[02-May-2025 19:04:37 Asia/Baghdad] PHP Warning:  Constant DB_NAME already defined in C:\xampp\htdocs\invoicing_system\config.php on line 61
[02-May-2025 19:04:37 Asia/Baghdad] PHP Warning:  Constant SITE_NAME already defined in C:\xampp\htdocs\invoicing_system\config.php on line 65
[02-May-2025 19:04:37 Asia/Baghdad] PHP Warning:  Constant ROOT_PATH already defined in C:\xampp\htdocs\invoicing_system\config.php on line 70
[02-May-2025 19:04:37 Asia/Baghdad] PHP Warning:  Constant MAX_FILE_SIZE already defined in C:\xampp\htdocs\invoicing_system\config.php on line 76
[02-May-2025 19:04:37 Asia/Baghdad] PHP Warning:  Constant ALLOWED_EXTENSIONS already defined in C:\xampp\htdocs\invoicing_system\config.php on line 77
[02-May-2025 19:04:37 Asia/Baghdad] PHP Warning:  ini_set(): Session ini settings cannot be changed when a session is active in C:\xampp\htdocs\invoicing_system\config.php on line 130
[02-May-2025 19:04:37 Asia/Baghdad] PHP Notice:  session_start(): Ignoring session_start() because a session is already active in C:\xampp\htdocs\invoicing_system\config.php on line 131
[02-May-2025 19:04:37 Asia/Baghdad] PHP Warning:  ini_set(): Session ini settings cannot be changed when a session is active in C:\xampp\htdocs\invoicing_system\config.php on line 228
[02-May-2025 19:04:37 Asia/Baghdad] PHP Parse error:  syntax error, unexpected token "<", expecting end of file in C:\xampp\htdocs\invoicing_system\database.php on line 6
[02-May-2025 19:04:44 Asia/Baghdad] PHP Warning:  Constant DB_HOST already defined in C:\xampp\htdocs\invoicing_system\config.php on line 58
[02-May-2025 19:04:44 Asia/Baghdad] PHP Warning:  Constant DB_USER already defined in C:\xampp\htdocs\invoicing_system\config.php on line 59
[02-May-2025 19:04:44 Asia/Baghdad] PHP Warning:  Constant DB_PASS already defined in C:\xampp\htdocs\invoicing_system\config.php on line 60
[02-May-2025 19:04:44 Asia/Baghdad] PHP Warning:  Constant DB_NAME already defined in C:\xampp\htdocs\invoicing_system\config.php on line 61
[02-May-2025 19:04:44 Asia/Baghdad] PHP Warning:  Constant SITE_NAME already defined in C:\xampp\htdocs\invoicing_system\config.php on line 65
[02-May-2025 19:04:44 Asia/Baghdad] PHP Warning:  Constant ROOT_PATH already defined in C:\xampp\htdocs\invoicing_system\config.php on line 70
[02-May-2025 19:04:44 Asia/Baghdad] PHP Warning:  Constant MAX_FILE_SIZE already defined in C:\xampp\htdocs\invoicing_system\config.php on line 76
[02-May-2025 19:04:44 Asia/Baghdad] PHP Warning:  Constant ALLOWED_EXTENSIONS already defined in C:\xampp\htdocs\invoicing_system\config.php on line 77
[02-May-2025 19:04:44 Asia/Baghdad] PHP Warning:  ini_set(): Session ini settings cannot be changed when a session is active in C:\xampp\htdocs\invoicing_system\config.php on line 130
[02-May-2025 19:04:44 Asia/Baghdad] PHP Warning:  ini_set(): Session ini settings cannot be changed when a session is active in C:\xampp\htdocs\invoicing_system\config.php on line 228
[02-May-2025 19:04:44 Asia/Baghdad] PHP Parse error:  syntax error, unexpected token "<", expecting end of file in C:\xampp\htdocs\invoicing_system\database.php on line 6
[02-May-2025 19:04:45 Asia/Baghdad] PHP Warning:  Constant DB_HOST already defined in C:\xampp\htdocs\invoicing_system\config.php on line 58
[02-May-2025 19:04:45 Asia/Baghdad] PHP Warning:  Constant DB_USER already defined in C:\xampp\htdocs\invoicing_system\config.php on line 59
[02-May-2025 19:04:45 Asia/Baghdad] PHP Warning:  Constant DB_PASS already defined in C:\xampp\htdocs\invoicing_system\config.php on line 60
[02-May-2025 19:04:45 Asia/Baghdad] PHP Warning:  Constant DB_NAME already defined in C:\xampp\htdocs\invoicing_system\config.php on line 61
[02-May-2025 19:04:45 Asia/Baghdad] PHP Warning:  Constant SITE_NAME already defined in C:\xampp\htdocs\invoicing_system\config.php on line 65
[02-May-2025 19:04:45 Asia/Baghdad] PHP Warning:  Constant ROOT_PATH already defined in C:\xampp\htdocs\invoicing_system\config.php on line 70
[02-May-2025 19:04:45 Asia/Baghdad] PHP Warning:  Constant MAX_FILE_SIZE already defined in C:\xampp\htdocs\invoicing_system\config.php on line 76
[02-May-2025 19:04:45 Asia/Baghdad] PHP Warning:  Constant ALLOWED_EXTENSIONS already defined in C:\xampp\htdocs\invoicing_system\config.php on line 77
[02-May-2025 19:04:45 Asia/Baghdad] PHP Warning:  ini_set(): Session ini settings cannot be changed when a session is active in C:\xampp\htdocs\invoicing_system\config.php on line 130
[02-May-2025 19:04:45 Asia/Baghdad] PHP Warning:  ini_set(): Session ini settings cannot be changed when a session is active in C:\xampp\htdocs\invoicing_system\config.php on line 228
[02-May-2025 19:04:45 Asia/Baghdad] PHP Parse error:  syntax error, unexpected token "<", expecting end of file in C:\xampp\htdocs\invoicing_system\database.php on line 6
[02-May-2025 19:04:52 Asia/Baghdad] PHP Warning:  Constant DB_HOST already defined in C:\xampp\htdocs\invoicing_system\config.php on line 58
[02-May-2025 19:04:52 Asia/Baghdad] PHP Warning:  Constant DB_USER already defined in C:\xampp\htdocs\invoicing_system\config.php on line 59
[02-May-2025 19:04:52 Asia/Baghdad] PHP Warning:  Constant DB_PASS already defined in C:\xampp\htdocs\invoicing_system\config.php on line 60
[02-May-2025 19:04:52 Asia/Baghdad] PHP Warning:  Constant DB_NAME already defined in C:\xampp\htdocs\invoicing_system\config.php on line 61
[02-May-2025 19:04:52 Asia/Baghdad] PHP Warning:  Constant SITE_NAME already defined in C:\xampp\htdocs\invoicing_system\config.php on line 65
[02-May-2025 19:04:52 Asia/Baghdad] PHP Warning:  Constant ROOT_PATH already defined in C:\xampp\htdocs\invoicing_system\config.php on line 70
[02-May-2025 19:04:52 Asia/Baghdad] PHP Warning:  Constant MAX_FILE_SIZE already defined in C:\xampp\htdocs\invoicing_system\config.php on line 76
[02-May-2025 19:04:52 Asia/Baghdad] PHP Warning:  Constant ALLOWED_EXTENSIONS already defined in C:\xampp\htdocs\invoicing_system\config.php on line 77
[02-May-2025 19:04:52 Asia/Baghdad] PHP Warning:  ini_set(): Session ini settings cannot be changed when a session is active in C:\xampp\htdocs\invoicing_system\config.php on line 228
[02-May-2025 19:04:52 Asia/Baghdad] PHP Parse error:  syntax error, unexpected token "<", expecting end of file in C:\xampp\htdocs\invoicing_system\database.php on line 6
[02-May-2025 19:04:59 Asia/Baghdad] PHP Warning:  Constant DB_HOST already defined in C:\xampp\htdocs\invoicing_system\config.php on line 58
[02-May-2025 19:04:59 Asia/Baghdad] PHP Warning:  Constant DB_USER already defined in C:\xampp\htdocs\invoicing_system\config.php on line 59
[02-May-2025 19:04:59 Asia/Baghdad] PHP Warning:  Constant DB_PASS already defined in C:\xampp\htdocs\invoicing_system\config.php on line 60
[02-May-2025 19:04:59 Asia/Baghdad] PHP Warning:  Constant DB_NAME already defined in C:\xampp\htdocs\invoicing_system\config.php on line 61
[02-May-2025 19:04:59 Asia/Baghdad] PHP Warning:  Constant SITE_NAME already defined in C:\xampp\htdocs\invoicing_system\config.php on line 65
[02-May-2025 19:04:59 Asia/Baghdad] PHP Warning:  Constant ROOT_PATH already defined in C:\xampp\htdocs\invoicing_system\config.php on line 70
[02-May-2025 19:04:59 Asia/Baghdad] PHP Warning:  Constant MAX_FILE_SIZE already defined in C:\xampp\htdocs\invoicing_system\config.php on line 76
[02-May-2025 19:04:59 Asia/Baghdad] PHP Warning:  Constant ALLOWED_EXTENSIONS already defined in C:\xampp\htdocs\invoicing_system\config.php on line 77
[02-May-2025 19:04:59 Asia/Baghdad] PHP Warning:  ini_set(): Session ini settings cannot be changed when a session is active in C:\xampp\htdocs\invoicing_system\config.php on line 130
[02-May-2025 19:04:59 Asia/Baghdad] PHP Warning:  ini_set(): Session ini settings cannot be changed when a session is active in C:\xampp\htdocs\invoicing_system\config.php on line 228
[02-May-2025 19:04:59 Asia/Baghdad] PHP Parse error:  syntax error, unexpected token "<", expecting end of file in C:\xampp\htdocs\invoicing_system\database.php on line 6
[02-May-2025 19:05:35 Asia/Baghdad] PHP Warning:  Constant DB_HOST already defined in C:\xampp\htdocs\invoicing_system\config.php on line 58
[02-May-2025 19:05:35 Asia/Baghdad] PHP Warning:  Constant DB_USER already defined in C:\xampp\htdocs\invoicing_system\config.php on line 59
[02-May-2025 19:05:35 Asia/Baghdad] PHP Warning:  Constant DB_PASS already defined in C:\xampp\htdocs\invoicing_system\config.php on line 60
[02-May-2025 19:05:35 Asia/Baghdad] PHP Warning:  Constant DB_NAME already defined in C:\xampp\htdocs\invoicing_system\config.php on line 61
[02-May-2025 19:05:35 Asia/Baghdad] PHP Warning:  Constant SITE_NAME already defined in C:\xampp\htdocs\invoicing_system\config.php on line 65
[02-May-2025 19:05:35 Asia/Baghdad] PHP Warning:  Constant ROOT_PATH already defined in C:\xampp\htdocs\invoicing_system\config.php on line 70
[02-May-2025 19:05:35 Asia/Baghdad] PHP Warning:  Constant MAX_FILE_SIZE already defined in C:\xampp\htdocs\invoicing_system\config.php on line 76
[02-May-2025 19:05:35 Asia/Baghdad] PHP Warning:  Constant ALLOWED_EXTENSIONS already defined in C:\xampp\htdocs\invoicing_system\config.php on line 77
[02-May-2025 19:05:35 Asia/Baghdad] PHP Warning:  ini_set(): Session ini settings cannot be changed when a session is active in C:\xampp\htdocs\invoicing_system\config.php on line 130
[02-May-2025 19:05:35 Asia/Baghdad] PHP Parse error:  syntax error, unexpected token "<", expecting end of file in C:\xampp\htdocs\invoicing_system\database.php on line 6
[02-May-2025 19:05:35 Asia/Baghdad] PHP Warning:  Constant DB_HOST already defined in C:\xampp\htdocs\invoicing_system\config.php on line 58
[02-May-2025 19:05:35 Asia/Baghdad] PHP Warning:  Constant DB_USER already defined in C:\xampp\htdocs\invoicing_system\config.php on line 59
[02-May-2025 19:05:35 Asia/Baghdad] PHP Warning:  Constant DB_PASS already defined in C:\xampp\htdocs\invoicing_system\config.php on line 60
[02-May-2025 19:05:35 Asia/Baghdad] PHP Warning:  Constant DB_NAME already defined in C:\xampp\htdocs\invoicing_system\config.php on line 61
[02-May-2025 19:05:35 Asia/Baghdad] PHP Warning:  Constant SITE_NAME already defined in C:\xampp\htdocs\invoicing_system\config.php on line 65
[02-May-2025 19:05:35 Asia/Baghdad] PHP Warning:  Constant ROOT_PATH already defined in C:\xampp\htdocs\invoicing_system\config.php on line 70
[02-May-2025 19:05:35 Asia/Baghdad] PHP Warning:  Constant MAX_FILE_SIZE already defined in C:\xampp\htdocs\invoicing_system\config.php on line 76
[02-May-2025 19:05:35 Asia/Baghdad] PHP Warning:  Constant ALLOWED_EXTENSIONS already defined in C:\xampp\htdocs\invoicing_system\config.php on line 77
[02-May-2025 19:05:35 Asia/Baghdad] PHP Warning:  ini_set(): Session ini settings cannot be changed when a session is active in C:\xampp\htdocs\invoicing_system\config.php on line 130
[02-May-2025 19:05:35 Asia/Baghdad] PHP Parse error:  syntax error, unexpected token "<", expecting end of file in C:\xampp\htdocs\invoicing_system\database.php on line 6
[02-May-2025 19:05:35 Asia/Baghdad] PHP Warning:  Constant DB_HOST already defined in C:\xampp\htdocs\invoicing_system\config.php on line 58
[02-May-2025 19:05:35 Asia/Baghdad] PHP Warning:  Constant DB_USER already defined in C:\xampp\htdocs\invoicing_system\config.php on line 59
[02-May-2025 19:05:35 Asia/Baghdad] PHP Warning:  Constant DB_PASS already defined in C:\xampp\htdocs\invoicing_system\config.php on line 60
[02-May-2025 19:05:35 Asia/Baghdad] PHP Warning:  Constant DB_NAME already defined in C:\xampp\htdocs\invoicing_system\config.php on line 61
[02-May-2025 19:05:35 Asia/Baghdad] PHP Warning:  Constant SITE_NAME already defined in C:\xampp\htdocs\invoicing_system\config.php on line 65
[02-May-2025 19:05:35 Asia/Baghdad] PHP Warning:  Constant ROOT_PATH already defined in C:\xampp\htdocs\invoicing_system\config.php on line 70
[02-May-2025 19:05:35 Asia/Baghdad] PHP Warning:  Constant MAX_FILE_SIZE already defined in C:\xampp\htdocs\invoicing_system\config.php on line 76
[02-May-2025 19:05:35 Asia/Baghdad] PHP Warning:  Constant ALLOWED_EXTENSIONS already defined in C:\xampp\htdocs\invoicing_system\config.php on line 77
[02-May-2025 19:05:35 Asia/Baghdad] PHP Warning:  ini_set(): Session ini settings cannot be changed when a session is active in C:\xampp\htdocs\invoicing_system\config.php on line 130
[02-May-2025 19:05:35 Asia/Baghdad] PHP Parse error:  syntax error, unexpected token "<", expecting end of file in C:\xampp\htdocs\invoicing_system\database.php on line 6
[02-May-2025 19:05:36 Asia/Baghdad] PHP Warning:  Constant DB_HOST already defined in C:\xampp\htdocs\invoicing_system\config.php on line 58
[02-May-2025 19:05:36 Asia/Baghdad] PHP Warning:  Constant DB_USER already defined in C:\xampp\htdocs\invoicing_system\config.php on line 59
[02-May-2025 19:05:36 Asia/Baghdad] PHP Warning:  Constant DB_PASS already defined in C:\xampp\htdocs\invoicing_system\config.php on line 60
[02-May-2025 19:05:36 Asia/Baghdad] PHP Warning:  Constant DB_NAME already defined in C:\xampp\htdocs\invoicing_system\config.php on line 61
[02-May-2025 19:05:36 Asia/Baghdad] PHP Warning:  Constant SITE_NAME already defined in C:\xampp\htdocs\invoicing_system\config.php on line 65
[02-May-2025 19:05:36 Asia/Baghdad] PHP Warning:  Constant ROOT_PATH already defined in C:\xampp\htdocs\invoicing_system\config.php on line 70
[02-May-2025 19:05:36 Asia/Baghdad] PHP Warning:  Constant MAX_FILE_SIZE already defined in C:\xampp\htdocs\invoicing_system\config.php on line 76
[02-May-2025 19:05:36 Asia/Baghdad] PHP Warning:  Constant ALLOWED_EXTENSIONS already defined in C:\xampp\htdocs\invoicing_system\config.php on line 77
[02-May-2025 19:05:36 Asia/Baghdad] PHP Warning:  ini_set(): Session ini settings cannot be changed when a session is active in C:\xampp\htdocs\invoicing_system\config.php on line 130
[02-May-2025 19:05:36 Asia/Baghdad] PHP Parse error:  syntax error, unexpected token "<", expecting end of file in C:\xampp\htdocs\invoicing_system\database.php on line 6
[02-May-2025 19:05:36 Asia/Baghdad] PHP Warning:  Constant DB_HOST already defined in C:\xampp\htdocs\invoicing_system\config.php on line 58
[02-May-2025 19:05:36 Asia/Baghdad] PHP Warning:  Constant DB_USER already defined in C:\xampp\htdocs\invoicing_system\config.php on line 59
[02-May-2025 19:05:36 Asia/Baghdad] PHP Warning:  Constant DB_PASS already defined in C:\xampp\htdocs\invoicing_system\config.php on line 60
[02-May-2025 19:05:36 Asia/Baghdad] PHP Warning:  Constant DB_NAME already defined in C:\xampp\htdocs\invoicing_system\config.php on line 61
[02-May-2025 19:05:36 Asia/Baghdad] PHP Warning:  Constant SITE_NAME already defined in C:\xampp\htdocs\invoicing_system\config.php on line 65
[02-May-2025 19:05:36 Asia/Baghdad] PHP Warning:  Constant ROOT_PATH already defined in C:\xampp\htdocs\invoicing_system\config.php on line 70
[02-May-2025 19:05:36 Asia/Baghdad] PHP Warning:  Constant MAX_FILE_SIZE already defined in C:\xampp\htdocs\invoicing_system\config.php on line 76
[02-May-2025 19:05:36 Asia/Baghdad] PHP Warning:  Constant ALLOWED_EXTENSIONS already defined in C:\xampp\htdocs\invoicing_system\config.php on line 77
[02-May-2025 19:05:36 Asia/Baghdad] PHP Warning:  ini_set(): Session ini settings cannot be changed when a session is active in C:\xampp\htdocs\invoicing_system\config.php on line 130
[02-May-2025 19:05:36 Asia/Baghdad] PHP Parse error:  syntax error, unexpected token "<", expecting end of file in C:\xampp\htdocs\invoicing_system\database.php on line 6
[02-May-2025 19:05:36 Asia/Baghdad] PHP Warning:  Constant DB_HOST already defined in C:\xampp\htdocs\invoicing_system\config.php on line 58
[02-May-2025 19:05:36 Asia/Baghdad] PHP Warning:  Constant DB_USER already defined in C:\xampp\htdocs\invoicing_system\config.php on line 59
[02-May-2025 19:05:36 Asia/Baghdad] PHP Warning:  Constant DB_PASS already defined in C:\xampp\htdocs\invoicing_system\config.php on line 60
[02-May-2025 19:05:36 Asia/Baghdad] PHP Warning:  Constant DB_NAME already defined in C:\xampp\htdocs\invoicing_system\config.php on line 61
[02-May-2025 19:05:36 Asia/Baghdad] PHP Warning:  Constant SITE_NAME already defined in C:\xampp\htdocs\invoicing_system\config.php on line 65
[02-May-2025 19:05:36 Asia/Baghdad] PHP Warning:  Constant ROOT_PATH already defined in C:\xampp\htdocs\invoicing_system\config.php on line 70
[02-May-2025 19:05:36 Asia/Baghdad] PHP Warning:  Constant MAX_FILE_SIZE already defined in C:\xampp\htdocs\invoicing_system\config.php on line 76
[02-May-2025 19:05:36 Asia/Baghdad] PHP Warning:  Constant ALLOWED_EXTENSIONS already defined in C:\xampp\htdocs\invoicing_system\config.php on line 77
[02-May-2025 19:05:36 Asia/Baghdad] PHP Warning:  ini_set(): Session ini settings cannot be changed when a session is active in C:\xampp\htdocs\invoicing_system\config.php on line 130
[02-May-2025 19:05:36 Asia/Baghdad] PHP Parse error:  syntax error, unexpected token "<", expecting end of file in C:\xampp\htdocs\invoicing_system\database.php on line 6
[02-May-2025 19:05:36 Asia/Baghdad] PHP Warning:  Constant DB_HOST already defined in C:\xampp\htdocs\invoicing_system\config.php on line 58
[02-May-2025 19:05:36 Asia/Baghdad] PHP Warning:  Constant DB_USER already defined in C:\xampp\htdocs\invoicing_system\config.php on line 59
[02-May-2025 19:05:36 Asia/Baghdad] PHP Warning:  Constant DB_PASS already defined in C:\xampp\htdocs\invoicing_system\config.php on line 60
[02-May-2025 19:05:36 Asia/Baghdad] PHP Warning:  Constant DB_NAME already defined in C:\xampp\htdocs\invoicing_system\config.php on line 61
[02-May-2025 19:05:36 Asia/Baghdad] PHP Warning:  Constant SITE_NAME already defined in C:\xampp\htdocs\invoicing_system\config.php on line 65
[02-May-2025 19:05:36 Asia/Baghdad] PHP Warning:  Constant ROOT_PATH already defined in C:\xampp\htdocs\invoicing_system\config.php on line 70
[02-May-2025 19:05:36 Asia/Baghdad] PHP Warning:  Constant MAX_FILE_SIZE already defined in C:\xampp\htdocs\invoicing_system\config.php on line 76
[02-May-2025 19:05:36 Asia/Baghdad] PHP Warning:  Constant ALLOWED_EXTENSIONS already defined in C:\xampp\htdocs\invoicing_system\config.php on line 77
[02-May-2025 19:05:36 Asia/Baghdad] PHP Warning:  ini_set(): Session ini settings cannot be changed when a session is active in C:\xampp\htdocs\invoicing_system\config.php on line 130
[02-May-2025 19:05:36 Asia/Baghdad] PHP Parse error:  syntax error, unexpected token "<", expecting end of file in C:\xampp\htdocs\invoicing_system\database.php on line 6
[02-May-2025 19:05:36 Asia/Baghdad] PHP Warning:  Constant DB_HOST already defined in C:\xampp\htdocs\invoicing_system\config.php on line 58
[02-May-2025 19:05:36 Asia/Baghdad] PHP Warning:  Constant DB_USER already defined in C:\xampp\htdocs\invoicing_system\config.php on line 59
[02-May-2025 19:05:36 Asia/Baghdad] PHP Warning:  Constant DB_PASS already defined in C:\xampp\htdocs\invoicing_system\config.php on line 60
[02-May-2025 19:05:36 Asia/Baghdad] PHP Warning:  Constant DB_NAME already defined in C:\xampp\htdocs\invoicing_system\config.php on line 61
[02-May-2025 19:05:36 Asia/Baghdad] PHP Warning:  Constant SITE_NAME already defined in C:\xampp\htdocs\invoicing_system\config.php on line 65
[02-May-2025 19:05:36 Asia/Baghdad] PHP Warning:  Constant ROOT_PATH already defined in C:\xampp\htdocs\invoicing_system\config.php on line 70
[02-May-2025 19:05:36 Asia/Baghdad] PHP Warning:  Constant MAX_FILE_SIZE already defined in C:\xampp\htdocs\invoicing_system\config.php on line 76
[02-May-2025 19:05:36 Asia/Baghdad] PHP Warning:  Constant ALLOWED_EXTENSIONS already defined in C:\xampp\htdocs\invoicing_system\config.php on line 77
[02-May-2025 19:05:36 Asia/Baghdad] PHP Warning:  ini_set(): Session ini settings cannot be changed when a session is active in C:\xampp\htdocs\invoicing_system\config.php on line 130
[02-May-2025 19:05:36 Asia/Baghdad] PHP Parse error:  syntax error, unexpected token "<", expecting end of file in C:\xampp\htdocs\invoicing_system\database.php on line 6
[02-May-2025 19:05:37 Asia/Baghdad] PHP Warning:  Constant DB_HOST already defined in C:\xampp\htdocs\invoicing_system\config.php on line 58
[02-May-2025 19:05:37 Asia/Baghdad] PHP Warning:  Constant DB_USER already defined in C:\xampp\htdocs\invoicing_system\config.php on line 59
[02-May-2025 19:05:37 Asia/Baghdad] PHP Warning:  Constant DB_PASS already defined in C:\xampp\htdocs\invoicing_system\config.php on line 60
[02-May-2025 19:05:37 Asia/Baghdad] PHP Warning:  Constant DB_NAME already defined in C:\xampp\htdocs\invoicing_system\config.php on line 61
[02-May-2025 19:05:37 Asia/Baghdad] PHP Warning:  Constant SITE_NAME already defined in C:\xampp\htdocs\invoicing_system\config.php on line 65
[02-May-2025 19:05:37 Asia/Baghdad] PHP Warning:  Constant ROOT_PATH already defined in C:\xampp\htdocs\invoicing_system\config.php on line 70
[02-May-2025 19:05:37 Asia/Baghdad] PHP Warning:  Constant MAX_FILE_SIZE already defined in C:\xampp\htdocs\invoicing_system\config.php on line 76
[02-May-2025 19:05:37 Asia/Baghdad] PHP Warning:  Constant ALLOWED_EXTENSIONS already defined in C:\xampp\htdocs\invoicing_system\config.php on line 77
[02-May-2025 19:05:37 Asia/Baghdad] PHP Warning:  ini_set(): Session ini settings cannot be changed when a session is active in C:\xampp\htdocs\invoicing_system\config.php on line 130
[02-May-2025 19:05:37 Asia/Baghdad] PHP Parse error:  syntax error, unexpected token "<", expecting end of file in C:\xampp\htdocs\invoicing_system\database.php on line 6
[02-May-2025 19:05:37 Asia/Baghdad] PHP Warning:  Constant DB_HOST already defined in C:\xampp\htdocs\invoicing_system\config.php on line 58
[02-May-2025 19:05:37 Asia/Baghdad] PHP Warning:  Constant DB_USER already defined in C:\xampp\htdocs\invoicing_system\config.php on line 59
[02-May-2025 19:05:37 Asia/Baghdad] PHP Warning:  Constant DB_PASS already defined in C:\xampp\htdocs\invoicing_system\config.php on line 60
[02-May-2025 19:05:37 Asia/Baghdad] PHP Warning:  Constant DB_NAME already defined in C:\xampp\htdocs\invoicing_system\config.php on line 61
[02-May-2025 19:05:37 Asia/Baghdad] PHP Warning:  Constant SITE_NAME already defined in C:\xampp\htdocs\invoicing_system\config.php on line 65
[02-May-2025 19:05:37 Asia/Baghdad] PHP Warning:  Constant ROOT_PATH already defined in C:\xampp\htdocs\invoicing_system\config.php on line 70
[02-May-2025 19:05:37 Asia/Baghdad] PHP Warning:  Constant MAX_FILE_SIZE already defined in C:\xampp\htdocs\invoicing_system\config.php on line 76
[02-May-2025 19:05:37 Asia/Baghdad] PHP Warning:  Constant ALLOWED_EXTENSIONS already defined in C:\xampp\htdocs\invoicing_system\config.php on line 77
[02-May-2025 19:05:37 Asia/Baghdad] PHP Warning:  ini_set(): Session ini settings cannot be changed when a session is active in C:\xampp\htdocs\invoicing_system\config.php on line 130
[02-May-2025 19:05:37 Asia/Baghdad] PHP Parse error:  syntax error, unexpected token "<", expecting end of file in C:\xampp\htdocs\invoicing_system\database.php on line 6
[02-May-2025 19:05:39 Asia/Baghdad] PHP Warning:  Constant DB_HOST already defined in C:\xampp\htdocs\invoicing_system\config.php on line 58
[02-May-2025 19:05:39 Asia/Baghdad] PHP Warning:  Constant DB_USER already defined in C:\xampp\htdocs\invoicing_system\config.php on line 59
[02-May-2025 19:05:39 Asia/Baghdad] PHP Warning:  Constant DB_PASS already defined in C:\xampp\htdocs\invoicing_system\config.php on line 60
[02-May-2025 19:05:39 Asia/Baghdad] PHP Warning:  Constant DB_NAME already defined in C:\xampp\htdocs\invoicing_system\config.php on line 61
[02-May-2025 19:05:39 Asia/Baghdad] PHP Warning:  Constant SITE_NAME already defined in C:\xampp\htdocs\invoicing_system\config.php on line 65
[02-May-2025 19:05:39 Asia/Baghdad] PHP Warning:  Constant ROOT_PATH already defined in C:\xampp\htdocs\invoicing_system\config.php on line 70
[02-May-2025 19:05:39 Asia/Baghdad] PHP Warning:  Constant MAX_FILE_SIZE already defined in C:\xampp\htdocs\invoicing_system\config.php on line 76
[02-May-2025 19:05:39 Asia/Baghdad] PHP Warning:  Constant ALLOWED_EXTENSIONS already defined in C:\xampp\htdocs\invoicing_system\config.php on line 77
[02-May-2025 19:05:39 Asia/Baghdad] PHP Warning:  ini_set(): Session ini settings cannot be changed when a session is active in C:\xampp\htdocs\invoicing_system\config.php on line 130
[02-May-2025 19:05:39 Asia/Baghdad] PHP Parse error:  syntax error, unexpected token "<", expecting end of file in C:\xampp\htdocs\invoicing_system\database.php on line 6
[02-May-2025 19:05:39 Asia/Baghdad] PHP Warning:  Constant DB_HOST already defined in C:\xampp\htdocs\invoicing_system\config.php on line 58
[02-May-2025 19:05:39 Asia/Baghdad] PHP Warning:  Constant DB_USER already defined in C:\xampp\htdocs\invoicing_system\config.php on line 59
[02-May-2025 19:05:39 Asia/Baghdad] PHP Warning:  Constant DB_PASS already defined in C:\xampp\htdocs\invoicing_system\config.php on line 60
[02-May-2025 19:05:39 Asia/Baghdad] PHP Warning:  Constant DB_NAME already defined in C:\xampp\htdocs\invoicing_system\config.php on line 61
[02-May-2025 19:05:39 Asia/Baghdad] PHP Warning:  Constant SITE_NAME already defined in C:\xampp\htdocs\invoicing_system\config.php on line 65
[02-May-2025 19:05:39 Asia/Baghdad] PHP Warning:  Constant ROOT_PATH already defined in C:\xampp\htdocs\invoicing_system\config.php on line 70
[02-May-2025 19:05:39 Asia/Baghdad] PHP Warning:  Constant MAX_FILE_SIZE already defined in C:\xampp\htdocs\invoicing_system\config.php on line 76
[02-May-2025 19:05:39 Asia/Baghdad] PHP Warning:  Constant ALLOWED_EXTENSIONS already defined in C:\xampp\htdocs\invoicing_system\config.php on line 77
[02-May-2025 19:05:39 Asia/Baghdad] PHP Warning:  ini_set(): Session ini settings cannot be changed when a session is active in C:\xampp\htdocs\invoicing_system\config.php on line 130
[02-May-2025 19:05:39 Asia/Baghdad] PHP Parse error:  syntax error, unexpected token "<", expecting end of file in C:\xampp\htdocs\invoicing_system\database.php on line 6
[02-May-2025 19:05:39 Asia/Baghdad] PHP Warning:  Constant DB_HOST already defined in C:\xampp\htdocs\invoicing_system\config.php on line 58
[02-May-2025 19:05:39 Asia/Baghdad] PHP Warning:  Constant DB_USER already defined in C:\xampp\htdocs\invoicing_system\config.php on line 59
[02-May-2025 19:05:39 Asia/Baghdad] PHP Warning:  Constant DB_PASS already defined in C:\xampp\htdocs\invoicing_system\config.php on line 60
[02-May-2025 19:05:39 Asia/Baghdad] PHP Warning:  Constant DB_NAME already defined in C:\xampp\htdocs\invoicing_system\config.php on line 61
[02-May-2025 19:05:39 Asia/Baghdad] PHP Warning:  Constant SITE_NAME already defined in C:\xampp\htdocs\invoicing_system\config.php on line 65
[02-May-2025 19:05:39 Asia/Baghdad] PHP Warning:  Constant ROOT_PATH already defined in C:\xampp\htdocs\invoicing_system\config.php on line 70
[02-May-2025 19:05:39 Asia/Baghdad] PHP Warning:  Constant MAX_FILE_SIZE already defined in C:\xampp\htdocs\invoicing_system\config.php on line 76
[02-May-2025 19:05:39 Asia/Baghdad] PHP Warning:  Constant ALLOWED_EXTENSIONS already defined in C:\xampp\htdocs\invoicing_system\config.php on line 77
[02-May-2025 19:05:39 Asia/Baghdad] PHP Warning:  ini_set(): Session ini settings cannot be changed when a session is active in C:\xampp\htdocs\invoicing_system\config.php on line 130
[02-May-2025 19:05:39 Asia/Baghdad] PHP Parse error:  syntax error, unexpected token "<", expecting end of file in C:\xampp\htdocs\invoicing_system\database.php on line 6
[02-May-2025 19:05:40 Asia/Baghdad] PHP Warning:  Constant DB_HOST already defined in C:\xampp\htdocs\invoicing_system\config.php on line 58
[02-May-2025 19:05:40 Asia/Baghdad] PHP Warning:  Constant DB_USER already defined in C:\xampp\htdocs\invoicing_system\config.php on line 59
[02-May-2025 19:05:40 Asia/Baghdad] PHP Warning:  Constant DB_PASS already defined in C:\xampp\htdocs\invoicing_system\config.php on line 60
[02-May-2025 19:05:40 Asia/Baghdad] PHP Warning:  Constant DB_NAME already defined in C:\xampp\htdocs\invoicing_system\config.php on line 61
[02-May-2025 19:05:40 Asia/Baghdad] PHP Warning:  Constant SITE_NAME already defined in C:\xampp\htdocs\invoicing_system\config.php on line 65
[02-May-2025 19:05:40 Asia/Baghdad] PHP Warning:  Constant ROOT_PATH already defined in C:\xampp\htdocs\invoicing_system\config.php on line 70
[02-May-2025 19:05:40 Asia/Baghdad] PHP Warning:  Constant MAX_FILE_SIZE already defined in C:\xampp\htdocs\invoicing_system\config.php on line 76
[02-May-2025 19:05:40 Asia/Baghdad] PHP Warning:  Constant ALLOWED_EXTENSIONS already defined in C:\xampp\htdocs\invoicing_system\config.php on line 77
[02-May-2025 19:05:40 Asia/Baghdad] PHP Warning:  ini_set(): Session ini settings cannot be changed when a session is active in C:\xampp\htdocs\invoicing_system\config.php on line 130
[02-May-2025 19:05:40 Asia/Baghdad] PHP Parse error:  syntax error, unexpected token "<", expecting end of file in C:\xampp\htdocs\invoicing_system\database.php on line 6
[02-May-2025 19:06:07 Asia/Baghdad] PHP Warning:  Constant DB_HOST already defined in C:\xampp\htdocs\invoicing_system\config.php on line 63
[02-May-2025 19:06:07 Asia/Baghdad] PHP Warning:  Constant DB_USER already defined in C:\xampp\htdocs\invoicing_system\config.php on line 64
[02-May-2025 19:06:07 Asia/Baghdad] PHP Warning:  Constant DB_PASS already defined in C:\xampp\htdocs\invoicing_system\config.php on line 65
[02-May-2025 19:06:07 Asia/Baghdad] PHP Warning:  Constant DB_NAME already defined in C:\xampp\htdocs\invoicing_system\config.php on line 66
[02-May-2025 19:06:07 Asia/Baghdad] PHP Warning:  Constant SITE_NAME already defined in C:\xampp\htdocs\invoicing_system\config.php on line 70
[02-May-2025 19:06:07 Asia/Baghdad] PHP Warning:  Constant ROOT_PATH already defined in C:\xampp\htdocs\invoicing_system\config.php on line 75
[02-May-2025 19:06:07 Asia/Baghdad] PHP Warning:  Constant MAX_FILE_SIZE already defined in C:\xampp\htdocs\invoicing_system\config.php on line 81
[02-May-2025 19:06:07 Asia/Baghdad] PHP Warning:  Constant ALLOWED_EXTENSIONS already defined in C:\xampp\htdocs\invoicing_system\config.php on line 82
[02-May-2025 19:06:07 Asia/Baghdad] PHP Warning:  ini_set(): Session ini settings cannot be changed when a session is active in C:\xampp\htdocs\invoicing_system\config.php on line 135
[02-May-2025 19:06:07 Asia/Baghdad] PHP Parse error:  syntax error, unexpected token "<", expecting end of file in C:\xampp\htdocs\invoicing_system\database.php on line 6
[02-May-2025 19:06:08 Asia/Baghdad] PHP Warning:  Constant DB_HOST already defined in C:\xampp\htdocs\invoicing_system\config.php on line 63
[02-May-2025 19:06:08 Asia/Baghdad] PHP Warning:  Constant DB_USER already defined in C:\xampp\htdocs\invoicing_system\config.php on line 64
[02-May-2025 19:06:08 Asia/Baghdad] PHP Warning:  Constant DB_PASS already defined in C:\xampp\htdocs\invoicing_system\config.php on line 65
[02-May-2025 19:06:08 Asia/Baghdad] PHP Warning:  Constant DB_NAME already defined in C:\xampp\htdocs\invoicing_system\config.php on line 66
[02-May-2025 19:06:08 Asia/Baghdad] PHP Warning:  Constant SITE_NAME already defined in C:\xampp\htdocs\invoicing_system\config.php on line 70
[02-May-2025 19:06:08 Asia/Baghdad] PHP Warning:  Constant ROOT_PATH already defined in C:\xampp\htdocs\invoicing_system\config.php on line 75
[02-May-2025 19:06:08 Asia/Baghdad] PHP Warning:  Constant MAX_FILE_SIZE already defined in C:\xampp\htdocs\invoicing_system\config.php on line 81
[02-May-2025 19:06:08 Asia/Baghdad] PHP Warning:  Constant ALLOWED_EXTENSIONS already defined in C:\xampp\htdocs\invoicing_system\config.php on line 82
[02-May-2025 19:06:08 Asia/Baghdad] PHP Warning:  ini_set(): Session ini settings cannot be changed when a session is active in C:\xampp\htdocs\invoicing_system\config.php on line 135
[02-May-2025 19:06:08 Asia/Baghdad] PHP Parse error:  syntax error, unexpected token "<", expecting end of file in C:\xampp\htdocs\invoicing_system\database.php on line 6
[02-May-2025 19:06:08 Asia/Baghdad] PHP Warning:  Constant DB_HOST already defined in C:\xampp\htdocs\invoicing_system\config.php on line 63
[02-May-2025 19:06:08 Asia/Baghdad] PHP Warning:  Constant DB_USER already defined in C:\xampp\htdocs\invoicing_system\config.php on line 64
[02-May-2025 19:06:08 Asia/Baghdad] PHP Warning:  Constant DB_PASS already defined in C:\xampp\htdocs\invoicing_system\config.php on line 65
[02-May-2025 19:06:08 Asia/Baghdad] PHP Warning:  Constant DB_NAME already defined in C:\xampp\htdocs\invoicing_system\config.php on line 66
[02-May-2025 19:06:08 Asia/Baghdad] PHP Warning:  Constant SITE_NAME already defined in C:\xampp\htdocs\invoicing_system\config.php on line 70
[02-May-2025 19:06:08 Asia/Baghdad] PHP Warning:  Constant ROOT_PATH already defined in C:\xampp\htdocs\invoicing_system\config.php on line 75
[02-May-2025 19:06:08 Asia/Baghdad] PHP Warning:  Constant MAX_FILE_SIZE already defined in C:\xampp\htdocs\invoicing_system\config.php on line 81
[02-May-2025 19:06:08 Asia/Baghdad] PHP Warning:  Constant ALLOWED_EXTENSIONS already defined in C:\xampp\htdocs\invoicing_system\config.php on line 82
[02-May-2025 19:06:08 Asia/Baghdad] PHP Warning:  ini_set(): Session ini settings cannot be changed when a session is active in C:\xampp\htdocs\invoicing_system\config.php on line 135
[02-May-2025 19:06:08 Asia/Baghdad] PHP Parse error:  syntax error, unexpected token "<", expecting end of file in C:\xampp\htdocs\invoicing_system\database.php on line 6
[02-May-2025 19:06:08 Asia/Baghdad] PHP Warning:  Constant DB_HOST already defined in C:\xampp\htdocs\invoicing_system\config.php on line 63
[02-May-2025 19:06:08 Asia/Baghdad] PHP Warning:  Constant DB_USER already defined in C:\xampp\htdocs\invoicing_system\config.php on line 64
[02-May-2025 19:06:08 Asia/Baghdad] PHP Warning:  Constant DB_PASS already defined in C:\xampp\htdocs\invoicing_system\config.php on line 65
[02-May-2025 19:06:08 Asia/Baghdad] PHP Warning:  Constant DB_NAME already defined in C:\xampp\htdocs\invoicing_system\config.php on line 66
[02-May-2025 19:06:08 Asia/Baghdad] PHP Warning:  Constant SITE_NAME already defined in C:\xampp\htdocs\invoicing_system\config.php on line 70
[02-May-2025 19:06:08 Asia/Baghdad] PHP Warning:  Constant ROOT_PATH already defined in C:\xampp\htdocs\invoicing_system\config.php on line 75
[02-May-2025 19:06:08 Asia/Baghdad] PHP Warning:  Constant MAX_FILE_SIZE already defined in C:\xampp\htdocs\invoicing_system\config.php on line 81
[02-May-2025 19:06:08 Asia/Baghdad] PHP Warning:  Constant ALLOWED_EXTENSIONS already defined in C:\xampp\htdocs\invoicing_system\config.php on line 82
[02-May-2025 19:06:08 Asia/Baghdad] PHP Warning:  ini_set(): Session ini settings cannot be changed when a session is active in C:\xampp\htdocs\invoicing_system\config.php on line 135
[02-May-2025 19:06:08 Asia/Baghdad] PHP Parse error:  syntax error, unexpected token "<", expecting end of file in C:\xampp\htdocs\invoicing_system\database.php on line 6
[02-May-2025 19:06:09 Asia/Baghdad] PHP Warning:  Constant DB_HOST already defined in C:\xampp\htdocs\invoicing_system\config.php on line 63
[02-May-2025 19:06:09 Asia/Baghdad] PHP Warning:  Constant DB_USER already defined in C:\xampp\htdocs\invoicing_system\config.php on line 64
[02-May-2025 19:06:09 Asia/Baghdad] PHP Warning:  Constant DB_PASS already defined in C:\xampp\htdocs\invoicing_system\config.php on line 65
[02-May-2025 19:06:09 Asia/Baghdad] PHP Warning:  Constant DB_NAME already defined in C:\xampp\htdocs\invoicing_system\config.php on line 66
[02-May-2025 19:06:09 Asia/Baghdad] PHP Warning:  Constant SITE_NAME already defined in C:\xampp\htdocs\invoicing_system\config.php on line 70
[02-May-2025 19:06:09 Asia/Baghdad] PHP Warning:  Constant ROOT_PATH already defined in C:\xampp\htdocs\invoicing_system\config.php on line 75
[02-May-2025 19:06:09 Asia/Baghdad] PHP Warning:  Constant MAX_FILE_SIZE already defined in C:\xampp\htdocs\invoicing_system\config.php on line 81
[02-May-2025 19:06:09 Asia/Baghdad] PHP Warning:  Constant ALLOWED_EXTENSIONS already defined in C:\xampp\htdocs\invoicing_system\config.php on line 82
[02-May-2025 19:06:09 Asia/Baghdad] PHP Warning:  ini_set(): Session ini settings cannot be changed when a session is active in C:\xampp\htdocs\invoicing_system\config.php on line 135
[02-May-2025 19:06:09 Asia/Baghdad] PHP Parse error:  syntax error, unexpected token "<", expecting end of file in C:\xampp\htdocs\invoicing_system\database.php on line 6
[02-May-2025 19:06:09 Asia/Baghdad] PHP Warning:  Constant DB_HOST already defined in C:\xampp\htdocs\invoicing_system\config.php on line 63
[02-May-2025 19:06:09 Asia/Baghdad] PHP Warning:  Constant DB_USER already defined in C:\xampp\htdocs\invoicing_system\config.php on line 64
[02-May-2025 19:06:09 Asia/Baghdad] PHP Warning:  Constant DB_PASS already defined in C:\xampp\htdocs\invoicing_system\config.php on line 65
[02-May-2025 19:06:09 Asia/Baghdad] PHP Warning:  Constant DB_NAME already defined in C:\xampp\htdocs\invoicing_system\config.php on line 66
[02-May-2025 19:06:09 Asia/Baghdad] PHP Warning:  Constant SITE_NAME already defined in C:\xampp\htdocs\invoicing_system\config.php on line 70
[02-May-2025 19:06:09 Asia/Baghdad] PHP Warning:  Constant ROOT_PATH already defined in C:\xampp\htdocs\invoicing_system\config.php on line 75
[02-May-2025 19:06:09 Asia/Baghdad] PHP Warning:  Constant MAX_FILE_SIZE already defined in C:\xampp\htdocs\invoicing_system\config.php on line 81
[02-May-2025 19:06:09 Asia/Baghdad] PHP Warning:  Constant ALLOWED_EXTENSIONS already defined in C:\xampp\htdocs\invoicing_system\config.php on line 82
[02-May-2025 19:06:09 Asia/Baghdad] PHP Warning:  ini_set(): Session ini settings cannot be changed when a session is active in C:\xampp\htdocs\invoicing_system\config.php on line 135
[02-May-2025 19:06:09 Asia/Baghdad] PHP Parse error:  syntax error, unexpected token "<", expecting end of file in C:\xampp\htdocs\invoicing_system\database.php on line 6
[02-May-2025 19:06:09 Asia/Baghdad] PHP Warning:  Constant DB_HOST already defined in C:\xampp\htdocs\invoicing_system\config.php on line 63
[02-May-2025 19:06:09 Asia/Baghdad] PHP Warning:  Constant DB_USER already defined in C:\xampp\htdocs\invoicing_system\config.php on line 64
[02-May-2025 19:06:09 Asia/Baghdad] PHP Warning:  Constant DB_PASS already defined in C:\xampp\htdocs\invoicing_system\config.php on line 65
[02-May-2025 19:06:09 Asia/Baghdad] PHP Warning:  Constant DB_NAME already defined in C:\xampp\htdocs\invoicing_system\config.php on line 66
[02-May-2025 19:06:09 Asia/Baghdad] PHP Warning:  Constant SITE_NAME already defined in C:\xampp\htdocs\invoicing_system\config.php on line 70
[02-May-2025 19:06:09 Asia/Baghdad] PHP Warning:  Constant ROOT_PATH already defined in C:\xampp\htdocs\invoicing_system\config.php on line 75
[02-May-2025 19:06:09 Asia/Baghdad] PHP Warning:  Constant MAX_FILE_SIZE already defined in C:\xampp\htdocs\invoicing_system\config.php on line 81
[02-May-2025 19:06:09 Asia/Baghdad] PHP Warning:  Constant ALLOWED_EXTENSIONS already defined in C:\xampp\htdocs\invoicing_system\config.php on line 82
[02-May-2025 19:06:09 Asia/Baghdad] PHP Warning:  ini_set(): Session ini settings cannot be changed when a session is active in C:\xampp\htdocs\invoicing_system\config.php on line 135
[02-May-2025 19:06:09 Asia/Baghdad] PHP Parse error:  syntax error, unexpected token "<", expecting end of file in C:\xampp\htdocs\invoicing_system\database.php on line 6
[02-May-2025 19:06:09 Asia/Baghdad] PHP Warning:  Constant DB_HOST already defined in C:\xampp\htdocs\invoicing_system\config.php on line 63
[02-May-2025 19:06:09 Asia/Baghdad] PHP Warning:  Constant DB_USER already defined in C:\xampp\htdocs\invoicing_system\config.php on line 64
[02-May-2025 19:06:09 Asia/Baghdad] PHP Warning:  Constant DB_PASS already defined in C:\xampp\htdocs\invoicing_system\config.php on line 65
[02-May-2025 19:06:09 Asia/Baghdad] PHP Warning:  Constant DB_NAME already defined in C:\xampp\htdocs\invoicing_system\config.php on line 66
[02-May-2025 19:06:09 Asia/Baghdad] PHP Warning:  Constant SITE_NAME already defined in C:\xampp\htdocs\invoicing_system\config.php on line 70
[02-May-2025 19:06:09 Asia/Baghdad] PHP Warning:  Constant ROOT_PATH already defined in C:\xampp\htdocs\invoicing_system\config.php on line 75
[02-May-2025 19:06:09 Asia/Baghdad] PHP Warning:  Constant MAX_FILE_SIZE already defined in C:\xampp\htdocs\invoicing_system\config.php on line 81
[02-May-2025 19:06:09 Asia/Baghdad] PHP Warning:  Constant ALLOWED_EXTENSIONS already defined in C:\xampp\htdocs\invoicing_system\config.php on line 82
[02-May-2025 19:06:09 Asia/Baghdad] PHP Warning:  ini_set(): Session ini settings cannot be changed when a session is active in C:\xampp\htdocs\invoicing_system\config.php on line 135
[02-May-2025 19:06:09 Asia/Baghdad] PHP Parse error:  syntax error, unexpected token "<", expecting end of file in C:\xampp\htdocs\invoicing_system\database.php on line 6
[02-May-2025 19:06:09 Asia/Baghdad] PHP Warning:  Constant DB_HOST already defined in C:\xampp\htdocs\invoicing_system\config.php on line 63
[02-May-2025 19:06:09 Asia/Baghdad] PHP Warning:  Constant DB_USER already defined in C:\xampp\htdocs\invoicing_system\config.php on line 64
[02-May-2025 19:06:09 Asia/Baghdad] PHP Warning:  Constant DB_PASS already defined in C:\xampp\htdocs\invoicing_system\config.php on line 65
[02-May-2025 19:06:09 Asia/Baghdad] PHP Warning:  Constant DB_NAME already defined in C:\xampp\htdocs\invoicing_system\config.php on line 66
[02-May-2025 19:06:09 Asia/Baghdad] PHP Warning:  Constant SITE_NAME already defined in C:\xampp\htdocs\invoicing_system\config.php on line 70
[02-May-2025 19:06:09 Asia/Baghdad] PHP Warning:  Constant ROOT_PATH already defined in C:\xampp\htdocs\invoicing_system\config.php on line 75
[02-May-2025 19:06:09 Asia/Baghdad] PHP Warning:  Constant MAX_FILE_SIZE already defined in C:\xampp\htdocs\invoicing_system\config.php on line 81
[02-May-2025 19:06:09 Asia/Baghdad] PHP Warning:  Constant ALLOWED_EXTENSIONS already defined in C:\xampp\htdocs\invoicing_system\config.php on line 82
[02-May-2025 19:06:09 Asia/Baghdad] PHP Warning:  ini_set(): Session ini settings cannot be changed when a session is active in C:\xampp\htdocs\invoicing_system\config.php on line 135
[02-May-2025 19:06:09 Asia/Baghdad] PHP Parse error:  syntax error, unexpected token "<", expecting end of file in C:\xampp\htdocs\invoicing_system\database.php on line 6
[02-May-2025 19:06:10 Asia/Baghdad] PHP Warning:  Constant DB_HOST already defined in C:\xampp\htdocs\invoicing_system\config.php on line 63
[02-May-2025 19:06:10 Asia/Baghdad] PHP Warning:  Constant DB_USER already defined in C:\xampp\htdocs\invoicing_system\config.php on line 64
[02-May-2025 19:06:10 Asia/Baghdad] PHP Warning:  Constant DB_PASS already defined in C:\xampp\htdocs\invoicing_system\config.php on line 65
[02-May-2025 19:06:10 Asia/Baghdad] PHP Warning:  Constant DB_NAME already defined in C:\xampp\htdocs\invoicing_system\config.php on line 66
[02-May-2025 19:06:10 Asia/Baghdad] PHP Warning:  Constant SITE_NAME already defined in C:\xampp\htdocs\invoicing_system\config.php on line 70
[02-May-2025 19:06:10 Asia/Baghdad] PHP Warning:  Constant ROOT_PATH already defined in C:\xampp\htdocs\invoicing_system\config.php on line 75
[02-May-2025 19:06:10 Asia/Baghdad] PHP Warning:  Constant MAX_FILE_SIZE already defined in C:\xampp\htdocs\invoicing_system\config.php on line 81
[02-May-2025 19:06:10 Asia/Baghdad] PHP Warning:  Constant ALLOWED_EXTENSIONS already defined in C:\xampp\htdocs\invoicing_system\config.php on line 82
[02-May-2025 19:06:10 Asia/Baghdad] PHP Warning:  ini_set(): Session ini settings cannot be changed when a session is active in C:\xampp\htdocs\invoicing_system\config.php on line 135
[02-May-2025 19:06:10 Asia/Baghdad] PHP Parse error:  syntax error, unexpected token "<", expecting end of file in C:\xampp\htdocs\invoicing_system\database.php on line 6
[02-May-2025 19:06:10 Asia/Baghdad] PHP Warning:  Constant DB_HOST already defined in C:\xampp\htdocs\invoicing_system\config.php on line 63
[02-May-2025 19:06:10 Asia/Baghdad] PHP Warning:  Constant DB_USER already defined in C:\xampp\htdocs\invoicing_system\config.php on line 64
[02-May-2025 19:06:10 Asia/Baghdad] PHP Warning:  Constant DB_PASS already defined in C:\xampp\htdocs\invoicing_system\config.php on line 65
[02-May-2025 19:06:10 Asia/Baghdad] PHP Warning:  Constant DB_NAME already defined in C:\xampp\htdocs\invoicing_system\config.php on line 66
[02-May-2025 19:06:10 Asia/Baghdad] PHP Warning:  Constant SITE_NAME already defined in C:\xampp\htdocs\invoicing_system\config.php on line 70
[02-May-2025 19:06:10 Asia/Baghdad] PHP Warning:  Constant ROOT_PATH already defined in C:\xampp\htdocs\invoicing_system\config.php on line 75
[02-May-2025 19:06:10 Asia/Baghdad] PHP Warning:  Constant MAX_FILE_SIZE already defined in C:\xampp\htdocs\invoicing_system\config.php on line 81
[02-May-2025 19:06:10 Asia/Baghdad] PHP Warning:  Constant ALLOWED_EXTENSIONS already defined in C:\xampp\htdocs\invoicing_system\config.php on line 82
[02-May-2025 19:06:10 Asia/Baghdad] PHP Warning:  ini_set(): Session ini settings cannot be changed when a session is active in C:\xampp\htdocs\invoicing_system\config.php on line 135
[02-May-2025 19:06:10 Asia/Baghdad] PHP Parse error:  syntax error, unexpected token "<", expecting end of file in C:\xampp\htdocs\invoicing_system\database.php on line 6
[02-May-2025 19:06:10 Asia/Baghdad] PHP Warning:  Constant DB_HOST already defined in C:\xampp\htdocs\invoicing_system\config.php on line 63
[02-May-2025 19:06:10 Asia/Baghdad] PHP Warning:  Constant DB_USER already defined in C:\xampp\htdocs\invoicing_system\config.php on line 64
[02-May-2025 19:06:10 Asia/Baghdad] PHP Warning:  Constant DB_PASS already defined in C:\xampp\htdocs\invoicing_system\config.php on line 65
[02-May-2025 19:06:10 Asia/Baghdad] PHP Warning:  Constant DB_NAME already defined in C:\xampp\htdocs\invoicing_system\config.php on line 66
[02-May-2025 19:06:10 Asia/Baghdad] PHP Warning:  Constant SITE_NAME already defined in C:\xampp\htdocs\invoicing_system\config.php on line 70
[02-May-2025 19:06:10 Asia/Baghdad] PHP Warning:  Constant ROOT_PATH already defined in C:\xampp\htdocs\invoicing_system\config.php on line 75
[02-May-2025 19:06:10 Asia/Baghdad] PHP Warning:  Constant MAX_FILE_SIZE already defined in C:\xampp\htdocs\invoicing_system\config.php on line 81
[02-May-2025 19:06:10 Asia/Baghdad] PHP Warning:  Constant ALLOWED_EXTENSIONS already defined in C:\xampp\htdocs\invoicing_system\config.php on line 82
[02-May-2025 19:06:10 Asia/Baghdad] PHP Warning:  ini_set(): Session ini settings cannot be changed when a session is active in C:\xampp\htdocs\invoicing_system\config.php on line 135
[02-May-2025 19:06:10 Asia/Baghdad] PHP Parse error:  syntax error, unexpected token "<", expecting end of file in C:\xampp\htdocs\invoicing_system\database.php on line 6
[02-May-2025 19:06:10 Asia/Baghdad] PHP Warning:  Constant DB_HOST already defined in C:\xampp\htdocs\invoicing_system\config.php on line 63
[02-May-2025 19:06:10 Asia/Baghdad] PHP Warning:  Constant DB_USER already defined in C:\xampp\htdocs\invoicing_system\config.php on line 64
[02-May-2025 19:06:10 Asia/Baghdad] PHP Warning:  Constant DB_PASS already defined in C:\xampp\htdocs\invoicing_system\config.php on line 65
[02-May-2025 19:06:10 Asia/Baghdad] PHP Warning:  Constant DB_NAME already defined in C:\xampp\htdocs\invoicing_system\config.php on line 66
[02-May-2025 19:06:10 Asia/Baghdad] PHP Warning:  Constant SITE_NAME already defined in C:\xampp\htdocs\invoicing_system\config.php on line 70
[02-May-2025 19:06:10 Asia/Baghdad] PHP Warning:  Constant ROOT_PATH already defined in C:\xampp\htdocs\invoicing_system\config.php on line 75
[02-May-2025 19:06:10 Asia/Baghdad] PHP Warning:  Constant MAX_FILE_SIZE already defined in C:\xampp\htdocs\invoicing_system\config.php on line 81
[02-May-2025 19:06:10 Asia/Baghdad] PHP Warning:  Constant ALLOWED_EXTENSIONS already defined in C:\xampp\htdocs\invoicing_system\config.php on line 82
[02-May-2025 19:06:10 Asia/Baghdad] PHP Warning:  ini_set(): Session ini settings cannot be changed when a session is active in C:\xampp\htdocs\invoicing_system\config.php on line 135
[02-May-2025 19:06:10 Asia/Baghdad] PHP Parse error:  syntax error, unexpected token "<", expecting end of file in C:\xampp\htdocs\invoicing_system\database.php on line 6
[02-May-2025 19:06:10 Asia/Baghdad] PHP Warning:  Constant DB_HOST already defined in C:\xampp\htdocs\invoicing_system\config.php on line 63
[02-May-2025 19:06:10 Asia/Baghdad] PHP Warning:  Constant DB_USER already defined in C:\xampp\htdocs\invoicing_system\config.php on line 64
[02-May-2025 19:06:10 Asia/Baghdad] PHP Warning:  Constant DB_PASS already defined in C:\xampp\htdocs\invoicing_system\config.php on line 65
[02-May-2025 19:06:10 Asia/Baghdad] PHP Warning:  Constant DB_NAME already defined in C:\xampp\htdocs\invoicing_system\config.php on line 66
[02-May-2025 19:06:10 Asia/Baghdad] PHP Warning:  Constant SITE_NAME already defined in C:\xampp\htdocs\invoicing_system\config.php on line 70
[02-May-2025 19:06:10 Asia/Baghdad] PHP Warning:  Constant ROOT_PATH already defined in C:\xampp\htdocs\invoicing_system\config.php on line 75
[02-May-2025 19:06:10 Asia/Baghdad] PHP Warning:  Constant MAX_FILE_SIZE already defined in C:\xampp\htdocs\invoicing_system\config.php on line 81
[02-May-2025 19:06:10 Asia/Baghdad] PHP Warning:  Constant ALLOWED_EXTENSIONS already defined in C:\xampp\htdocs\invoicing_system\config.php on line 82
[02-May-2025 19:06:10 Asia/Baghdad] PHP Warning:  ini_set(): Session ini settings cannot be changed when a session is active in C:\xampp\htdocs\invoicing_system\config.php on line 135
[02-May-2025 19:06:10 Asia/Baghdad] PHP Parse error:  syntax error, unexpected token "<", expecting end of file in C:\xampp\htdocs\invoicing_system\database.php on line 6
[02-May-2025 19:06:11 Asia/Baghdad] PHP Warning:  Constant DB_HOST already defined in C:\xampp\htdocs\invoicing_system\config.php on line 63
[02-May-2025 19:06:11 Asia/Baghdad] PHP Warning:  Constant DB_USER already defined in C:\xampp\htdocs\invoicing_system\config.php on line 64
[02-May-2025 19:06:11 Asia/Baghdad] PHP Warning:  Constant DB_PASS already defined in C:\xampp\htdocs\invoicing_system\config.php on line 65
[02-May-2025 19:06:11 Asia/Baghdad] PHP Warning:  Constant DB_NAME already defined in C:\xampp\htdocs\invoicing_system\config.php on line 66
[02-May-2025 19:06:11 Asia/Baghdad] PHP Warning:  Constant SITE_NAME already defined in C:\xampp\htdocs\invoicing_system\config.php on line 70
[02-May-2025 19:06:11 Asia/Baghdad] PHP Warning:  Constant ROOT_PATH already defined in C:\xampp\htdocs\invoicing_system\config.php on line 75
[02-May-2025 19:06:11 Asia/Baghdad] PHP Warning:  Constant MAX_FILE_SIZE already defined in C:\xampp\htdocs\invoicing_system\config.php on line 81
[02-May-2025 19:06:11 Asia/Baghdad] PHP Warning:  Constant ALLOWED_EXTENSIONS already defined in C:\xampp\htdocs\invoicing_system\config.php on line 82
[02-May-2025 19:06:11 Asia/Baghdad] PHP Warning:  ini_set(): Session ini settings cannot be changed when a session is active in C:\xampp\htdocs\invoicing_system\config.php on line 135
[02-May-2025 19:06:11 Asia/Baghdad] PHP Parse error:  syntax error, unexpected token "<", expecting end of file in C:\xampp\htdocs\invoicing_system\database.php on line 6
[02-May-2025 19:06:11 Asia/Baghdad] PHP Warning:  Constant DB_HOST already defined in C:\xampp\htdocs\invoicing_system\config.php on line 63
[02-May-2025 19:06:11 Asia/Baghdad] PHP Warning:  Constant DB_USER already defined in C:\xampp\htdocs\invoicing_system\config.php on line 64
[02-May-2025 19:06:11 Asia/Baghdad] PHP Warning:  Constant DB_PASS already defined in C:\xampp\htdocs\invoicing_system\config.php on line 65
[02-May-2025 19:06:11 Asia/Baghdad] PHP Warning:  Constant DB_NAME already defined in C:\xampp\htdocs\invoicing_system\config.php on line 66
[02-May-2025 19:06:11 Asia/Baghdad] PHP Warning:  Constant SITE_NAME already defined in C:\xampp\htdocs\invoicing_system\config.php on line 70
[02-May-2025 19:06:11 Asia/Baghdad] PHP Warning:  Constant ROOT_PATH already defined in C:\xampp\htdocs\invoicing_system\config.php on line 75
[02-May-2025 19:06:11 Asia/Baghdad] PHP Warning:  Constant MAX_FILE_SIZE already defined in C:\xampp\htdocs\invoicing_system\config.php on line 81
[02-May-2025 19:06:11 Asia/Baghdad] PHP Warning:  Constant ALLOWED_EXTENSIONS already defined in C:\xampp\htdocs\invoicing_system\config.php on line 82
[02-May-2025 19:06:11 Asia/Baghdad] PHP Warning:  ini_set(): Session ini settings cannot be changed when a session is active in C:\xampp\htdocs\invoicing_system\config.php on line 135
[02-May-2025 19:06:11 Asia/Baghdad] PHP Parse error:  syntax error, unexpected token "<", expecting end of file in C:\xampp\htdocs\invoicing_system\database.php on line 6
[02-May-2025 19:06:11 Asia/Baghdad] PHP Warning:  Constant DB_HOST already defined in C:\xampp\htdocs\invoicing_system\config.php on line 63
[02-May-2025 19:06:11 Asia/Baghdad] PHP Warning:  Constant DB_USER already defined in C:\xampp\htdocs\invoicing_system\config.php on line 64
[02-May-2025 19:06:11 Asia/Baghdad] PHP Warning:  Constant DB_PASS already defined in C:\xampp\htdocs\invoicing_system\config.php on line 65
[02-May-2025 19:06:11 Asia/Baghdad] PHP Warning:  Constant DB_NAME already defined in C:\xampp\htdocs\invoicing_system\config.php on line 66
[02-May-2025 19:06:11 Asia/Baghdad] PHP Warning:  Constant SITE_NAME already defined in C:\xampp\htdocs\invoicing_system\config.php on line 70
[02-May-2025 19:06:11 Asia/Baghdad] PHP Warning:  Constant ROOT_PATH already defined in C:\xampp\htdocs\invoicing_system\config.php on line 75
[02-May-2025 19:06:11 Asia/Baghdad] PHP Warning:  Constant MAX_FILE_SIZE already defined in C:\xampp\htdocs\invoicing_system\config.php on line 81
[02-May-2025 19:06:11 Asia/Baghdad] PHP Warning:  Constant ALLOWED_EXTENSIONS already defined in C:\xampp\htdocs\invoicing_system\config.php on line 82
[02-May-2025 19:06:11 Asia/Baghdad] PHP Warning:  ini_set(): Session ini settings cannot be changed when a session is active in C:\xampp\htdocs\invoicing_system\config.php on line 135
[02-May-2025 19:06:11 Asia/Baghdad] PHP Parse error:  syntax error, unexpected token "<", expecting end of file in C:\xampp\htdocs\invoicing_system\database.php on line 6
[02-May-2025 19:06:11 Asia/Baghdad] PHP Warning:  Constant DB_HOST already defined in C:\xampp\htdocs\invoicing_system\config.php on line 63
[02-May-2025 19:06:11 Asia/Baghdad] PHP Warning:  Constant DB_USER already defined in C:\xampp\htdocs\invoicing_system\config.php on line 64
[02-May-2025 19:06:11 Asia/Baghdad] PHP Warning:  Constant DB_PASS already defined in C:\xampp\htdocs\invoicing_system\config.php on line 65
[02-May-2025 19:06:11 Asia/Baghdad] PHP Warning:  Constant DB_NAME already defined in C:\xampp\htdocs\invoicing_system\config.php on line 66
[02-May-2025 19:06:11 Asia/Baghdad] PHP Warning:  Constant SITE_NAME already defined in C:\xampp\htdocs\invoicing_system\config.php on line 70
[02-May-2025 19:06:11 Asia/Baghdad] PHP Warning:  Constant ROOT_PATH already defined in C:\xampp\htdocs\invoicing_system\config.php on line 75
[02-May-2025 19:06:11 Asia/Baghdad] PHP Warning:  Constant MAX_FILE_SIZE already defined in C:\xampp\htdocs\invoicing_system\config.php on line 81
[02-May-2025 19:06:11 Asia/Baghdad] PHP Warning:  Constant ALLOWED_EXTENSIONS already defined in C:\xampp\htdocs\invoicing_system\config.php on line 82
[02-May-2025 19:06:11 Asia/Baghdad] PHP Warning:  ini_set(): Session ini settings cannot be changed when a session is active in C:\xampp\htdocs\invoicing_system\config.php on line 135
[02-May-2025 19:06:11 Asia/Baghdad] PHP Parse error:  syntax error, unexpected token "<", expecting end of file in C:\xampp\htdocs\invoicing_system\database.php on line 6
[02-May-2025 19:06:31 Asia/Baghdad] PHP Warning:  Constant DB_HOST already defined in C:\xampp\htdocs\invoicing_system\config.php on line 63
[02-May-2025 19:06:31 Asia/Baghdad] PHP Warning:  Constant DB_USER already defined in C:\xampp\htdocs\invoicing_system\config.php on line 64
[02-May-2025 19:06:31 Asia/Baghdad] PHP Warning:  Constant DB_PASS already defined in C:\xampp\htdocs\invoicing_system\config.php on line 65
[02-May-2025 19:06:31 Asia/Baghdad] PHP Warning:  Constant DB_NAME already defined in C:\xampp\htdocs\invoicing_system\config.php on line 66
[02-May-2025 19:06:31 Asia/Baghdad] PHP Warning:  Constant SITE_NAME already defined in C:\xampp\htdocs\invoicing_system\config.php on line 70
[02-May-2025 19:06:31 Asia/Baghdad] PHP Warning:  Constant ROOT_PATH already defined in C:\xampp\htdocs\invoicing_system\config.php on line 75
[02-May-2025 19:06:31 Asia/Baghdad] PHP Warning:  Constant MAX_FILE_SIZE already defined in C:\xampp\htdocs\invoicing_system\config.php on line 81
[02-May-2025 19:06:31 Asia/Baghdad] PHP Warning:  Constant ALLOWED_EXTENSIONS already defined in C:\xampp\htdocs\invoicing_system\config.php on line 82
[02-May-2025 19:06:31 Asia/Baghdad] PHP Parse error:  syntax error, unexpected token "<", expecting end of file in C:\xampp\htdocs\invoicing_system\database.php on line 6
[02-May-2025 19:06:45 Asia/Baghdad] PHP Warning:  Constant DB_HOST already defined in C:\xampp\htdocs\invoicing_system\config.php on line 63
[02-May-2025 19:06:45 Asia/Baghdad] PHP Warning:  Constant DB_USER already defined in C:\xampp\htdocs\invoicing_system\config.php on line 64
[02-May-2025 19:06:45 Asia/Baghdad] PHP Warning:  Constant DB_PASS already defined in C:\xampp\htdocs\invoicing_system\config.php on line 65
[02-May-2025 19:06:45 Asia/Baghdad] PHP Warning:  Constant DB_NAME already defined in C:\xampp\htdocs\invoicing_system\config.php on line 66
[02-May-2025 19:06:45 Asia/Baghdad] PHP Warning:  Constant SITE_NAME already defined in C:\xampp\htdocs\invoicing_system\config.php on line 70
[02-May-2025 19:06:45 Asia/Baghdad] PHP Warning:  Constant ROOT_PATH already defined in C:\xampp\htdocs\invoicing_system\config.php on line 75
[02-May-2025 19:06:45 Asia/Baghdad] PHP Warning:  Constant MAX_FILE_SIZE already defined in C:\xampp\htdocs\invoicing_system\config.php on line 81
[02-May-2025 19:06:45 Asia/Baghdad] PHP Warning:  Constant ALLOWED_EXTENSIONS already defined in C:\xampp\htdocs\invoicing_system\config.php on line 82
[02-May-2025 19:06:45 Asia/Baghdad] PHP Warning:  ini_set(): Session ini settings cannot be changed when a session is active in C:\xampp\htdocs\invoicing_system\config.php on line 135
[02-May-2025 19:06:45 Asia/Baghdad] PHP Parse error:  syntax error, unexpected token "<", expecting end of file in C:\xampp\htdocs\invoicing_system\database.php on line 6
[02-May-2025 19:07:11 Asia/Baghdad] PHP Warning:  Constant DB_HOST already defined in C:\xampp\htdocs\invoicing_system\config.php on line 63
[02-May-2025 19:07:11 Asia/Baghdad] PHP Warning:  Constant DB_USER already defined in C:\xampp\htdocs\invoicing_system\config.php on line 64
[02-May-2025 19:07:11 Asia/Baghdad] PHP Warning:  Constant DB_PASS already defined in C:\xampp\htdocs\invoicing_system\config.php on line 65
[02-May-2025 19:07:11 Asia/Baghdad] PHP Warning:  Constant DB_NAME already defined in C:\xampp\htdocs\invoicing_system\config.php on line 66
[02-May-2025 19:07:11 Asia/Baghdad] PHP Warning:  Constant SITE_NAME already defined in C:\xampp\htdocs\invoicing_system\config.php on line 70
[02-May-2025 19:07:11 Asia/Baghdad] PHP Warning:  Constant ROOT_PATH already defined in C:\xampp\htdocs\invoicing_system\config.php on line 75
[02-May-2025 19:07:11 Asia/Baghdad] PHP Warning:  Constant MAX_FILE_SIZE already defined in C:\xampp\htdocs\invoicing_system\config.php on line 81
[02-May-2025 19:07:11 Asia/Baghdad] PHP Warning:  Constant ALLOWED_EXTENSIONS already defined in C:\xampp\htdocs\invoicing_system\config.php on line 82
[02-May-2025 19:07:11 Asia/Baghdad] PHP Warning:  ini_set(): Session ini settings cannot be changed when a session is active in C:\xampp\htdocs\invoicing_system\config.php on line 135
[02-May-2025 19:07:11 Asia/Baghdad] PHP Parse error:  syntax error, unexpected token "<", expecting end of file in C:\xampp\htdocs\invoicing_system\database.php on line 6
[02-May-2025 19:07:12 Asia/Baghdad] PHP Warning:  Constant DB_HOST already defined in C:\xampp\htdocs\invoicing_system\config.php on line 63
[02-May-2025 19:07:12 Asia/Baghdad] PHP Warning:  Constant DB_USER already defined in C:\xampp\htdocs\invoicing_system\config.php on line 64
[02-May-2025 19:07:12 Asia/Baghdad] PHP Warning:  Constant DB_PASS already defined in C:\xampp\htdocs\invoicing_system\config.php on line 65
[02-May-2025 19:07:12 Asia/Baghdad] PHP Warning:  Constant DB_NAME already defined in C:\xampp\htdocs\invoicing_system\config.php on line 66
[02-May-2025 19:07:12 Asia/Baghdad] PHP Warning:  Constant SITE_NAME already defined in C:\xampp\htdocs\invoicing_system\config.php on line 70
[02-May-2025 19:07:12 Asia/Baghdad] PHP Warning:  Constant ROOT_PATH already defined in C:\xampp\htdocs\invoicing_system\config.php on line 75
[02-May-2025 19:07:12 Asia/Baghdad] PHP Warning:  Constant MAX_FILE_SIZE already defined in C:\xampp\htdocs\invoicing_system\config.php on line 81
[02-May-2025 19:07:12 Asia/Baghdad] PHP Warning:  Constant ALLOWED_EXTENSIONS already defined in C:\xampp\htdocs\invoicing_system\config.php on line 82
[02-May-2025 19:07:12 Asia/Baghdad] PHP Warning:  ini_set(): Session ini settings cannot be changed when a session is active in C:\xampp\htdocs\invoicing_system\config.php on line 135
[02-May-2025 19:07:12 Asia/Baghdad] PHP Parse error:  syntax error, unexpected token "<", expecting end of file in C:\xampp\htdocs\invoicing_system\database.php on line 6
[02-May-2025 19:07:12 Asia/Baghdad] PHP Warning:  Constant DB_HOST already defined in C:\xampp\htdocs\invoicing_system\config.php on line 63
[02-May-2025 19:07:12 Asia/Baghdad] PHP Warning:  Constant DB_USER already defined in C:\xampp\htdocs\invoicing_system\config.php on line 64
[02-May-2025 19:07:12 Asia/Baghdad] PHP Warning:  Constant DB_PASS already defined in C:\xampp\htdocs\invoicing_system\config.php on line 65
[02-May-2025 19:07:12 Asia/Baghdad] PHP Warning:  Constant DB_NAME already defined in C:\xampp\htdocs\invoicing_system\config.php on line 66
[02-May-2025 19:07:12 Asia/Baghdad] PHP Warning:  Constant SITE_NAME already defined in C:\xampp\htdocs\invoicing_system\config.php on line 70
[02-May-2025 19:07:12 Asia/Baghdad] PHP Warning:  Constant ROOT_PATH already defined in C:\xampp\htdocs\invoicing_system\config.php on line 75
[02-May-2025 19:07:12 Asia/Baghdad] PHP Warning:  Constant MAX_FILE_SIZE already defined in C:\xampp\htdocs\invoicing_system\config.php on line 81
[02-May-2025 19:07:12 Asia/Baghdad] PHP Warning:  Constant ALLOWED_EXTENSIONS already defined in C:\xampp\htdocs\invoicing_system\config.php on line 82
[02-May-2025 19:07:12 Asia/Baghdad] PHP Warning:  ini_set(): Session ini settings cannot be changed when a session is active in C:\xampp\htdocs\invoicing_system\config.php on line 135
[02-May-2025 19:07:12 Asia/Baghdad] PHP Parse error:  syntax error, unexpected token "<", expecting end of file in C:\xampp\htdocs\invoicing_system\database.php on line 6
[02-May-2025 19:07:12 Asia/Baghdad] PHP Warning:  Constant DB_HOST already defined in C:\xampp\htdocs\invoicing_system\config.php on line 63
[02-May-2025 19:07:12 Asia/Baghdad] PHP Warning:  Constant DB_USER already defined in C:\xampp\htdocs\invoicing_system\config.php on line 64
[02-May-2025 19:07:12 Asia/Baghdad] PHP Warning:  Constant DB_PASS already defined in C:\xampp\htdocs\invoicing_system\config.php on line 65
[02-May-2025 19:07:12 Asia/Baghdad] PHP Warning:  Constant DB_NAME already defined in C:\xampp\htdocs\invoicing_system\config.php on line 66
[02-May-2025 19:07:12 Asia/Baghdad] PHP Warning:  Constant SITE_NAME already defined in C:\xampp\htdocs\invoicing_system\config.php on line 70
[02-May-2025 19:07:12 Asia/Baghdad] PHP Warning:  Constant ROOT_PATH already defined in C:\xampp\htdocs\invoicing_system\config.php on line 75
[02-May-2025 19:07:12 Asia/Baghdad] PHP Warning:  Constant MAX_FILE_SIZE already defined in C:\xampp\htdocs\invoicing_system\config.php on line 81
[02-May-2025 19:07:12 Asia/Baghdad] PHP Warning:  Constant ALLOWED_EXTENSIONS already defined in C:\xampp\htdocs\invoicing_system\config.php on line 82
[02-May-2025 19:07:12 Asia/Baghdad] PHP Warning:  ini_set(): Session ini settings cannot be changed when a session is active in C:\xampp\htdocs\invoicing_system\config.php on line 135
[02-May-2025 19:07:12 Asia/Baghdad] PHP Parse error:  syntax error, unexpected token "<", expecting end of file in C:\xampp\htdocs\invoicing_system\database.php on line 6
[02-May-2025 19:07:13 Asia/Baghdad] PHP Warning:  Constant DB_HOST already defined in C:\xampp\htdocs\invoicing_system\config.php on line 63
[02-May-2025 19:07:13 Asia/Baghdad] PHP Warning:  Constant DB_USER already defined in C:\xampp\htdocs\invoicing_system\config.php on line 64
[02-May-2025 19:07:13 Asia/Baghdad] PHP Warning:  Constant DB_PASS already defined in C:\xampp\htdocs\invoicing_system\config.php on line 65
[02-May-2025 19:07:13 Asia/Baghdad] PHP Warning:  Constant DB_NAME already defined in C:\xampp\htdocs\invoicing_system\config.php on line 66
[02-May-2025 19:07:13 Asia/Baghdad] PHP Warning:  Constant SITE_NAME already defined in C:\xampp\htdocs\invoicing_system\config.php on line 70
[02-May-2025 19:07:13 Asia/Baghdad] PHP Warning:  Constant ROOT_PATH already defined in C:\xampp\htdocs\invoicing_system\config.php on line 75
[02-May-2025 19:07:13 Asia/Baghdad] PHP Warning:  Constant MAX_FILE_SIZE already defined in C:\xampp\htdocs\invoicing_system\config.php on line 81
[02-May-2025 19:07:13 Asia/Baghdad] PHP Warning:  Constant ALLOWED_EXTENSIONS already defined in C:\xampp\htdocs\invoicing_system\config.php on line 82
[02-May-2025 19:07:13 Asia/Baghdad] PHP Warning:  ini_set(): Session ini settings cannot be changed when a session is active in C:\xampp\htdocs\invoicing_system\config.php on line 135
[02-May-2025 19:07:13 Asia/Baghdad] PHP Parse error:  syntax error, unexpected token "<", expecting end of file in C:\xampp\htdocs\invoicing_system\database.php on line 6
[02-May-2025 19:07:13 Asia/Baghdad] PHP Warning:  Constant DB_HOST already defined in C:\xampp\htdocs\invoicing_system\config.php on line 63
[02-May-2025 19:07:13 Asia/Baghdad] PHP Warning:  Constant DB_USER already defined in C:\xampp\htdocs\invoicing_system\config.php on line 64
[02-May-2025 19:07:13 Asia/Baghdad] PHP Warning:  Constant DB_PASS already defined in C:\xampp\htdocs\invoicing_system\config.php on line 65
[02-May-2025 19:07:13 Asia/Baghdad] PHP Warning:  Constant DB_NAME already defined in C:\xampp\htdocs\invoicing_system\config.php on line 66
[02-May-2025 19:07:13 Asia/Baghdad] PHP Warning:  Constant SITE_NAME already defined in C:\xampp\htdocs\invoicing_system\config.php on line 70
[02-May-2025 19:07:13 Asia/Baghdad] PHP Warning:  Constant ROOT_PATH already defined in C:\xampp\htdocs\invoicing_system\config.php on line 75
[02-May-2025 19:07:13 Asia/Baghdad] PHP Warning:  Constant MAX_FILE_SIZE already defined in C:\xampp\htdocs\invoicing_system\config.php on line 81
[02-May-2025 19:07:13 Asia/Baghdad] PHP Warning:  Constant ALLOWED_EXTENSIONS already defined in C:\xampp\htdocs\invoicing_system\config.php on line 82
[02-May-2025 19:07:13 Asia/Baghdad] PHP Warning:  ini_set(): Session ini settings cannot be changed when a session is active in C:\xampp\htdocs\invoicing_system\config.php on line 135
[02-May-2025 19:07:13 Asia/Baghdad] PHP Parse error:  syntax error, unexpected token "<", expecting end of file in C:\xampp\htdocs\invoicing_system\database.php on line 6
[02-May-2025 19:07:13 Asia/Baghdad] PHP Warning:  Constant DB_HOST already defined in C:\xampp\htdocs\invoicing_system\config.php on line 63
[02-May-2025 19:07:13 Asia/Baghdad] PHP Warning:  Constant DB_USER already defined in C:\xampp\htdocs\invoicing_system\config.php on line 64
[02-May-2025 19:07:13 Asia/Baghdad] PHP Warning:  Constant DB_PASS already defined in C:\xampp\htdocs\invoicing_system\config.php on line 65
[02-May-2025 19:07:13 Asia/Baghdad] PHP Warning:  Constant DB_NAME already defined in C:\xampp\htdocs\invoicing_system\config.php on line 66
[02-May-2025 19:07:13 Asia/Baghdad] PHP Warning:  Constant SITE_NAME already defined in C:\xampp\htdocs\invoicing_system\config.php on line 70
[02-May-2025 19:07:13 Asia/Baghdad] PHP Warning:  Constant ROOT_PATH already defined in C:\xampp\htdocs\invoicing_system\config.php on line 75
[02-May-2025 19:07:13 Asia/Baghdad] PHP Warning:  Constant MAX_FILE_SIZE already defined in C:\xampp\htdocs\invoicing_system\config.php on line 81
[02-May-2025 19:07:13 Asia/Baghdad] PHP Warning:  Constant ALLOWED_EXTENSIONS already defined in C:\xampp\htdocs\invoicing_system\config.php on line 82
[02-May-2025 19:07:13 Asia/Baghdad] PHP Warning:  ini_set(): Session ini settings cannot be changed when a session is active in C:\xampp\htdocs\invoicing_system\config.php on line 135
[02-May-2025 19:07:13 Asia/Baghdad] PHP Parse error:  syntax error, unexpected token "<", expecting end of file in C:\xampp\htdocs\invoicing_system\database.php on line 6
[02-May-2025 19:07:13 Asia/Baghdad] PHP Warning:  Constant DB_HOST already defined in C:\xampp\htdocs\invoicing_system\config.php on line 63
[02-May-2025 19:07:13 Asia/Baghdad] PHP Warning:  Constant DB_USER already defined in C:\xampp\htdocs\invoicing_system\config.php on line 64
[02-May-2025 19:07:13 Asia/Baghdad] PHP Warning:  Constant DB_PASS already defined in C:\xampp\htdocs\invoicing_system\config.php on line 65
[02-May-2025 19:07:13 Asia/Baghdad] PHP Warning:  Constant DB_NAME already defined in C:\xampp\htdocs\invoicing_system\config.php on line 66
[02-May-2025 19:07:13 Asia/Baghdad] PHP Warning:  Constant SITE_NAME already defined in C:\xampp\htdocs\invoicing_system\config.php on line 70
[02-May-2025 19:07:13 Asia/Baghdad] PHP Warning:  Constant ROOT_PATH already defined in C:\xampp\htdocs\invoicing_system\config.php on line 75
[02-May-2025 19:07:13 Asia/Baghdad] PHP Warning:  Constant MAX_FILE_SIZE already defined in C:\xampp\htdocs\invoicing_system\config.php on line 81
[02-May-2025 19:07:13 Asia/Baghdad] PHP Warning:  Constant ALLOWED_EXTENSIONS already defined in C:\xampp\htdocs\invoicing_system\config.php on line 82
[02-May-2025 19:07:13 Asia/Baghdad] PHP Warning:  ini_set(): Session ini settings cannot be changed when a session is active in C:\xampp\htdocs\invoicing_system\config.php on line 135
[02-May-2025 19:07:13 Asia/Baghdad] PHP Parse error:  syntax error, unexpected token "<", expecting end of file in C:\xampp\htdocs\invoicing_system\database.php on line 6
[02-May-2025 19:07:23 Asia/Baghdad] PHP Warning:  Constant DB_HOST already defined in C:\xampp\htdocs\invoicing_system\config.php on line 63
[02-May-2025 19:07:23 Asia/Baghdad] PHP Warning:  Constant DB_USER already defined in C:\xampp\htdocs\invoicing_system\config.php on line 64
[02-May-2025 19:07:23 Asia/Baghdad] PHP Warning:  Constant DB_PASS already defined in C:\xampp\htdocs\invoicing_system\config.php on line 65
[02-May-2025 19:07:23 Asia/Baghdad] PHP Warning:  Constant DB_NAME already defined in C:\xampp\htdocs\invoicing_system\config.php on line 66
[02-May-2025 19:07:23 Asia/Baghdad] PHP Warning:  Constant SITE_NAME already defined in C:\xampp\htdocs\invoicing_system\config.php on line 70
[02-May-2025 19:07:23 Asia/Baghdad] PHP Warning:  Constant ROOT_PATH already defined in C:\xampp\htdocs\invoicing_system\config.php on line 75
[02-May-2025 19:07:23 Asia/Baghdad] PHP Warning:  Constant MAX_FILE_SIZE already defined in C:\xampp\htdocs\invoicing_system\config.php on line 81
[02-May-2025 19:07:23 Asia/Baghdad] PHP Warning:  Constant ALLOWED_EXTENSIONS already defined in C:\xampp\htdocs\invoicing_system\config.php on line 82
[02-May-2025 19:07:23 Asia/Baghdad] PHP Parse error:  syntax error, unexpected token "<", expecting end of file in C:\xampp\htdocs\invoicing_system\database.php on line 6
[02-May-2025 19:07:34 Asia/Baghdad] PHP Warning:  Constant DB_HOST already defined in C:\xampp\htdocs\invoicing_system\config.php on line 63
[02-May-2025 19:07:34 Asia/Baghdad] PHP Warning:  Constant DB_USER already defined in C:\xampp\htdocs\invoicing_system\config.php on line 64
[02-May-2025 19:07:34 Asia/Baghdad] PHP Warning:  Constant DB_PASS already defined in C:\xampp\htdocs\invoicing_system\config.php on line 65
[02-May-2025 19:07:34 Asia/Baghdad] PHP Warning:  Constant DB_NAME already defined in C:\xampp\htdocs\invoicing_system\config.php on line 66
[02-May-2025 19:07:34 Asia/Baghdad] PHP Warning:  Constant SITE_NAME already defined in C:\xampp\htdocs\invoicing_system\config.php on line 70
[02-May-2025 19:07:34 Asia/Baghdad] PHP Warning:  Constant ROOT_PATH already defined in C:\xampp\htdocs\invoicing_system\config.php on line 75
[02-May-2025 19:07:34 Asia/Baghdad] PHP Warning:  Constant MAX_FILE_SIZE already defined in C:\xampp\htdocs\invoicing_system\config.php on line 81
[02-May-2025 19:07:34 Asia/Baghdad] PHP Warning:  Constant ALLOWED_EXTENSIONS already defined in C:\xampp\htdocs\invoicing_system\config.php on line 82
[02-May-2025 19:07:34 Asia/Baghdad] PHP Warning:  ini_set(): Session ini settings cannot be changed when a session is active in C:\xampp\htdocs\invoicing_system\config.php on line 135
[02-May-2025 19:07:34 Asia/Baghdad] PHP Parse error:  syntax error, unexpected token "<", expecting end of file in C:\xampp\htdocs\invoicing_system\database.php on line 6
[02-May-2025 19:11:35 Asia/Baghdad] PHP Warning:  Constant DB_HOST already defined in C:\xampp\htdocs\invoicing_system\config.php on line 63
[02-May-2025 19:11:35 Asia/Baghdad] PHP Warning:  Constant DB_USER already defined in C:\xampp\htdocs\invoicing_system\config.php on line 64
[02-May-2025 19:11:35 Asia/Baghdad] PHP Warning:  Constant DB_PASS already defined in C:\xampp\htdocs\invoicing_system\config.php on line 65
[02-May-2025 19:11:35 Asia/Baghdad] PHP Warning:  Constant DB_NAME already defined in C:\xampp\htdocs\invoicing_system\config.php on line 66
[02-May-2025 19:11:35 Asia/Baghdad] PHP Warning:  Constant SITE_NAME already defined in C:\xampp\htdocs\invoicing_system\config.php on line 70
[02-May-2025 19:11:35 Asia/Baghdad] PHP Warning:  Constant ROOT_PATH already defined in C:\xampp\htdocs\invoicing_system\config.php on line 75
[02-May-2025 19:11:35 Asia/Baghdad] PHP Warning:  Constant MAX_FILE_SIZE already defined in C:\xampp\htdocs\invoicing_system\config.php on line 81
[02-May-2025 19:11:35 Asia/Baghdad] PHP Warning:  Constant ALLOWED_EXTENSIONS already defined in C:\xampp\htdocs\invoicing_system\config.php on line 82
[02-May-2025 19:11:35 Asia/Baghdad] PHP Warning:  ini_set(): Session ini settings cannot be changed when a session is active in C:\xampp\htdocs\invoicing_system\config.php on line 135
[02-May-2025 19:11:35 Asia/Baghdad] PHP Parse error:  syntax error, unexpected token "<", expecting end of file in C:\xampp\htdocs\invoicing_system\database.php on line 6
[02-May-2025 19:11:36 Asia/Baghdad] PHP Warning:  Constant DB_HOST already defined in C:\xampp\htdocs\invoicing_system\config.php on line 63
[02-May-2025 19:11:36 Asia/Baghdad] PHP Warning:  Constant DB_USER already defined in C:\xampp\htdocs\invoicing_system\config.php on line 64
[02-May-2025 19:11:36 Asia/Baghdad] PHP Warning:  Constant DB_PASS already defined in C:\xampp\htdocs\invoicing_system\config.php on line 65
[02-May-2025 19:11:36 Asia/Baghdad] PHP Warning:  Constant DB_NAME already defined in C:\xampp\htdocs\invoicing_system\config.php on line 66
[02-May-2025 19:11:36 Asia/Baghdad] PHP Warning:  Constant SITE_NAME already defined in C:\xampp\htdocs\invoicing_system\config.php on line 70
[02-May-2025 19:11:36 Asia/Baghdad] PHP Warning:  Constant ROOT_PATH already defined in C:\xampp\htdocs\invoicing_system\config.php on line 75
[02-May-2025 19:11:36 Asia/Baghdad] PHP Warning:  Constant MAX_FILE_SIZE already defined in C:\xampp\htdocs\invoicing_system\config.php on line 81
[02-May-2025 19:11:36 Asia/Baghdad] PHP Warning:  Constant ALLOWED_EXTENSIONS already defined in C:\xampp\htdocs\invoicing_system\config.php on line 82
[02-May-2025 19:11:36 Asia/Baghdad] PHP Warning:  ini_set(): Session ini settings cannot be changed when a session is active in C:\xampp\htdocs\invoicing_system\config.php on line 135
[02-May-2025 19:11:36 Asia/Baghdad] PHP Parse error:  syntax error, unexpected token "<", expecting end of file in C:\xampp\htdocs\invoicing_system\database.php on line 6
[02-May-2025 19:11:36 Asia/Baghdad] PHP Warning:  Constant DB_HOST already defined in C:\xampp\htdocs\invoicing_system\config.php on line 63
[02-May-2025 19:11:36 Asia/Baghdad] PHP Warning:  Constant DB_USER already defined in C:\xampp\htdocs\invoicing_system\config.php on line 64
[02-May-2025 19:11:36 Asia/Baghdad] PHP Warning:  Constant DB_PASS already defined in C:\xampp\htdocs\invoicing_system\config.php on line 65
[02-May-2025 19:11:36 Asia/Baghdad] PHP Warning:  Constant DB_NAME already defined in C:\xampp\htdocs\invoicing_system\config.php on line 66
[02-May-2025 19:11:36 Asia/Baghdad] PHP Warning:  Constant SITE_NAME already defined in C:\xampp\htdocs\invoicing_system\config.php on line 70
[02-May-2025 19:11:36 Asia/Baghdad] PHP Warning:  Constant ROOT_PATH already defined in C:\xampp\htdocs\invoicing_system\config.php on line 75
[02-May-2025 19:11:36 Asia/Baghdad] PHP Warning:  Constant MAX_FILE_SIZE already defined in C:\xampp\htdocs\invoicing_system\config.php on line 81
[02-May-2025 19:11:36 Asia/Baghdad] PHP Warning:  Constant ALLOWED_EXTENSIONS already defined in C:\xampp\htdocs\invoicing_system\config.php on line 82
[02-May-2025 19:11:36 Asia/Baghdad] PHP Warning:  ini_set(): Session ini settings cannot be changed when a session is active in C:\xampp\htdocs\invoicing_system\config.php on line 135
[02-May-2025 19:11:36 Asia/Baghdad] PHP Parse error:  syntax error, unexpected token "<", expecting end of file in C:\xampp\htdocs\invoicing_system\database.php on line 6
[02-May-2025 19:11:36 Asia/Baghdad] PHP Warning:  Constant DB_HOST already defined in C:\xampp\htdocs\invoicing_system\config.php on line 63
[02-May-2025 19:11:36 Asia/Baghdad] PHP Warning:  Constant DB_USER already defined in C:\xampp\htdocs\invoicing_system\config.php on line 64
[02-May-2025 19:11:36 Asia/Baghdad] PHP Warning:  Constant DB_PASS already defined in C:\xampp\htdocs\invoicing_system\config.php on line 65
[02-May-2025 19:11:36 Asia/Baghdad] PHP Warning:  Constant DB_NAME already defined in C:\xampp\htdocs\invoicing_system\config.php on line 66
[02-May-2025 19:11:36 Asia/Baghdad] PHP Warning:  Constant SITE_NAME already defined in C:\xampp\htdocs\invoicing_system\config.php on line 70
[02-May-2025 19:11:36 Asia/Baghdad] PHP Warning:  Constant ROOT_PATH already defined in C:\xampp\htdocs\invoicing_system\config.php on line 75
[02-May-2025 19:11:36 Asia/Baghdad] PHP Warning:  Constant MAX_FILE_SIZE already defined in C:\xampp\htdocs\invoicing_system\config.php on line 81
[02-May-2025 19:11:36 Asia/Baghdad] PHP Warning:  Constant ALLOWED_EXTENSIONS already defined in C:\xampp\htdocs\invoicing_system\config.php on line 82
[02-May-2025 19:11:36 Asia/Baghdad] PHP Warning:  ini_set(): Session ini settings cannot be changed when a session is active in C:\xampp\htdocs\invoicing_system\config.php on line 135
[02-May-2025 19:11:36 Asia/Baghdad] PHP Parse error:  syntax error, unexpected token "<", expecting end of file in C:\xampp\htdocs\invoicing_system\database.php on line 6
[02-May-2025 19:11:36 Asia/Baghdad] PHP Warning:  Constant DB_HOST already defined in C:\xampp\htdocs\invoicing_system\config.php on line 63
[02-May-2025 19:11:36 Asia/Baghdad] PHP Warning:  Constant DB_USER already defined in C:\xampp\htdocs\invoicing_system\config.php on line 64
[02-May-2025 19:11:36 Asia/Baghdad] PHP Warning:  Constant DB_PASS already defined in C:\xampp\htdocs\invoicing_system\config.php on line 65
[02-May-2025 19:11:36 Asia/Baghdad] PHP Warning:  Constant DB_NAME already defined in C:\xampp\htdocs\invoicing_system\config.php on line 66
[02-May-2025 19:11:36 Asia/Baghdad] PHP Warning:  Constant SITE_NAME already defined in C:\xampp\htdocs\invoicing_system\config.php on line 70
[02-May-2025 19:11:36 Asia/Baghdad] PHP Warning:  Constant ROOT_PATH already defined in C:\xampp\htdocs\invoicing_system\config.php on line 75
[02-May-2025 19:11:36 Asia/Baghdad] PHP Warning:  Constant MAX_FILE_SIZE already defined in C:\xampp\htdocs\invoicing_system\config.php on line 81
[02-May-2025 19:11:36 Asia/Baghdad] PHP Warning:  Constant ALLOWED_EXTENSIONS already defined in C:\xampp\htdocs\invoicing_system\config.php on line 82
[02-May-2025 19:11:36 Asia/Baghdad] PHP Warning:  ini_set(): Session ini settings cannot be changed when a session is active in C:\xampp\htdocs\invoicing_system\config.php on line 135
[02-May-2025 19:11:36 Asia/Baghdad] PHP Parse error:  syntax error, unexpected token "<", expecting end of file in C:\xampp\htdocs\invoicing_system\database.php on line 6
[02-May-2025 19:11:37 Asia/Baghdad] PHP Warning:  Constant DB_HOST already defined in C:\xampp\htdocs\invoicing_system\config.php on line 63
[02-May-2025 19:11:37 Asia/Baghdad] PHP Warning:  Constant DB_USER already defined in C:\xampp\htdocs\invoicing_system\config.php on line 64
[02-May-2025 19:11:37 Asia/Baghdad] PHP Warning:  Constant DB_PASS already defined in C:\xampp\htdocs\invoicing_system\config.php on line 65
[02-May-2025 19:11:37 Asia/Baghdad] PHP Warning:  Constant DB_NAME already defined in C:\xampp\htdocs\invoicing_system\config.php on line 66
[02-May-2025 19:11:37 Asia/Baghdad] PHP Warning:  Constant SITE_NAME already defined in C:\xampp\htdocs\invoicing_system\config.php on line 70
[02-May-2025 19:11:37 Asia/Baghdad] PHP Warning:  Constant ROOT_PATH already defined in C:\xampp\htdocs\invoicing_system\config.php on line 75
[02-May-2025 19:11:37 Asia/Baghdad] PHP Warning:  Constant MAX_FILE_SIZE already defined in C:\xampp\htdocs\invoicing_system\config.php on line 81
[02-May-2025 19:11:37 Asia/Baghdad] PHP Warning:  Constant ALLOWED_EXTENSIONS already defined in C:\xampp\htdocs\invoicing_system\config.php on line 82
[02-May-2025 19:11:37 Asia/Baghdad] PHP Warning:  ini_set(): Session ini settings cannot be changed when a session is active in C:\xampp\htdocs\invoicing_system\config.php on line 135
[02-May-2025 19:11:37 Asia/Baghdad] PHP Parse error:  syntax error, unexpected token "<", expecting end of file in C:\xampp\htdocs\invoicing_system\database.php on line 6
[02-May-2025 19:11:37 Asia/Baghdad] PHP Warning:  Constant DB_HOST already defined in C:\xampp\htdocs\invoicing_system\config.php on line 63
[02-May-2025 19:11:37 Asia/Baghdad] PHP Warning:  Constant DB_USER already defined in C:\xampp\htdocs\invoicing_system\config.php on line 64
[02-May-2025 19:11:37 Asia/Baghdad] PHP Warning:  Constant DB_PASS already defined in C:\xampp\htdocs\invoicing_system\config.php on line 65
[02-May-2025 19:11:37 Asia/Baghdad] PHP Warning:  Constant DB_NAME already defined in C:\xampp\htdocs\invoicing_system\config.php on line 66
[02-May-2025 19:11:37 Asia/Baghdad] PHP Warning:  Constant SITE_NAME already defined in C:\xampp\htdocs\invoicing_system\config.php on line 70
[02-May-2025 19:11:37 Asia/Baghdad] PHP Warning:  Constant ROOT_PATH already defined in C:\xampp\htdocs\invoicing_system\config.php on line 75
[02-May-2025 19:11:37 Asia/Baghdad] PHP Warning:  Constant MAX_FILE_SIZE already defined in C:\xampp\htdocs\invoicing_system\config.php on line 81
[02-May-2025 19:11:37 Asia/Baghdad] PHP Warning:  Constant ALLOWED_EXTENSIONS already defined in C:\xampp\htdocs\invoicing_system\config.php on line 82
[02-May-2025 19:11:37 Asia/Baghdad] PHP Warning:  ini_set(): Session ini settings cannot be changed when a session is active in C:\xampp\htdocs\invoicing_system\config.php on line 135
[02-May-2025 19:11:37 Asia/Baghdad] PHP Parse error:  syntax error, unexpected token "<", expecting end of file in C:\xampp\htdocs\invoicing_system\database.php on line 6
[02-May-2025 19:11:37 Asia/Baghdad] PHP Warning:  Constant DB_HOST already defined in C:\xampp\htdocs\invoicing_system\config.php on line 63
[02-May-2025 19:11:37 Asia/Baghdad] PHP Warning:  Constant DB_USER already defined in C:\xampp\htdocs\invoicing_system\config.php on line 64
[02-May-2025 19:11:37 Asia/Baghdad] PHP Warning:  Constant DB_PASS already defined in C:\xampp\htdocs\invoicing_system\config.php on line 65
[02-May-2025 19:11:37 Asia/Baghdad] PHP Warning:  Constant DB_NAME already defined in C:\xampp\htdocs\invoicing_system\config.php on line 66
[02-May-2025 19:11:37 Asia/Baghdad] PHP Warning:  Constant SITE_NAME already defined in C:\xampp\htdocs\invoicing_system\config.php on line 70
[02-May-2025 19:11:37 Asia/Baghdad] PHP Warning:  Constant ROOT_PATH already defined in C:\xampp\htdocs\invoicing_system\config.php on line 75
[02-May-2025 19:11:37 Asia/Baghdad] PHP Warning:  Constant MAX_FILE_SIZE already defined in C:\xampp\htdocs\invoicing_system\config.php on line 81
[02-May-2025 19:11:37 Asia/Baghdad] PHP Warning:  Constant ALLOWED_EXTENSIONS already defined in C:\xampp\htdocs\invoicing_system\config.php on line 82
[02-May-2025 19:11:37 Asia/Baghdad] PHP Warning:  ini_set(): Session ini settings cannot be changed when a session is active in C:\xampp\htdocs\invoicing_system\config.php on line 135
[02-May-2025 19:11:37 Asia/Baghdad] PHP Parse error:  syntax error, unexpected token "<", expecting end of file in C:\xampp\htdocs\invoicing_system\database.php on line 6
[02-May-2025 19:12:41 Asia/Baghdad] PHP Warning:  Constant DB_HOST already defined in C:\xampp\htdocs\invoicing_system\config.php on line 64
[02-May-2025 19:12:41 Asia/Baghdad] PHP Warning:  Constant DB_USER already defined in C:\xampp\htdocs\invoicing_system\config.php on line 65
[02-May-2025 19:12:41 Asia/Baghdad] PHP Warning:  Constant DB_PASS already defined in C:\xampp\htdocs\invoicing_system\config.php on line 66
[02-May-2025 19:12:41 Asia/Baghdad] PHP Warning:  Constant DB_NAME already defined in C:\xampp\htdocs\invoicing_system\config.php on line 67
[02-May-2025 19:12:41 Asia/Baghdad] PHP Warning:  Constant SITE_NAME already defined in C:\xampp\htdocs\invoicing_system\config.php on line 71
[02-May-2025 19:12:41 Asia/Baghdad] PHP Warning:  Constant ROOT_PATH already defined in C:\xampp\htdocs\invoicing_system\config.php on line 76
[02-May-2025 19:12:41 Asia/Baghdad] PHP Warning:  Constant MAX_FILE_SIZE already defined in C:\xampp\htdocs\invoicing_system\config.php on line 82
[02-May-2025 19:12:41 Asia/Baghdad] PHP Warning:  Constant ALLOWED_EXTENSIONS already defined in C:\xampp\htdocs\invoicing_system\config.php on line 83
[02-May-2025 19:12:41 Asia/Baghdad] PHP Parse error:  syntax error, unexpected token "<", expecting end of file in C:\xampp\htdocs\invoicing_system\database.php on line 6
[02-May-2025 19:13:52 Asia/Baghdad] PHP Warning:  Constant DB_HOST already defined in C:\xampp\htdocs\invoicing_system\config.php on line 58
[02-May-2025 19:13:52 Asia/Baghdad] PHP Warning:  Constant DB_USER already defined in C:\xampp\htdocs\invoicing_system\config.php on line 59
[02-May-2025 19:13:52 Asia/Baghdad] PHP Warning:  Constant DB_PASS already defined in C:\xampp\htdocs\invoicing_system\config.php on line 60
[02-May-2025 19:13:52 Asia/Baghdad] PHP Warning:  Constant DB_NAME already defined in C:\xampp\htdocs\invoicing_system\config.php on line 61
[02-May-2025 19:13:52 Asia/Baghdad] PHP Warning:  Constant SITE_NAME already defined in C:\xampp\htdocs\invoicing_system\config.php on line 65
[02-May-2025 19:13:52 Asia/Baghdad] PHP Warning:  Constant ROOT_PATH already defined in C:\xampp\htdocs\invoicing_system\config.php on line 70
[02-May-2025 19:13:52 Asia/Baghdad] PHP Warning:  Constant MAX_FILE_SIZE already defined in C:\xampp\htdocs\invoicing_system\config.php on line 76
[02-May-2025 19:13:52 Asia/Baghdad] PHP Warning:  Constant ALLOWED_EXTENSIONS already defined in C:\xampp\htdocs\invoicing_system\config.php on line 77
[02-May-2025 19:13:52 Asia/Baghdad] PHP Warning:  ini_set(): Session ini settings cannot be changed when a session is active in C:\xampp\htdocs\invoicing_system\config.php on line 130
[02-May-2025 19:13:52 Asia/Baghdad] PHP Notice:  session_start(): Ignoring session_start() because a session is already active in C:\xampp\htdocs\invoicing_system\config.php on line 131
[02-May-2025 19:13:52 Asia/Baghdad] PHP Warning:  ini_set(): Session ini settings cannot be changed when a session is active in C:\xampp\htdocs\invoicing_system\config.php on line 228
[02-May-2025 19:13:52 Asia/Baghdad] PHP Parse error:  syntax error, unexpected token "<", expecting end of file in C:\xampp\htdocs\invoicing_system\database.php on line 6
[02-May-2025 19:14:41 Asia/Baghdad] PHP Warning:  Constant DB_HOST already defined in C:\xampp\htdocs\invoicing_system\config.php on line 58
[02-May-2025 19:14:41 Asia/Baghdad] PHP Warning:  Constant DB_USER already defined in C:\xampp\htdocs\invoicing_system\config.php on line 59
[02-May-2025 19:14:41 Asia/Baghdad] PHP Warning:  Constant DB_PASS already defined in C:\xampp\htdocs\invoicing_system\config.php on line 60
[02-May-2025 19:14:41 Asia/Baghdad] PHP Warning:  Constant DB_NAME already defined in C:\xampp\htdocs\invoicing_system\config.php on line 61
[02-May-2025 19:14:41 Asia/Baghdad] PHP Warning:  Constant SITE_NAME already defined in C:\xampp\htdocs\invoicing_system\config.php on line 65
[02-May-2025 19:14:41 Asia/Baghdad] PHP Warning:  Constant ROOT_PATH already defined in C:\xampp\htdocs\invoicing_system\config.php on line 70
[02-May-2025 19:14:41 Asia/Baghdad] PHP Warning:  Constant MAX_FILE_SIZE already defined in C:\xampp\htdocs\invoicing_system\config.php on line 76
[02-May-2025 19:14:41 Asia/Baghdad] PHP Warning:  Constant ALLOWED_EXTENSIONS already defined in C:\xampp\htdocs\invoicing_system\config.php on line 77
[02-May-2025 19:14:41 Asia/Baghdad] PHP Warning:  ini_set(): Session ini settings cannot be changed when a session is active in C:\xampp\htdocs\invoicing_system\config.php on line 130
[02-May-2025 19:14:41 Asia/Baghdad] PHP Notice:  session_start(): Ignoring session_start() because a session is already active in C:\xampp\htdocs\invoicing_system\config.php on line 131
[02-May-2025 19:14:41 Asia/Baghdad] PHP Parse error:  syntax error, unexpected token "<", expecting end of file in C:\xampp\htdocs\invoicing_system\database.php on line 6
[02-May-2025 19:15:20 Asia/Baghdad] PHP Warning:  Constant DB_HOST already defined in C:\xampp\htdocs\invoicing_system\config.php on line 59
[02-May-2025 19:15:20 Asia/Baghdad] PHP Warning:  Constant DB_USER already defined in C:\xampp\htdocs\invoicing_system\config.php on line 60
[02-May-2025 19:15:20 Asia/Baghdad] PHP Warning:  Constant DB_PASS already defined in C:\xampp\htdocs\invoicing_system\config.php on line 61
[02-May-2025 19:15:20 Asia/Baghdad] PHP Warning:  Constant DB_NAME already defined in C:\xampp\htdocs\invoicing_system\config.php on line 62
[02-May-2025 19:15:20 Asia/Baghdad] PHP Warning:  Constant SITE_NAME already defined in C:\xampp\htdocs\invoicing_system\config.php on line 66
[02-May-2025 19:15:20 Asia/Baghdad] PHP Warning:  Constant ROOT_PATH already defined in C:\xampp\htdocs\invoicing_system\config.php on line 71
[02-May-2025 19:15:20 Asia/Baghdad] PHP Warning:  Constant MAX_FILE_SIZE already defined in C:\xampp\htdocs\invoicing_system\config.php on line 77
[02-May-2025 19:15:20 Asia/Baghdad] PHP Warning:  Constant ALLOWED_EXTENSIONS already defined in C:\xampp\htdocs\invoicing_system\config.php on line 78
[02-May-2025 19:15:20 Asia/Baghdad] PHP Parse error:  syntax error, unexpected token "<", expecting end of file in C:\xampp\htdocs\invoicing_system\database.php on line 6
[02-May-2025 19:16:01 Asia/Baghdad] PHP Warning:  Constant DB_HOST already defined in C:\xampp\htdocs\invoicing_system\config.php on line 59
[02-May-2025 19:16:01 Asia/Baghdad] PHP Warning:  Constant DB_USER already defined in C:\xampp\htdocs\invoicing_system\config.php on line 60
[02-May-2025 19:16:01 Asia/Baghdad] PHP Warning:  Constant DB_PASS already defined in C:\xampp\htdocs\invoicing_system\config.php on line 61
[02-May-2025 19:16:01 Asia/Baghdad] PHP Warning:  Constant DB_NAME already defined in C:\xampp\htdocs\invoicing_system\config.php on line 62
[02-May-2025 19:16:01 Asia/Baghdad] PHP Warning:  Constant SITE_NAME already defined in C:\xampp\htdocs\invoicing_system\config.php on line 66
[02-May-2025 19:16:01 Asia/Baghdad] PHP Warning:  Constant ROOT_PATH already defined in C:\xampp\htdocs\invoicing_system\config.php on line 71
[02-May-2025 19:16:01 Asia/Baghdad] PHP Warning:  Constant MAX_FILE_SIZE already defined in C:\xampp\htdocs\invoicing_system\config.php on line 77
[02-May-2025 19:16:01 Asia/Baghdad] PHP Warning:  Constant ALLOWED_EXTENSIONS already defined in C:\xampp\htdocs\invoicing_system\config.php on line 78
[02-May-2025 19:16:01 Asia/Baghdad] PHP Warning:  ini_set(): Session ini settings cannot be changed when a session is active in C:\xampp\htdocs\invoicing_system\config.php on line 131
[02-May-2025 19:16:01 Asia/Baghdad] PHP Notice:  session_start(): Ignoring session_start() because a session is already active in C:\xampp\htdocs\invoicing_system\config.php on line 132
[02-May-2025 19:16:01 Asia/Baghdad] PHP Parse error:  syntax error, unexpected token "<", expecting end of file in C:\xampp\htdocs\invoicing_system\database.php on line 6
[02-May-2025 19:16:32 Asia/Baghdad] PHP Warning:  Constant DB_HOST already defined in C:\xampp\htdocs\invoicing_system\config.php on line 59
[02-May-2025 19:16:32 Asia/Baghdad] PHP Warning:  Constant DB_USER already defined in C:\xampp\htdocs\invoicing_system\config.php on line 60
[02-May-2025 19:16:32 Asia/Baghdad] PHP Warning:  Constant DB_PASS already defined in C:\xampp\htdocs\invoicing_system\config.php on line 61
[02-May-2025 19:16:32 Asia/Baghdad] PHP Warning:  Constant DB_NAME already defined in C:\xampp\htdocs\invoicing_system\config.php on line 62
[02-May-2025 19:16:32 Asia/Baghdad] PHP Warning:  Constant SITE_NAME already defined in C:\xampp\htdocs\invoicing_system\config.php on line 66
[02-May-2025 19:16:32 Asia/Baghdad] PHP Warning:  Constant ROOT_PATH already defined in C:\xampp\htdocs\invoicing_system\config.php on line 71
[02-May-2025 19:16:32 Asia/Baghdad] PHP Warning:  Constant MAX_FILE_SIZE already defined in C:\xampp\htdocs\invoicing_system\config.php on line 77
[02-May-2025 19:16:32 Asia/Baghdad] PHP Warning:  Constant ALLOWED_EXTENSIONS already defined in C:\xampp\htdocs\invoicing_system\config.php on line 78
[02-May-2025 19:16:32 Asia/Baghdad] PHP Warning:  ini_set(): Session ini settings cannot be changed when a session is active in C:\xampp\htdocs\invoicing_system\config.php on line 131
[02-May-2025 19:16:32 Asia/Baghdad] PHP Notice:  session_start(): Ignoring session_start() because a session is already active in C:\xampp\htdocs\invoicing_system\config.php on line 132
[02-May-2025 19:16:32 Asia/Baghdad] PHP Parse error:  syntax error, unexpected token "<", expecting end of file in C:\xampp\htdocs\invoicing_system\database.php on line 6
[02-May-2025 19:16:33 Asia/Baghdad] PHP Warning:  Constant DB_HOST already defined in C:\xampp\htdocs\invoicing_system\config.php on line 59
[02-May-2025 19:16:33 Asia/Baghdad] PHP Warning:  Constant DB_USER already defined in C:\xampp\htdocs\invoicing_system\config.php on line 60
[02-May-2025 19:16:33 Asia/Baghdad] PHP Warning:  Constant DB_PASS already defined in C:\xampp\htdocs\invoicing_system\config.php on line 61
[02-May-2025 19:16:33 Asia/Baghdad] PHP Warning:  Constant DB_NAME already defined in C:\xampp\htdocs\invoicing_system\config.php on line 62
[02-May-2025 19:16:33 Asia/Baghdad] PHP Warning:  Constant SITE_NAME already defined in C:\xampp\htdocs\invoicing_system\config.php on line 66
[02-May-2025 19:16:33 Asia/Baghdad] PHP Warning:  Constant ROOT_PATH already defined in C:\xampp\htdocs\invoicing_system\config.php on line 71
[02-May-2025 19:16:33 Asia/Baghdad] PHP Warning:  Constant MAX_FILE_SIZE already defined in C:\xampp\htdocs\invoicing_system\config.php on line 77
[02-May-2025 19:16:33 Asia/Baghdad] PHP Warning:  Constant ALLOWED_EXTENSIONS already defined in C:\xampp\htdocs\invoicing_system\config.php on line 78
[02-May-2025 19:16:33 Asia/Baghdad] PHP Warning:  ini_set(): Session ini settings cannot be changed when a session is active in C:\xampp\htdocs\invoicing_system\config.php on line 131
[02-May-2025 19:16:33 Asia/Baghdad] PHP Notice:  session_start(): Ignoring session_start() because a session is already active in C:\xampp\htdocs\invoicing_system\config.php on line 132
[02-May-2025 19:16:33 Asia/Baghdad] PHP Parse error:  syntax error, unexpected token "<", expecting end of file in C:\xampp\htdocs\invoicing_system\database.php on line 6
[02-May-2025 19:16:44 Asia/Baghdad] PHP Warning:  Constant DB_HOST already defined in C:\xampp\htdocs\invoicing_system\config.php on line 59
[02-May-2025 19:16:44 Asia/Baghdad] PHP Warning:  Constant DB_USER already defined in C:\xampp\htdocs\invoicing_system\config.php on line 60
[02-May-2025 19:16:44 Asia/Baghdad] PHP Warning:  Constant DB_PASS already defined in C:\xampp\htdocs\invoicing_system\config.php on line 61
[02-May-2025 19:16:44 Asia/Baghdad] PHP Warning:  Constant DB_NAME already defined in C:\xampp\htdocs\invoicing_system\config.php on line 62
[02-May-2025 19:16:44 Asia/Baghdad] PHP Warning:  Constant SITE_NAME already defined in C:\xampp\htdocs\invoicing_system\config.php on line 66
[02-May-2025 19:16:44 Asia/Baghdad] PHP Warning:  Constant ROOT_PATH already defined in C:\xampp\htdocs\invoicing_system\config.php on line 71
[02-May-2025 19:16:44 Asia/Baghdad] PHP Warning:  Constant MAX_FILE_SIZE already defined in C:\xampp\htdocs\invoicing_system\config.php on line 77
[02-May-2025 19:16:44 Asia/Baghdad] PHP Warning:  Constant ALLOWED_EXTENSIONS already defined in C:\xampp\htdocs\invoicing_system\config.php on line 78
[02-May-2025 19:16:44 Asia/Baghdad] PHP Warning:  ini_set(): Session ini settings cannot be changed when a session is active in C:\xampp\htdocs\invoicing_system\config.php on line 131
[02-May-2025 19:16:44 Asia/Baghdad] PHP Notice:  session_start(): Ignoring session_start() because a session is already active in C:\xampp\htdocs\invoicing_system\config.php on line 132
[02-May-2025 19:16:44 Asia/Baghdad] PHP Parse error:  syntax error, unexpected token "<", expecting end of file in C:\xampp\htdocs\invoicing_system\database.php on line 6
[02-May-2025 19:16:44 Asia/Baghdad] PHP Warning:  Constant DB_HOST already defined in C:\xampp\htdocs\invoicing_system\config.php on line 59
[02-May-2025 19:16:44 Asia/Baghdad] PHP Warning:  Constant DB_USER already defined in C:\xampp\htdocs\invoicing_system\config.php on line 60
[02-May-2025 19:16:44 Asia/Baghdad] PHP Warning:  Constant DB_PASS already defined in C:\xampp\htdocs\invoicing_system\config.php on line 61
[02-May-2025 19:16:44 Asia/Baghdad] PHP Warning:  Constant DB_NAME already defined in C:\xampp\htdocs\invoicing_system\config.php on line 62
[02-May-2025 19:16:44 Asia/Baghdad] PHP Warning:  Constant SITE_NAME already defined in C:\xampp\htdocs\invoicing_system\config.php on line 66
[02-May-2025 19:16:44 Asia/Baghdad] PHP Warning:  Constant ROOT_PATH already defined in C:\xampp\htdocs\invoicing_system\config.php on line 71
[02-May-2025 19:16:44 Asia/Baghdad] PHP Warning:  Constant MAX_FILE_SIZE already defined in C:\xampp\htdocs\invoicing_system\config.php on line 77
[02-May-2025 19:16:44 Asia/Baghdad] PHP Warning:  Constant ALLOWED_EXTENSIONS already defined in C:\xampp\htdocs\invoicing_system\config.php on line 78
[02-May-2025 19:16:44 Asia/Baghdad] PHP Warning:  ini_set(): Session ini settings cannot be changed when a session is active in C:\xampp\htdocs\invoicing_system\config.php on line 131
[02-May-2025 19:16:44 Asia/Baghdad] PHP Notice:  session_start(): Ignoring session_start() because a session is already active in C:\xampp\htdocs\invoicing_system\config.php on line 132
[02-May-2025 19:16:44 Asia/Baghdad] PHP Parse error:  syntax error, unexpected token "<", expecting end of file in C:\xampp\htdocs\invoicing_system\database.php on line 6
[02-May-2025 19:16:45 Asia/Baghdad] PHP Warning:  Constant DB_HOST already defined in C:\xampp\htdocs\invoicing_system\config.php on line 59
[02-May-2025 19:16:45 Asia/Baghdad] PHP Warning:  Constant DB_USER already defined in C:\xampp\htdocs\invoicing_system\config.php on line 60
[02-May-2025 19:16:45 Asia/Baghdad] PHP Warning:  Constant DB_PASS already defined in C:\xampp\htdocs\invoicing_system\config.php on line 61
[02-May-2025 19:16:45 Asia/Baghdad] PHP Warning:  Constant DB_NAME already defined in C:\xampp\htdocs\invoicing_system\config.php on line 62
[02-May-2025 19:16:45 Asia/Baghdad] PHP Warning:  Constant SITE_NAME already defined in C:\xampp\htdocs\invoicing_system\config.php on line 66
[02-May-2025 19:16:45 Asia/Baghdad] PHP Warning:  Constant ROOT_PATH already defined in C:\xampp\htdocs\invoicing_system\config.php on line 71
[02-May-2025 19:16:45 Asia/Baghdad] PHP Warning:  Constant MAX_FILE_SIZE already defined in C:\xampp\htdocs\invoicing_system\config.php on line 77
[02-May-2025 19:16:45 Asia/Baghdad] PHP Warning:  Constant ALLOWED_EXTENSIONS already defined in C:\xampp\htdocs\invoicing_system\config.php on line 78
[02-May-2025 19:16:45 Asia/Baghdad] PHP Warning:  ini_set(): Session ini settings cannot be changed when a session is active in C:\xampp\htdocs\invoicing_system\config.php on line 131
[02-May-2025 19:16:45 Asia/Baghdad] PHP Notice:  session_start(): Ignoring session_start() because a session is already active in C:\xampp\htdocs\invoicing_system\config.php on line 132
[02-May-2025 19:16:45 Asia/Baghdad] PHP Parse error:  syntax error, unexpected token "<", expecting end of file in C:\xampp\htdocs\invoicing_system\database.php on line 6
[02-May-2025 19:16:45 Asia/Baghdad] PHP Warning:  Constant DB_HOST already defined in C:\xampp\htdocs\invoicing_system\config.php on line 59
[02-May-2025 19:16:45 Asia/Baghdad] PHP Warning:  Constant DB_USER already defined in C:\xampp\htdocs\invoicing_system\config.php on line 60
[02-May-2025 19:16:45 Asia/Baghdad] PHP Warning:  Constant DB_PASS already defined in C:\xampp\htdocs\invoicing_system\config.php on line 61
[02-May-2025 19:16:45 Asia/Baghdad] PHP Warning:  Constant DB_NAME already defined in C:\xampp\htdocs\invoicing_system\config.php on line 62
[02-May-2025 19:16:45 Asia/Baghdad] PHP Warning:  Constant SITE_NAME already defined in C:\xampp\htdocs\invoicing_system\config.php on line 66
[02-May-2025 19:16:45 Asia/Baghdad] PHP Warning:  Constant ROOT_PATH already defined in C:\xampp\htdocs\invoicing_system\config.php on line 71
[02-May-2025 19:16:45 Asia/Baghdad] PHP Warning:  Constant MAX_FILE_SIZE already defined in C:\xampp\htdocs\invoicing_system\config.php on line 77
[02-May-2025 19:16:45 Asia/Baghdad] PHP Warning:  Constant ALLOWED_EXTENSIONS already defined in C:\xampp\htdocs\invoicing_system\config.php on line 78
[02-May-2025 19:16:45 Asia/Baghdad] PHP Warning:  ini_set(): Session ini settings cannot be changed when a session is active in C:\xampp\htdocs\invoicing_system\config.php on line 131
[02-May-2025 19:16:45 Asia/Baghdad] PHP Notice:  session_start(): Ignoring session_start() because a session is already active in C:\xampp\htdocs\invoicing_system\config.php on line 132
[02-May-2025 19:16:45 Asia/Baghdad] PHP Parse error:  syntax error, unexpected token "<", expecting end of file in C:\xampp\htdocs\invoicing_system\database.php on line 6
[02-May-2025 19:16:45 Asia/Baghdad] PHP Warning:  Constant DB_HOST already defined in C:\xampp\htdocs\invoicing_system\config.php on line 59
[02-May-2025 19:16:45 Asia/Baghdad] PHP Warning:  Constant DB_USER already defined in C:\xampp\htdocs\invoicing_system\config.php on line 60
[02-May-2025 19:16:45 Asia/Baghdad] PHP Warning:  Constant DB_PASS already defined in C:\xampp\htdocs\invoicing_system\config.php on line 61
[02-May-2025 19:16:45 Asia/Baghdad] PHP Warning:  Constant DB_NAME already defined in C:\xampp\htdocs\invoicing_system\config.php on line 62
[02-May-2025 19:16:45 Asia/Baghdad] PHP Warning:  Constant SITE_NAME already defined in C:\xampp\htdocs\invoicing_system\config.php on line 66
[02-May-2025 19:16:45 Asia/Baghdad] PHP Warning:  Constant ROOT_PATH already defined in C:\xampp\htdocs\invoicing_system\config.php on line 71
[02-May-2025 19:16:45 Asia/Baghdad] PHP Warning:  Constant MAX_FILE_SIZE already defined in C:\xampp\htdocs\invoicing_system\config.php on line 77
[02-May-2025 19:16:45 Asia/Baghdad] PHP Warning:  Constant ALLOWED_EXTENSIONS already defined in C:\xampp\htdocs\invoicing_system\config.php on line 78
[02-May-2025 19:16:45 Asia/Baghdad] PHP Warning:  ini_set(): Session ini settings cannot be changed when a session is active in C:\xampp\htdocs\invoicing_system\config.php on line 131
[02-May-2025 19:16:45 Asia/Baghdad] PHP Notice:  session_start(): Ignoring session_start() because a session is already active in C:\xampp\htdocs\invoicing_system\config.php on line 132
[02-May-2025 19:16:45 Asia/Baghdad] PHP Parse error:  syntax error, unexpected token "<", expecting end of file in C:\xampp\htdocs\invoicing_system\database.php on line 6
[02-May-2025 19:17:18 Asia/Baghdad] PHP Warning:  Constant DB_HOST already defined in C:\xampp\htdocs\invoicing_system\config.php on line 59
[02-May-2025 19:17:18 Asia/Baghdad] PHP Warning:  Constant DB_USER already defined in C:\xampp\htdocs\invoicing_system\config.php on line 60
[02-May-2025 19:17:18 Asia/Baghdad] PHP Warning:  Constant DB_PASS already defined in C:\xampp\htdocs\invoicing_system\config.php on line 61
[02-May-2025 19:17:18 Asia/Baghdad] PHP Warning:  Constant DB_NAME already defined in C:\xampp\htdocs\invoicing_system\config.php on line 62
[02-May-2025 19:17:18 Asia/Baghdad] PHP Warning:  Constant SITE_NAME already defined in C:\xampp\htdocs\invoicing_system\config.php on line 66
[02-May-2025 19:17:18 Asia/Baghdad] PHP Warning:  Constant ROOT_PATH already defined in C:\xampp\htdocs\invoicing_system\config.php on line 71
[02-May-2025 19:17:18 Asia/Baghdad] PHP Warning:  Constant MAX_FILE_SIZE already defined in C:\xampp\htdocs\invoicing_system\config.php on line 77
[02-May-2025 19:17:18 Asia/Baghdad] PHP Warning:  Constant ALLOWED_EXTENSIONS already defined in C:\xampp\htdocs\invoicing_system\config.php on line 78
[02-May-2025 19:17:18 Asia/Baghdad] PHP Warning:  ini_set(): Session ini settings cannot be changed when a session is active in C:\xampp\htdocs\invoicing_system\config.php on line 131
[02-May-2025 19:17:18 Asia/Baghdad] PHP Parse error:  syntax error, unexpected token "<", expecting end of file in C:\xampp\htdocs\invoicing_system\database.php on line 6
[02-May-2025 19:17:19 Asia/Baghdad] PHP Warning:  Constant DB_HOST already defined in C:\xampp\htdocs\invoicing_system\config.php on line 59
[02-May-2025 19:17:19 Asia/Baghdad] PHP Warning:  Constant DB_USER already defined in C:\xampp\htdocs\invoicing_system\config.php on line 60
[02-May-2025 19:17:19 Asia/Baghdad] PHP Warning:  Constant DB_PASS already defined in C:\xampp\htdocs\invoicing_system\config.php on line 61
[02-May-2025 19:17:19 Asia/Baghdad] PHP Warning:  Constant DB_NAME already defined in C:\xampp\htdocs\invoicing_system\config.php on line 62
[02-May-2025 19:17:19 Asia/Baghdad] PHP Warning:  Constant SITE_NAME already defined in C:\xampp\htdocs\invoicing_system\config.php on line 66
[02-May-2025 19:17:19 Asia/Baghdad] PHP Warning:  Constant ROOT_PATH already defined in C:\xampp\htdocs\invoicing_system\config.php on line 71
[02-May-2025 19:17:19 Asia/Baghdad] PHP Warning:  Constant MAX_FILE_SIZE already defined in C:\xampp\htdocs\invoicing_system\config.php on line 77
[02-May-2025 19:17:19 Asia/Baghdad] PHP Warning:  Constant ALLOWED_EXTENSIONS already defined in C:\xampp\htdocs\invoicing_system\config.php on line 78
[02-May-2025 19:17:19 Asia/Baghdad] PHP Warning:  ini_set(): Session ini settings cannot be changed when a session is active in C:\xampp\htdocs\invoicing_system\config.php on line 131
[02-May-2025 19:17:19 Asia/Baghdad] PHP Parse error:  syntax error, unexpected token "<", expecting end of file in C:\xampp\htdocs\invoicing_system\database.php on line 6
[02-May-2025 19:17:40 Asia/Baghdad] PHP Warning:  Constant DB_HOST already defined in C:\xampp\htdocs\invoicing_system\config.php on line 59
[02-May-2025 19:17:40 Asia/Baghdad] PHP Warning:  Constant DB_USER already defined in C:\xampp\htdocs\invoicing_system\config.php on line 60
[02-May-2025 19:17:41 Asia/Baghdad] PHP Warning:  Constant DB_PASS already defined in C:\xampp\htdocs\invoicing_system\config.php on line 61
[02-May-2025 19:17:41 Asia/Baghdad] PHP Warning:  Constant DB_NAME already defined in C:\xampp\htdocs\invoicing_system\config.php on line 62
[02-May-2025 19:17:41 Asia/Baghdad] PHP Warning:  Constant SITE_NAME already defined in C:\xampp\htdocs\invoicing_system\config.php on line 66
[02-May-2025 19:17:41 Asia/Baghdad] PHP Warning:  Constant ROOT_PATH already defined in C:\xampp\htdocs\invoicing_system\config.php on line 71
[02-May-2025 19:17:41 Asia/Baghdad] PHP Warning:  Constant MAX_FILE_SIZE already defined in C:\xampp\htdocs\invoicing_system\config.php on line 77
[02-May-2025 19:17:41 Asia/Baghdad] PHP Warning:  Constant ALLOWED_EXTENSIONS already defined in C:\xampp\htdocs\invoicing_system\config.php on line 78
[02-May-2025 19:17:41 Asia/Baghdad] PHP Parse error:  syntax error, unexpected token "<", expecting end of file in C:\xampp\htdocs\invoicing_system\database.php on line 6
[02-May-2025 19:17:48 Asia/Baghdad] PHP Warning:  Constant DB_HOST already defined in C:\xampp\htdocs\invoicing_system\config.php on line 59
[02-May-2025 19:17:48 Asia/Baghdad] PHP Warning:  Constant DB_USER already defined in C:\xampp\htdocs\invoicing_system\config.php on line 60
[02-May-2025 19:17:48 Asia/Baghdad] PHP Warning:  Constant DB_PASS already defined in C:\xampp\htdocs\invoicing_system\config.php on line 61
[02-May-2025 19:17:48 Asia/Baghdad] PHP Warning:  Constant DB_NAME already defined in C:\xampp\htdocs\invoicing_system\config.php on line 62
[02-May-2025 19:17:48 Asia/Baghdad] PHP Warning:  Constant SITE_NAME already defined in C:\xampp\htdocs\invoicing_system\config.php on line 66
[02-May-2025 19:17:48 Asia/Baghdad] PHP Warning:  Constant ROOT_PATH already defined in C:\xampp\htdocs\invoicing_system\config.php on line 71
[02-May-2025 19:17:48 Asia/Baghdad] PHP Warning:  Constant MAX_FILE_SIZE already defined in C:\xampp\htdocs\invoicing_system\config.php on line 77
[02-May-2025 19:17:48 Asia/Baghdad] PHP Warning:  Constant ALLOWED_EXTENSIONS already defined in C:\xampp\htdocs\invoicing_system\config.php on line 78
[02-May-2025 19:17:48 Asia/Baghdad] PHP Parse error:  syntax error, unexpected token "<", expecting end of file in C:\xampp\htdocs\invoicing_system\database.php on line 6
[02-May-2025 19:18:11 Asia/Baghdad] PHP Warning:  Constant DB_HOST already defined in C:\xampp\htdocs\invoicing_system\config.php on line 60
[02-May-2025 19:18:11 Asia/Baghdad] PHP Warning:  Constant DB_USER already defined in C:\xampp\htdocs\invoicing_system\config.php on line 61
[02-May-2025 19:18:11 Asia/Baghdad] PHP Warning:  Constant DB_PASS already defined in C:\xampp\htdocs\invoicing_system\config.php on line 62
[02-May-2025 19:18:11 Asia/Baghdad] PHP Warning:  Constant DB_NAME already defined in C:\xampp\htdocs\invoicing_system\config.php on line 63
[02-May-2025 19:18:11 Asia/Baghdad] PHP Warning:  Constant SITE_NAME already defined in C:\xampp\htdocs\invoicing_system\config.php on line 67
[02-May-2025 19:18:11 Asia/Baghdad] PHP Warning:  Constant ROOT_PATH already defined in C:\xampp\htdocs\invoicing_system\config.php on line 72
[02-May-2025 19:18:11 Asia/Baghdad] PHP Warning:  Constant MAX_FILE_SIZE already defined in C:\xampp\htdocs\invoicing_system\config.php on line 78
[02-May-2025 19:18:11 Asia/Baghdad] PHP Warning:  Constant ALLOWED_EXTENSIONS already defined in C:\xampp\htdocs\invoicing_system\config.php on line 79
[02-May-2025 19:18:11 Asia/Baghdad] PHP Warning:  ini_set(): Session ini settings cannot be changed when a session is active in C:\xampp\htdocs\invoicing_system\config.php on line 132
[02-May-2025 19:18:11 Asia/Baghdad] PHP Parse error:  syntax error, unexpected token "<", expecting end of file in C:\xampp\htdocs\invoicing_system\database.php on line 6
[02-May-2025 19:18:12 Asia/Baghdad] PHP Warning:  Constant DB_HOST already defined in C:\xampp\htdocs\invoicing_system\config.php on line 60
[02-May-2025 19:18:12 Asia/Baghdad] PHP Warning:  Constant DB_USER already defined in C:\xampp\htdocs\invoicing_system\config.php on line 61
[02-May-2025 19:18:12 Asia/Baghdad] PHP Warning:  Constant DB_PASS already defined in C:\xampp\htdocs\invoicing_system\config.php on line 62
[02-May-2025 19:18:12 Asia/Baghdad] PHP Warning:  Constant DB_NAME already defined in C:\xampp\htdocs\invoicing_system\config.php on line 63
[02-May-2025 19:18:12 Asia/Baghdad] PHP Warning:  Constant SITE_NAME already defined in C:\xampp\htdocs\invoicing_system\config.php on line 67
[02-May-2025 19:18:12 Asia/Baghdad] PHP Warning:  Constant ROOT_PATH already defined in C:\xampp\htdocs\invoicing_system\config.php on line 72
[02-May-2025 19:18:12 Asia/Baghdad] PHP Warning:  Constant MAX_FILE_SIZE already defined in C:\xampp\htdocs\invoicing_system\config.php on line 78
[02-May-2025 19:18:12 Asia/Baghdad] PHP Warning:  Constant ALLOWED_EXTENSIONS already defined in C:\xampp\htdocs\invoicing_system\config.php on line 79
[02-May-2025 19:18:12 Asia/Baghdad] PHP Warning:  ini_set(): Session ini settings cannot be changed when a session is active in C:\xampp\htdocs\invoicing_system\config.php on line 132
[02-May-2025 19:18:12 Asia/Baghdad] PHP Parse error:  syntax error, unexpected token "<", expecting end of file in C:\xampp\htdocs\invoicing_system\database.php on line 6
[02-May-2025 19:18:13 Asia/Baghdad] PHP Warning:  Constant DB_HOST already defined in C:\xampp\htdocs\invoicing_system\config.php on line 60
[02-May-2025 19:18:13 Asia/Baghdad] PHP Warning:  Constant DB_USER already defined in C:\xampp\htdocs\invoicing_system\config.php on line 61
[02-May-2025 19:18:13 Asia/Baghdad] PHP Warning:  Constant DB_PASS already defined in C:\xampp\htdocs\invoicing_system\config.php on line 62
[02-May-2025 19:18:13 Asia/Baghdad] PHP Warning:  Constant DB_NAME already defined in C:\xampp\htdocs\invoicing_system\config.php on line 63
[02-May-2025 19:18:13 Asia/Baghdad] PHP Warning:  Constant SITE_NAME already defined in C:\xampp\htdocs\invoicing_system\config.php on line 67
[02-May-2025 19:18:13 Asia/Baghdad] PHP Warning:  Constant ROOT_PATH already defined in C:\xampp\htdocs\invoicing_system\config.php on line 72
[02-May-2025 19:18:13 Asia/Baghdad] PHP Warning:  Constant MAX_FILE_SIZE already defined in C:\xampp\htdocs\invoicing_system\config.php on line 78
[02-May-2025 19:18:13 Asia/Baghdad] PHP Warning:  Constant ALLOWED_EXTENSIONS already defined in C:\xampp\htdocs\invoicing_system\config.php on line 79
[02-May-2025 19:18:13 Asia/Baghdad] PHP Warning:  ini_set(): Session ini settings cannot be changed when a session is active in C:\xampp\htdocs\invoicing_system\config.php on line 132
[02-May-2025 19:18:13 Asia/Baghdad] PHP Parse error:  syntax error, unexpected token "<", expecting end of file in C:\xampp\htdocs\invoicing_system\database.php on line 6
[02-May-2025 19:18:38 Asia/Baghdad] PHP Warning:  Constant DB_HOST already defined in C:\xampp\htdocs\invoicing_system\config.php on line 60
[02-May-2025 19:18:38 Asia/Baghdad] PHP Warning:  Constant DB_USER already defined in C:\xampp\htdocs\invoicing_system\config.php on line 61
[02-May-2025 19:18:38 Asia/Baghdad] PHP Warning:  Constant DB_PASS already defined in C:\xampp\htdocs\invoicing_system\config.php on line 62
[02-May-2025 19:18:38 Asia/Baghdad] PHP Warning:  Constant DB_NAME already defined in C:\xampp\htdocs\invoicing_system\config.php on line 63
[02-May-2025 19:18:38 Asia/Baghdad] PHP Warning:  Constant SITE_NAME already defined in C:\xampp\htdocs\invoicing_system\config.php on line 67
[02-May-2025 19:18:38 Asia/Baghdad] PHP Warning:  Constant ROOT_PATH already defined in C:\xampp\htdocs\invoicing_system\config.php on line 72
[02-May-2025 19:18:38 Asia/Baghdad] PHP Warning:  Constant MAX_FILE_SIZE already defined in C:\xampp\htdocs\invoicing_system\config.php on line 78
[02-May-2025 19:18:38 Asia/Baghdad] PHP Warning:  Constant ALLOWED_EXTENSIONS already defined in C:\xampp\htdocs\invoicing_system\config.php on line 79
[02-May-2025 19:18:38 Asia/Baghdad] PHP Parse error:  syntax error, unexpected token "<", expecting end of file in C:\xampp\htdocs\invoicing_system\database.php on line 6
[02-May-2025 19:37:08 Asia/Baghdad] PHP Warning:  Constant DB_HOST already defined in C:\xampp\htdocs\invoicing_system\config.php on line 60
[02-May-2025 19:37:08 Asia/Baghdad] PHP Warning:  Constant DB_USER already defined in C:\xampp\htdocs\invoicing_system\config.php on line 61
[02-May-2025 19:37:08 Asia/Baghdad] PHP Warning:  Constant DB_PASS already defined in C:\xampp\htdocs\invoicing_system\config.php on line 62
[02-May-2025 19:37:08 Asia/Baghdad] PHP Warning:  Constant DB_NAME already defined in C:\xampp\htdocs\invoicing_system\config.php on line 63
[02-May-2025 19:37:08 Asia/Baghdad] PHP Warning:  Constant SITE_NAME already defined in C:\xampp\htdocs\invoicing_system\config.php on line 67
[02-May-2025 19:37:08 Asia/Baghdad] PHP Warning:  Constant ROOT_PATH already defined in C:\xampp\htdocs\invoicing_system\config.php on line 72
[02-May-2025 19:37:08 Asia/Baghdad] PHP Warning:  Constant MAX_FILE_SIZE already defined in C:\xampp\htdocs\invoicing_system\config.php on line 78
[02-May-2025 19:37:08 Asia/Baghdad] PHP Warning:  Constant ALLOWED_EXTENSIONS already defined in C:\xampp\htdocs\invoicing_system\config.php on line 79
[02-May-2025 19:37:08 Asia/Baghdad] PHP Parse error:  syntax error, unexpected token "<", expecting end of file in C:\xampp\htdocs\invoicing_system\database.php on line 6
[02-May-2025 19:37:08 Asia/Baghdad] PHP Warning:  Constant DB_HOST already defined in C:\xampp\htdocs\invoicing_system\config.php on line 60
[02-May-2025 19:37:08 Asia/Baghdad] PHP Warning:  Constant DB_USER already defined in C:\xampp\htdocs\invoicing_system\config.php on line 61
[02-May-2025 19:37:08 Asia/Baghdad] PHP Warning:  Constant DB_PASS already defined in C:\xampp\htdocs\invoicing_system\config.php on line 62
[02-May-2025 19:37:08 Asia/Baghdad] PHP Warning:  Constant DB_NAME already defined in C:\xampp\htdocs\invoicing_system\config.php on line 63
[02-May-2025 19:37:08 Asia/Baghdad] PHP Warning:  Constant SITE_NAME already defined in C:\xampp\htdocs\invoicing_system\config.php on line 67
[02-May-2025 19:37:08 Asia/Baghdad] PHP Warning:  Constant ROOT_PATH already defined in C:\xampp\htdocs\invoicing_system\config.php on line 72
[02-May-2025 19:37:08 Asia/Baghdad] PHP Warning:  Constant MAX_FILE_SIZE already defined in C:\xampp\htdocs\invoicing_system\config.php on line 78
[02-May-2025 19:37:08 Asia/Baghdad] PHP Warning:  Constant ALLOWED_EXTENSIONS already defined in C:\xampp\htdocs\invoicing_system\config.php on line 79
[02-May-2025 19:37:08 Asia/Baghdad] PHP Parse error:  syntax error, unexpected token "<", expecting end of file in C:\xampp\htdocs\invoicing_system\database.php on line 6
[02-May-2025 19:37:09 Asia/Baghdad] PHP Warning:  Constant DB_HOST already defined in C:\xampp\htdocs\invoicing_system\config.php on line 60
[02-May-2025 19:37:09 Asia/Baghdad] PHP Warning:  Constant DB_USER already defined in C:\xampp\htdocs\invoicing_system\config.php on line 61
[02-May-2025 19:37:09 Asia/Baghdad] PHP Warning:  Constant DB_PASS already defined in C:\xampp\htdocs\invoicing_system\config.php on line 62
[02-May-2025 19:37:09 Asia/Baghdad] PHP Warning:  Constant DB_NAME already defined in C:\xampp\htdocs\invoicing_system\config.php on line 63
[02-May-2025 19:37:09 Asia/Baghdad] PHP Warning:  Constant SITE_NAME already defined in C:\xampp\htdocs\invoicing_system\config.php on line 67
[02-May-2025 19:37:09 Asia/Baghdad] PHP Warning:  Constant ROOT_PATH already defined in C:\xampp\htdocs\invoicing_system\config.php on line 72
[02-May-2025 19:37:09 Asia/Baghdad] PHP Warning:  Constant MAX_FILE_SIZE already defined in C:\xampp\htdocs\invoicing_system\config.php on line 78
[02-May-2025 19:37:09 Asia/Baghdad] PHP Warning:  Constant ALLOWED_EXTENSIONS already defined in C:\xampp\htdocs\invoicing_system\config.php on line 79
[02-May-2025 19:37:09 Asia/Baghdad] PHP Parse error:  syntax error, unexpected token "<", expecting end of file in C:\xampp\htdocs\invoicing_system\database.php on line 6
[02-May-2025 19:37:23 Asia/Baghdad] PHP Warning:  Constant DB_HOST already defined in C:\xampp\htdocs\invoicing_system\config.php on line 60
[02-May-2025 19:37:23 Asia/Baghdad] PHP Warning:  Constant DB_USER already defined in C:\xampp\htdocs\invoicing_system\config.php on line 61
[02-May-2025 19:37:23 Asia/Baghdad] PHP Warning:  Constant DB_PASS already defined in C:\xampp\htdocs\invoicing_system\config.php on line 62
[02-May-2025 19:37:23 Asia/Baghdad] PHP Warning:  Constant DB_NAME already defined in C:\xampp\htdocs\invoicing_system\config.php on line 63
[02-May-2025 19:37:23 Asia/Baghdad] PHP Warning:  Constant SITE_NAME already defined in C:\xampp\htdocs\invoicing_system\config.php on line 67
[02-May-2025 19:37:23 Asia/Baghdad] PHP Warning:  Constant ROOT_PATH already defined in C:\xampp\htdocs\invoicing_system\config.php on line 72
[02-May-2025 19:37:23 Asia/Baghdad] PHP Warning:  Constant MAX_FILE_SIZE already defined in C:\xampp\htdocs\invoicing_system\config.php on line 78
[02-May-2025 19:37:23 Asia/Baghdad] PHP Warning:  Constant ALLOWED_EXTENSIONS already defined in C:\xampp\htdocs\invoicing_system\config.php on line 79
[02-May-2025 19:37:23 Asia/Baghdad] PHP Notice:  session_start(): Ignoring session_start() because a session is already active in C:\xampp\htdocs\invoicing_system\config.php on line 133
[02-May-2025 19:37:23 Asia/Baghdad] PHP Parse error:  syntax error, unexpected token "<", expecting end of file in C:\xampp\htdocs\invoicing_system\database.php on line 6
[02-May-2025 19:38:23 Asia/Baghdad] PHP Warning:  Constant DB_HOST already defined in C:\xampp\htdocs\invoicing_system\config.php on line 60
[02-May-2025 19:38:23 Asia/Baghdad] PHP Warning:  Constant DB_USER already defined in C:\xampp\htdocs\invoicing_system\config.php on line 61
[02-May-2025 19:38:23 Asia/Baghdad] PHP Warning:  Constant DB_PASS already defined in C:\xampp\htdocs\invoicing_system\config.php on line 62
[02-May-2025 19:38:23 Asia/Baghdad] PHP Warning:  Constant DB_NAME already defined in C:\xampp\htdocs\invoicing_system\config.php on line 63
[02-May-2025 19:38:23 Asia/Baghdad] PHP Warning:  Constant SITE_NAME already defined in C:\xampp\htdocs\invoicing_system\config.php on line 67
[02-May-2025 19:38:23 Asia/Baghdad] PHP Warning:  Constant ROOT_PATH already defined in C:\xampp\htdocs\invoicing_system\config.php on line 72
[02-May-2025 19:38:23 Asia/Baghdad] PHP Warning:  Constant MAX_FILE_SIZE already defined in C:\xampp\htdocs\invoicing_system\config.php on line 78
[02-May-2025 19:38:23 Asia/Baghdad] PHP Warning:  Constant ALLOWED_EXTENSIONS already defined in C:\xampp\htdocs\invoicing_system\config.php on line 79
[02-May-2025 19:38:23 Asia/Baghdad] PHP Parse error:  syntax error, unexpected token "<", expecting end of file in C:\xampp\htdocs\invoicing_system\database.php on line 6
[02-May-2025 19:38:24 Asia/Baghdad] PHP Warning:  Constant DB_HOST already defined in C:\xampp\htdocs\invoicing_system\config.php on line 60
[02-May-2025 19:38:24 Asia/Baghdad] PHP Warning:  Constant DB_USER already defined in C:\xampp\htdocs\invoicing_system\config.php on line 61
[02-May-2025 19:38:24 Asia/Baghdad] PHP Warning:  Constant DB_PASS already defined in C:\xampp\htdocs\invoicing_system\config.php on line 62
[02-May-2025 19:38:24 Asia/Baghdad] PHP Warning:  Constant DB_NAME already defined in C:\xampp\htdocs\invoicing_system\config.php on line 63
[02-May-2025 19:38:24 Asia/Baghdad] PHP Warning:  Constant SITE_NAME already defined in C:\xampp\htdocs\invoicing_system\config.php on line 67
[02-May-2025 19:38:24 Asia/Baghdad] PHP Warning:  Constant ROOT_PATH already defined in C:\xampp\htdocs\invoicing_system\config.php on line 72
[02-May-2025 19:38:24 Asia/Baghdad] PHP Warning:  Constant MAX_FILE_SIZE already defined in C:\xampp\htdocs\invoicing_system\config.php on line 78
[02-May-2025 19:38:24 Asia/Baghdad] PHP Warning:  Constant ALLOWED_EXTENSIONS already defined in C:\xampp\htdocs\invoicing_system\config.php on line 79
[02-May-2025 19:38:24 Asia/Baghdad] PHP Parse error:  syntax error, unexpected token "<", expecting end of file in C:\xampp\htdocs\invoicing_system\database.php on line 6
[02-May-2025 19:38:28 Asia/Baghdad] PHP Warning:  Constant DB_HOST already defined in C:\xampp\htdocs\invoicing_system\config.php on line 60
[02-May-2025 19:38:28 Asia/Baghdad] PHP Warning:  Constant DB_USER already defined in C:\xampp\htdocs\invoicing_system\config.php on line 61
[02-May-2025 19:38:28 Asia/Baghdad] PHP Warning:  Constant DB_PASS already defined in C:\xampp\htdocs\invoicing_system\config.php on line 62
[02-May-2025 19:38:28 Asia/Baghdad] PHP Warning:  Constant DB_NAME already defined in C:\xampp\htdocs\invoicing_system\config.php on line 63
[02-May-2025 19:38:28 Asia/Baghdad] PHP Warning:  Constant SITE_NAME already defined in C:\xampp\htdocs\invoicing_system\config.php on line 67
[02-May-2025 19:38:28 Asia/Baghdad] PHP Warning:  Constant ROOT_PATH already defined in C:\xampp\htdocs\invoicing_system\config.php on line 72
[02-May-2025 19:38:28 Asia/Baghdad] PHP Warning:  Constant MAX_FILE_SIZE already defined in C:\xampp\htdocs\invoicing_system\config.php on line 78
[02-May-2025 19:38:28 Asia/Baghdad] PHP Warning:  Constant ALLOWED_EXTENSIONS already defined in C:\xampp\htdocs\invoicing_system\config.php on line 79
[02-May-2025 19:38:28 Asia/Baghdad] PHP Notice:  session_start(): Ignoring session_start() because a session is already active in C:\xampp\htdocs\invoicing_system\config.php on line 133
[02-May-2025 19:38:28 Asia/Baghdad] PHP Parse error:  syntax error, unexpected token "<", expecting end of file in C:\xampp\htdocs\invoicing_system\database.php on line 6
[02-May-2025 19:38:39 Asia/Baghdad] PHP Warning:  Constant DB_HOST already defined in C:\xampp\htdocs\invoicing_system\config.php on line 60
[02-May-2025 19:38:39 Asia/Baghdad] PHP Warning:  Constant DB_USER already defined in C:\xampp\htdocs\invoicing_system\config.php on line 61
[02-May-2025 19:38:39 Asia/Baghdad] PHP Warning:  Constant DB_PASS already defined in C:\xampp\htdocs\invoicing_system\config.php on line 62
[02-May-2025 19:38:39 Asia/Baghdad] PHP Warning:  Constant DB_NAME already defined in C:\xampp\htdocs\invoicing_system\config.php on line 63
[02-May-2025 19:38:39 Asia/Baghdad] PHP Warning:  Constant SITE_NAME already defined in C:\xampp\htdocs\invoicing_system\config.php on line 67
[02-May-2025 19:38:39 Asia/Baghdad] PHP Warning:  Constant ROOT_PATH already defined in C:\xampp\htdocs\invoicing_system\config.php on line 72
[02-May-2025 19:38:39 Asia/Baghdad] PHP Warning:  Constant MAX_FILE_SIZE already defined in C:\xampp\htdocs\invoicing_system\config.php on line 78
[02-May-2025 19:38:39 Asia/Baghdad] PHP Warning:  Constant ALLOWED_EXTENSIONS already defined in C:\xampp\htdocs\invoicing_system\config.php on line 79
[02-May-2025 19:38:39 Asia/Baghdad] PHP Parse error:  syntax error, unexpected token "<", expecting end of file in C:\xampp\htdocs\invoicing_system\database.php on line 6
[02-May-2025 19:38:41 Asia/Baghdad] PHP Warning:  Constant DB_HOST already defined in C:\xampp\htdocs\invoicing_system\config.php on line 60
[02-May-2025 19:38:41 Asia/Baghdad] PHP Warning:  Constant DB_USER already defined in C:\xampp\htdocs\invoicing_system\config.php on line 61
[02-May-2025 19:38:41 Asia/Baghdad] PHP Warning:  Constant DB_PASS already defined in C:\xampp\htdocs\invoicing_system\config.php on line 62
[02-May-2025 19:38:41 Asia/Baghdad] PHP Warning:  Constant DB_NAME already defined in C:\xampp\htdocs\invoicing_system\config.php on line 63
[02-May-2025 19:38:41 Asia/Baghdad] PHP Warning:  Constant SITE_NAME already defined in C:\xampp\htdocs\invoicing_system\config.php on line 67
[02-May-2025 19:38:41 Asia/Baghdad] PHP Warning:  Constant ROOT_PATH already defined in C:\xampp\htdocs\invoicing_system\config.php on line 72
[02-May-2025 19:38:41 Asia/Baghdad] PHP Warning:  Constant MAX_FILE_SIZE already defined in C:\xampp\htdocs\invoicing_system\config.php on line 78
[02-May-2025 19:38:41 Asia/Baghdad] PHP Warning:  Constant ALLOWED_EXTENSIONS already defined in C:\xampp\htdocs\invoicing_system\config.php on line 79
[02-May-2025 19:38:41 Asia/Baghdad] PHP Parse error:  syntax error, unexpected token "<", expecting end of file in C:\xampp\htdocs\invoicing_system\database.php on line 6
[02-May-2025 19:40:31 Asia/Baghdad] PHP Warning:  Constant DB_HOST already defined in C:\xampp\htdocs\invoicing_system\config.php on line 58
[02-May-2025 19:40:31 Asia/Baghdad] PHP Warning:  Constant DB_USER already defined in C:\xampp\htdocs\invoicing_system\config.php on line 59
[02-May-2025 19:40:31 Asia/Baghdad] PHP Warning:  Constant DB_PASS already defined in C:\xampp\htdocs\invoicing_system\config.php on line 60
[02-May-2025 19:40:31 Asia/Baghdad] PHP Warning:  Constant DB_NAME already defined in C:\xampp\htdocs\invoicing_system\config.php on line 61
[02-May-2025 19:40:31 Asia/Baghdad] PHP Warning:  Constant SITE_NAME already defined in C:\xampp\htdocs\invoicing_system\config.php on line 65
[02-May-2025 19:40:31 Asia/Baghdad] PHP Warning:  Constant ROOT_PATH already defined in C:\xampp\htdocs\invoicing_system\config.php on line 70
[02-May-2025 19:40:31 Asia/Baghdad] PHP Warning:  Constant MAX_FILE_SIZE already defined in C:\xampp\htdocs\invoicing_system\config.php on line 76
[02-May-2025 19:40:31 Asia/Baghdad] PHP Warning:  Constant ALLOWED_EXTENSIONS already defined in C:\xampp\htdocs\invoicing_system\config.php on line 77
[02-May-2025 19:40:31 Asia/Baghdad] PHP Warning:  ini_set(): Session ini settings cannot be changed when a session is active in C:\xampp\htdocs\invoicing_system\config.php on line 130
[02-May-2025 19:40:31 Asia/Baghdad] PHP Notice:  session_start(): Ignoring session_start() because a session is already active in C:\xampp\htdocs\invoicing_system\config.php on line 131
[02-May-2025 19:40:31 Asia/Baghdad] PHP Warning:  ini_set(): Session ini settings cannot be changed when a session is active in C:\xampp\htdocs\invoicing_system\config.php on line 228
[02-May-2025 19:40:31 Asia/Baghdad] PHP Parse error:  syntax error, unexpected token "<", expecting end of file in C:\xampp\htdocs\invoicing_system\database.php on line 6
[02-May-2025 19:45:16 Asia/Baghdad] PHP Warning:  Constant DB_HOST already defined in C:\xampp\htdocs\invoicing_system\config.php on line 61
[02-May-2025 19:45:16 Asia/Baghdad] PHP Warning:  Constant DB_USER already defined in C:\xampp\htdocs\invoicing_system\config.php on line 62
[02-May-2025 19:45:16 Asia/Baghdad] PHP Warning:  Constant DB_PASS already defined in C:\xampp\htdocs\invoicing_system\config.php on line 63
[02-May-2025 19:45:16 Asia/Baghdad] PHP Warning:  Constant DB_NAME already defined in C:\xampp\htdocs\invoicing_system\config.php on line 64
[02-May-2025 19:45:16 Asia/Baghdad] PHP Warning:  Constant SITE_NAME already defined in C:\xampp\htdocs\invoicing_system\config.php on line 68
[02-May-2025 19:45:16 Asia/Baghdad] PHP Warning:  Constant ROOT_PATH already defined in C:\xampp\htdocs\invoicing_system\config.php on line 73
[02-May-2025 19:45:16 Asia/Baghdad] PHP Warning:  Constant MAX_FILE_SIZE already defined in C:\xampp\htdocs\invoicing_system\config.php on line 79
[02-May-2025 19:45:16 Asia/Baghdad] PHP Warning:  Constant ALLOWED_EXTENSIONS already defined in C:\xampp\htdocs\invoicing_system\config.php on line 80
[02-May-2025 19:45:16 Asia/Baghdad] PHP Parse error:  syntax error, unexpected token "<", expecting end of file in C:\xampp\htdocs\invoicing_system\database.php on line 6
[02-May-2025 19:45:19 Asia/Baghdad] PHP Warning:  Constant DB_HOST already defined in C:\xampp\htdocs\invoicing_system\config.php on line 61
[02-May-2025 19:45:19 Asia/Baghdad] PHP Warning:  Constant DB_USER already defined in C:\xampp\htdocs\invoicing_system\config.php on line 62
[02-May-2025 19:45:19 Asia/Baghdad] PHP Warning:  Constant DB_PASS already defined in C:\xampp\htdocs\invoicing_system\config.php on line 63
[02-May-2025 19:45:19 Asia/Baghdad] PHP Warning:  Constant DB_NAME already defined in C:\xampp\htdocs\invoicing_system\config.php on line 64
[02-May-2025 19:45:19 Asia/Baghdad] PHP Warning:  Constant SITE_NAME already defined in C:\xampp\htdocs\invoicing_system\config.php on line 68
[02-May-2025 19:45:19 Asia/Baghdad] PHP Warning:  Constant ROOT_PATH already defined in C:\xampp\htdocs\invoicing_system\config.php on line 73
[02-May-2025 19:45:19 Asia/Baghdad] PHP Warning:  Constant MAX_FILE_SIZE already defined in C:\xampp\htdocs\invoicing_system\config.php on line 79
[02-May-2025 19:45:19 Asia/Baghdad] PHP Warning:  Constant ALLOWED_EXTENSIONS already defined in C:\xampp\htdocs\invoicing_system\config.php on line 80
[02-May-2025 19:45:19 Asia/Baghdad] PHP Parse error:  syntax error, unexpected token "<", expecting end of file in C:\xampp\htdocs\invoicing_system\database.php on line 6
[02-May-2025 19:45:19 Asia/Baghdad] PHP Warning:  Constant DB_HOST already defined in C:\xampp\htdocs\invoicing_system\config.php on line 61
[02-May-2025 19:45:19 Asia/Baghdad] PHP Warning:  Constant DB_USER already defined in C:\xampp\htdocs\invoicing_system\config.php on line 62
[02-May-2025 19:45:19 Asia/Baghdad] PHP Warning:  Constant DB_PASS already defined in C:\xampp\htdocs\invoicing_system\config.php on line 63
[02-May-2025 19:45:19 Asia/Baghdad] PHP Warning:  Constant DB_NAME already defined in C:\xampp\htdocs\invoicing_system\config.php on line 64
[02-May-2025 19:45:19 Asia/Baghdad] PHP Warning:  Constant SITE_NAME already defined in C:\xampp\htdocs\invoicing_system\config.php on line 68
[02-May-2025 19:45:19 Asia/Baghdad] PHP Warning:  Constant ROOT_PATH already defined in C:\xampp\htdocs\invoicing_system\config.php on line 73
[02-May-2025 19:45:19 Asia/Baghdad] PHP Warning:  Constant MAX_FILE_SIZE already defined in C:\xampp\htdocs\invoicing_system\config.php on line 79
[02-May-2025 19:45:19 Asia/Baghdad] PHP Warning:  Constant ALLOWED_EXTENSIONS already defined in C:\xampp\htdocs\invoicing_system\config.php on line 80
[02-May-2025 19:45:19 Asia/Baghdad] PHP Parse error:  syntax error, unexpected token "<", expecting end of file in C:\xampp\htdocs\invoicing_system\database.php on line 6
[02-May-2025 19:45:19 Asia/Baghdad] PHP Warning:  Constant DB_HOST already defined in C:\xampp\htdocs\invoicing_system\config.php on line 61
[02-May-2025 19:45:19 Asia/Baghdad] PHP Warning:  Constant DB_USER already defined in C:\xampp\htdocs\invoicing_system\config.php on line 62
[02-May-2025 19:45:19 Asia/Baghdad] PHP Warning:  Constant DB_PASS already defined in C:\xampp\htdocs\invoicing_system\config.php on line 63
[02-May-2025 19:45:19 Asia/Baghdad] PHP Warning:  Constant DB_NAME already defined in C:\xampp\htdocs\invoicing_system\config.php on line 64
[02-May-2025 19:45:19 Asia/Baghdad] PHP Warning:  Constant SITE_NAME already defined in C:\xampp\htdocs\invoicing_system\config.php on line 68
[02-May-2025 19:45:19 Asia/Baghdad] PHP Warning:  Constant ROOT_PATH already defined in C:\xampp\htdocs\invoicing_system\config.php on line 73
[02-May-2025 19:45:19 Asia/Baghdad] PHP Warning:  Constant MAX_FILE_SIZE already defined in C:\xampp\htdocs\invoicing_system\config.php on line 79
[02-May-2025 19:45:19 Asia/Baghdad] PHP Warning:  Constant ALLOWED_EXTENSIONS already defined in C:\xampp\htdocs\invoicing_system\config.php on line 80
[02-May-2025 19:45:19 Asia/Baghdad] PHP Parse error:  syntax error, unexpected token "<", expecting end of file in C:\xampp\htdocs\invoicing_system\database.php on line 6
[02-May-2025 19:45:20 Asia/Baghdad] PHP Warning:  Constant DB_HOST already defined in C:\xampp\htdocs\invoicing_system\config.php on line 61
[02-May-2025 19:45:20 Asia/Baghdad] PHP Warning:  Constant DB_USER already defined in C:\xampp\htdocs\invoicing_system\config.php on line 62
[02-May-2025 19:45:20 Asia/Baghdad] PHP Warning:  Constant DB_PASS already defined in C:\xampp\htdocs\invoicing_system\config.php on line 63
[02-May-2025 19:45:20 Asia/Baghdad] PHP Warning:  Constant DB_NAME already defined in C:\xampp\htdocs\invoicing_system\config.php on line 64
[02-May-2025 19:45:20 Asia/Baghdad] PHP Warning:  Constant SITE_NAME already defined in C:\xampp\htdocs\invoicing_system\config.php on line 68
[02-May-2025 19:45:20 Asia/Baghdad] PHP Warning:  Constant ROOT_PATH already defined in C:\xampp\htdocs\invoicing_system\config.php on line 73
[02-May-2025 19:45:20 Asia/Baghdad] PHP Warning:  Constant MAX_FILE_SIZE already defined in C:\xampp\htdocs\invoicing_system\config.php on line 79
[02-May-2025 19:45:20 Asia/Baghdad] PHP Warning:  Constant ALLOWED_EXTENSIONS already defined in C:\xampp\htdocs\invoicing_system\config.php on line 80
[02-May-2025 19:45:20 Asia/Baghdad] PHP Parse error:  syntax error, unexpected token "<", expecting end of file in C:\xampp\htdocs\invoicing_system\database.php on line 6
[02-May-2025 19:45:20 Asia/Baghdad] PHP Warning:  Constant DB_HOST already defined in C:\xampp\htdocs\invoicing_system\config.php on line 61
[02-May-2025 19:45:20 Asia/Baghdad] PHP Warning:  Constant DB_USER already defined in C:\xampp\htdocs\invoicing_system\config.php on line 62
[02-May-2025 19:45:20 Asia/Baghdad] PHP Warning:  Constant DB_PASS already defined in C:\xampp\htdocs\invoicing_system\config.php on line 63
[02-May-2025 19:45:20 Asia/Baghdad] PHP Warning:  Constant DB_NAME already defined in C:\xampp\htdocs\invoicing_system\config.php on line 64
[02-May-2025 19:45:20 Asia/Baghdad] PHP Warning:  Constant SITE_NAME already defined in C:\xampp\htdocs\invoicing_system\config.php on line 68
[02-May-2025 19:45:20 Asia/Baghdad] PHP Warning:  Constant ROOT_PATH already defined in C:\xampp\htdocs\invoicing_system\config.php on line 73
[02-May-2025 19:45:20 Asia/Baghdad] PHP Warning:  Constant MAX_FILE_SIZE already defined in C:\xampp\htdocs\invoicing_system\config.php on line 79
[02-May-2025 19:45:20 Asia/Baghdad] PHP Warning:  Constant ALLOWED_EXTENSIONS already defined in C:\xampp\htdocs\invoicing_system\config.php on line 80
[02-May-2025 19:45:20 Asia/Baghdad] PHP Parse error:  syntax error, unexpected token "<", expecting end of file in C:\xampp\htdocs\invoicing_system\database.php on line 6
[02-May-2025 19:45:20 Asia/Baghdad] PHP Warning:  Constant DB_HOST already defined in C:\xampp\htdocs\invoicing_system\config.php on line 61
[02-May-2025 19:45:20 Asia/Baghdad] PHP Warning:  Constant DB_USER already defined in C:\xampp\htdocs\invoicing_system\config.php on line 62
[02-May-2025 19:45:20 Asia/Baghdad] PHP Warning:  Constant DB_PASS already defined in C:\xampp\htdocs\invoicing_system\config.php on line 63
[02-May-2025 19:45:20 Asia/Baghdad] PHP Warning:  Constant DB_NAME already defined in C:\xampp\htdocs\invoicing_system\config.php on line 64
[02-May-2025 19:45:20 Asia/Baghdad] PHP Warning:  Constant SITE_NAME already defined in C:\xampp\htdocs\invoicing_system\config.php on line 68
[02-May-2025 19:45:20 Asia/Baghdad] PHP Warning:  Constant ROOT_PATH already defined in C:\xampp\htdocs\invoicing_system\config.php on line 73
[02-May-2025 19:45:20 Asia/Baghdad] PHP Warning:  Constant MAX_FILE_SIZE already defined in C:\xampp\htdocs\invoicing_system\config.php on line 79
[02-May-2025 19:45:20 Asia/Baghdad] PHP Warning:  Constant ALLOWED_EXTENSIONS already defined in C:\xampp\htdocs\invoicing_system\config.php on line 80
[02-May-2025 19:45:20 Asia/Baghdad] PHP Parse error:  syntax error, unexpected token "<", expecting end of file in C:\xampp\htdocs\invoicing_system\database.php on line 6
[02-May-2025 19:45:20 Asia/Baghdad] PHP Warning:  Constant DB_HOST already defined in C:\xampp\htdocs\invoicing_system\config.php on line 61
[02-May-2025 19:45:20 Asia/Baghdad] PHP Warning:  Constant DB_USER already defined in C:\xampp\htdocs\invoicing_system\config.php on line 62
[02-May-2025 19:45:20 Asia/Baghdad] PHP Warning:  Constant DB_PASS already defined in C:\xampp\htdocs\invoicing_system\config.php on line 63
[02-May-2025 19:45:20 Asia/Baghdad] PHP Warning:  Constant DB_NAME already defined in C:\xampp\htdocs\invoicing_system\config.php on line 64
[02-May-2025 19:45:20 Asia/Baghdad] PHP Warning:  Constant SITE_NAME already defined in C:\xampp\htdocs\invoicing_system\config.php on line 68
[02-May-2025 19:45:20 Asia/Baghdad] PHP Warning:  Constant ROOT_PATH already defined in C:\xampp\htdocs\invoicing_system\config.php on line 73
[02-May-2025 19:45:20 Asia/Baghdad] PHP Warning:  Constant MAX_FILE_SIZE already defined in C:\xampp\htdocs\invoicing_system\config.php on line 79
[02-May-2025 19:45:20 Asia/Baghdad] PHP Warning:  Constant ALLOWED_EXTENSIONS already defined in C:\xampp\htdocs\invoicing_system\config.php on line 80
[02-May-2025 19:45:20 Asia/Baghdad] PHP Parse error:  syntax error, unexpected token "<", expecting end of file in C:\xampp\htdocs\invoicing_system\database.php on line 6
[02-May-2025 19:45:20 Asia/Baghdad] PHP Warning:  Constant DB_HOST already defined in C:\xampp\htdocs\invoicing_system\config.php on line 61
[02-May-2025 19:45:20 Asia/Baghdad] PHP Warning:  Constant DB_USER already defined in C:\xampp\htdocs\invoicing_system\config.php on line 62
[02-May-2025 19:45:20 Asia/Baghdad] PHP Warning:  Constant DB_PASS already defined in C:\xampp\htdocs\invoicing_system\config.php on line 63
[02-May-2025 19:45:20 Asia/Baghdad] PHP Warning:  Constant DB_NAME already defined in C:\xampp\htdocs\invoicing_system\config.php on line 64
[02-May-2025 19:45:20 Asia/Baghdad] PHP Warning:  Constant SITE_NAME already defined in C:\xampp\htdocs\invoicing_system\config.php on line 68
[02-May-2025 19:45:20 Asia/Baghdad] PHP Warning:  Constant ROOT_PATH already defined in C:\xampp\htdocs\invoicing_system\config.php on line 73
[02-May-2025 19:45:20 Asia/Baghdad] PHP Warning:  Constant MAX_FILE_SIZE already defined in C:\xampp\htdocs\invoicing_system\config.php on line 79
[02-May-2025 19:45:20 Asia/Baghdad] PHP Warning:  Constant ALLOWED_EXTENSIONS already defined in C:\xampp\htdocs\invoicing_system\config.php on line 80
[02-May-2025 19:45:20 Asia/Baghdad] PHP Parse error:  syntax error, unexpected token "<", expecting end of file in C:\xampp\htdocs\invoicing_system\database.php on line 6
[02-May-2025 19:45:21 Asia/Baghdad] PHP Warning:  Constant DB_HOST already defined in C:\xampp\htdocs\invoicing_system\config.php on line 61
[02-May-2025 19:45:21 Asia/Baghdad] PHP Warning:  Constant DB_USER already defined in C:\xampp\htdocs\invoicing_system\config.php on line 62
[02-May-2025 19:45:21 Asia/Baghdad] PHP Warning:  Constant DB_PASS already defined in C:\xampp\htdocs\invoicing_system\config.php on line 63
[02-May-2025 19:45:21 Asia/Baghdad] PHP Warning:  Constant DB_NAME already defined in C:\xampp\htdocs\invoicing_system\config.php on line 64
[02-May-2025 19:45:21 Asia/Baghdad] PHP Warning:  Constant SITE_NAME already defined in C:\xampp\htdocs\invoicing_system\config.php on line 68
[02-May-2025 19:45:21 Asia/Baghdad] PHP Warning:  Constant ROOT_PATH already defined in C:\xampp\htdocs\invoicing_system\config.php on line 73
[02-May-2025 19:45:21 Asia/Baghdad] PHP Warning:  Constant MAX_FILE_SIZE already defined in C:\xampp\htdocs\invoicing_system\config.php on line 79
[02-May-2025 19:45:21 Asia/Baghdad] PHP Warning:  Constant ALLOWED_EXTENSIONS already defined in C:\xampp\htdocs\invoicing_system\config.php on line 80
[02-May-2025 19:45:21 Asia/Baghdad] PHP Parse error:  syntax error, unexpected token "<", expecting end of file in C:\xampp\htdocs\invoicing_system\database.php on line 6
[02-May-2025 19:45:21 Asia/Baghdad] PHP Warning:  Constant DB_HOST already defined in C:\xampp\htdocs\invoicing_system\config.php on line 61
[02-May-2025 19:45:21 Asia/Baghdad] PHP Warning:  Constant DB_USER already defined in C:\xampp\htdocs\invoicing_system\config.php on line 62
[02-May-2025 19:45:21 Asia/Baghdad] PHP Warning:  Constant DB_PASS already defined in C:\xampp\htdocs\invoicing_system\config.php on line 63
[02-May-2025 19:45:21 Asia/Baghdad] PHP Warning:  Constant DB_NAME already defined in C:\xampp\htdocs\invoicing_system\config.php on line 64
[02-May-2025 19:45:21 Asia/Baghdad] PHP Warning:  Constant SITE_NAME already defined in C:\xampp\htdocs\invoicing_system\config.php on line 68
[02-May-2025 19:45:21 Asia/Baghdad] PHP Warning:  Constant ROOT_PATH already defined in C:\xampp\htdocs\invoicing_system\config.php on line 73
[02-May-2025 19:45:21 Asia/Baghdad] PHP Warning:  Constant MAX_FILE_SIZE already defined in C:\xampp\htdocs\invoicing_system\config.php on line 79
[02-May-2025 19:45:21 Asia/Baghdad] PHP Warning:  Constant ALLOWED_EXTENSIONS already defined in C:\xampp\htdocs\invoicing_system\config.php on line 80
[02-May-2025 19:45:21 Asia/Baghdad] PHP Parse error:  syntax error, unexpected token "<", expecting end of file in C:\xampp\htdocs\invoicing_system\database.php on line 6
[02-May-2025 19:45:21 Asia/Baghdad] PHP Warning:  Constant DB_HOST already defined in C:\xampp\htdocs\invoicing_system\config.php on line 61
[02-May-2025 19:45:21 Asia/Baghdad] PHP Warning:  Constant DB_USER already defined in C:\xampp\htdocs\invoicing_system\config.php on line 62
[02-May-2025 19:45:21 Asia/Baghdad] PHP Warning:  Constant DB_PASS already defined in C:\xampp\htdocs\invoicing_system\config.php on line 63
[02-May-2025 19:45:21 Asia/Baghdad] PHP Warning:  Constant DB_NAME already defined in C:\xampp\htdocs\invoicing_system\config.php on line 64
[02-May-2025 19:45:21 Asia/Baghdad] PHP Warning:  Constant SITE_NAME already defined in C:\xampp\htdocs\invoicing_system\config.php on line 68
[02-May-2025 19:45:21 Asia/Baghdad] PHP Warning:  Constant ROOT_PATH already defined in C:\xampp\htdocs\invoicing_system\config.php on line 73
[02-May-2025 19:45:21 Asia/Baghdad] PHP Warning:  Constant MAX_FILE_SIZE already defined in C:\xampp\htdocs\invoicing_system\config.php on line 79
[02-May-2025 19:45:21 Asia/Baghdad] PHP Warning:  Constant ALLOWED_EXTENSIONS already defined in C:\xampp\htdocs\invoicing_system\config.php on line 80
[02-May-2025 19:45:21 Asia/Baghdad] PHP Parse error:  syntax error, unexpected token "<", expecting end of file in C:\xampp\htdocs\invoicing_system\database.php on line 6
[02-May-2025 19:45:21 Asia/Baghdad] PHP Warning:  Constant DB_HOST already defined in C:\xampp\htdocs\invoicing_system\config.php on line 61
[02-May-2025 19:45:21 Asia/Baghdad] PHP Warning:  Constant DB_USER already defined in C:\xampp\htdocs\invoicing_system\config.php on line 62
[02-May-2025 19:45:21 Asia/Baghdad] PHP Warning:  Constant DB_PASS already defined in C:\xampp\htdocs\invoicing_system\config.php on line 63
[02-May-2025 19:45:21 Asia/Baghdad] PHP Warning:  Constant DB_NAME already defined in C:\xampp\htdocs\invoicing_system\config.php on line 64
[02-May-2025 19:45:21 Asia/Baghdad] PHP Warning:  Constant SITE_NAME already defined in C:\xampp\htdocs\invoicing_system\config.php on line 68
[02-May-2025 19:45:21 Asia/Baghdad] PHP Warning:  Constant ROOT_PATH already defined in C:\xampp\htdocs\invoicing_system\config.php on line 73
[02-May-2025 19:45:21 Asia/Baghdad] PHP Warning:  Constant MAX_FILE_SIZE already defined in C:\xampp\htdocs\invoicing_system\config.php on line 79
[02-May-2025 19:45:21 Asia/Baghdad] PHP Warning:  Constant ALLOWED_EXTENSIONS already defined in C:\xampp\htdocs\invoicing_system\config.php on line 80
[02-May-2025 19:45:21 Asia/Baghdad] PHP Parse error:  syntax error, unexpected token "<", expecting end of file in C:\xampp\htdocs\invoicing_system\database.php on line 6
[02-May-2025 19:45:21 Asia/Baghdad] PHP Warning:  Constant DB_HOST already defined in C:\xampp\htdocs\invoicing_system\config.php on line 61
[02-May-2025 19:45:21 Asia/Baghdad] PHP Warning:  Constant DB_USER already defined in C:\xampp\htdocs\invoicing_system\config.php on line 62
[02-May-2025 19:45:21 Asia/Baghdad] PHP Warning:  Constant DB_PASS already defined in C:\xampp\htdocs\invoicing_system\config.php on line 63
[02-May-2025 19:45:21 Asia/Baghdad] PHP Warning:  Constant DB_NAME already defined in C:\xampp\htdocs\invoicing_system\config.php on line 64
[02-May-2025 19:45:21 Asia/Baghdad] PHP Warning:  Constant SITE_NAME already defined in C:\xampp\htdocs\invoicing_system\config.php on line 68
[02-May-2025 19:45:21 Asia/Baghdad] PHP Warning:  Constant ROOT_PATH already defined in C:\xampp\htdocs\invoicing_system\config.php on line 73
[02-May-2025 19:45:21 Asia/Baghdad] PHP Warning:  Constant MAX_FILE_SIZE already defined in C:\xampp\htdocs\invoicing_system\config.php on line 79
[02-May-2025 19:45:21 Asia/Baghdad] PHP Warning:  Constant ALLOWED_EXTENSIONS already defined in C:\xampp\htdocs\invoicing_system\config.php on line 80
[02-May-2025 19:45:21 Asia/Baghdad] PHP Parse error:  syntax error, unexpected token "<", expecting end of file in C:\xampp\htdocs\invoicing_system\database.php on line 6
[02-May-2025 19:45:22 Asia/Baghdad] PHP Warning:  Constant DB_HOST already defined in C:\xampp\htdocs\invoicing_system\config.php on line 61
[02-May-2025 19:45:22 Asia/Baghdad] PHP Warning:  Constant DB_USER already defined in C:\xampp\htdocs\invoicing_system\config.php on line 62
[02-May-2025 19:45:22 Asia/Baghdad] PHP Warning:  Constant DB_PASS already defined in C:\xampp\htdocs\invoicing_system\config.php on line 63
[02-May-2025 19:45:22 Asia/Baghdad] PHP Warning:  Constant DB_NAME already defined in C:\xampp\htdocs\invoicing_system\config.php on line 64
[02-May-2025 19:45:22 Asia/Baghdad] PHP Warning:  Constant SITE_NAME already defined in C:\xampp\htdocs\invoicing_system\config.php on line 68
[02-May-2025 19:45:22 Asia/Baghdad] PHP Warning:  Constant ROOT_PATH already defined in C:\xampp\htdocs\invoicing_system\config.php on line 73
[02-May-2025 19:45:22 Asia/Baghdad] PHP Warning:  Constant MAX_FILE_SIZE already defined in C:\xampp\htdocs\invoicing_system\config.php on line 79
[02-May-2025 19:45:22 Asia/Baghdad] PHP Warning:  Constant ALLOWED_EXTENSIONS already defined in C:\xampp\htdocs\invoicing_system\config.php on line 80
[02-May-2025 19:45:22 Asia/Baghdad] PHP Parse error:  syntax error, unexpected token "<", expecting end of file in C:\xampp\htdocs\invoicing_system\database.php on line 6
[02-May-2025 19:45:22 Asia/Baghdad] PHP Warning:  Constant DB_HOST already defined in C:\xampp\htdocs\invoicing_system\config.php on line 61
[02-May-2025 19:45:22 Asia/Baghdad] PHP Warning:  Constant DB_USER already defined in C:\xampp\htdocs\invoicing_system\config.php on line 62
[02-May-2025 19:45:22 Asia/Baghdad] PHP Warning:  Constant DB_PASS already defined in C:\xampp\htdocs\invoicing_system\config.php on line 63
[02-May-2025 19:45:22 Asia/Baghdad] PHP Warning:  Constant DB_NAME already defined in C:\xampp\htdocs\invoicing_system\config.php on line 64
[02-May-2025 19:45:22 Asia/Baghdad] PHP Warning:  Constant SITE_NAME already defined in C:\xampp\htdocs\invoicing_system\config.php on line 68
[02-May-2025 19:45:22 Asia/Baghdad] PHP Warning:  Constant ROOT_PATH already defined in C:\xampp\htdocs\invoicing_system\config.php on line 73
[02-May-2025 19:45:22 Asia/Baghdad] PHP Warning:  Constant MAX_FILE_SIZE already defined in C:\xampp\htdocs\invoicing_system\config.php on line 79
[02-May-2025 19:45:22 Asia/Baghdad] PHP Warning:  Constant ALLOWED_EXTENSIONS already defined in C:\xampp\htdocs\invoicing_system\config.php on line 80
[02-May-2025 19:45:22 Asia/Baghdad] PHP Parse error:  syntax error, unexpected token "<", expecting end of file in C:\xampp\htdocs\invoicing_system\database.php on line 6
[02-May-2025 19:45:22 Asia/Baghdad] PHP Warning:  Constant DB_HOST already defined in C:\xampp\htdocs\invoicing_system\config.php on line 61
[02-May-2025 19:45:22 Asia/Baghdad] PHP Warning:  Constant DB_USER already defined in C:\xampp\htdocs\invoicing_system\config.php on line 62
[02-May-2025 19:45:22 Asia/Baghdad] PHP Warning:  Constant DB_PASS already defined in C:\xampp\htdocs\invoicing_system\config.php on line 63
[02-May-2025 19:45:22 Asia/Baghdad] PHP Warning:  Constant DB_NAME already defined in C:\xampp\htdocs\invoicing_system\config.php on line 64
[02-May-2025 19:45:22 Asia/Baghdad] PHP Warning:  Constant SITE_NAME already defined in C:\xampp\htdocs\invoicing_system\config.php on line 68
[02-May-2025 19:45:22 Asia/Baghdad] PHP Warning:  Constant ROOT_PATH already defined in C:\xampp\htdocs\invoicing_system\config.php on line 73
[02-May-2025 19:45:22 Asia/Baghdad] PHP Warning:  Constant MAX_FILE_SIZE already defined in C:\xampp\htdocs\invoicing_system\config.php on line 79
[02-May-2025 19:45:22 Asia/Baghdad] PHP Warning:  Constant ALLOWED_EXTENSIONS already defined in C:\xampp\htdocs\invoicing_system\config.php on line 80
[02-May-2025 19:45:22 Asia/Baghdad] PHP Parse error:  syntax error, unexpected token "<", expecting end of file in C:\xampp\htdocs\invoicing_system\database.php on line 6
[02-May-2025 19:45:22 Asia/Baghdad] PHP Warning:  Constant DB_HOST already defined in C:\xampp\htdocs\invoicing_system\config.php on line 61
[02-May-2025 19:45:22 Asia/Baghdad] PHP Warning:  Constant DB_USER already defined in C:\xampp\htdocs\invoicing_system\config.php on line 62
[02-May-2025 19:45:22 Asia/Baghdad] PHP Warning:  Constant DB_PASS already defined in C:\xampp\htdocs\invoicing_system\config.php on line 63
[02-May-2025 19:45:22 Asia/Baghdad] PHP Warning:  Constant DB_NAME already defined in C:\xampp\htdocs\invoicing_system\config.php on line 64
[02-May-2025 19:45:22 Asia/Baghdad] PHP Warning:  Constant SITE_NAME already defined in C:\xampp\htdocs\invoicing_system\config.php on line 68
[02-May-2025 19:45:22 Asia/Baghdad] PHP Warning:  Constant ROOT_PATH already defined in C:\xampp\htdocs\invoicing_system\config.php on line 73
[02-May-2025 19:45:22 Asia/Baghdad] PHP Warning:  Constant MAX_FILE_SIZE already defined in C:\xampp\htdocs\invoicing_system\config.php on line 79
[02-May-2025 19:45:22 Asia/Baghdad] PHP Warning:  Constant ALLOWED_EXTENSIONS already defined in C:\xampp\htdocs\invoicing_system\config.php on line 80
[02-May-2025 19:45:22 Asia/Baghdad] PHP Parse error:  syntax error, unexpected token "<", expecting end of file in C:\xampp\htdocs\invoicing_system\database.php on line 6
[02-May-2025 19:45:23 Asia/Baghdad] PHP Warning:  Constant DB_HOST already defined in C:\xampp\htdocs\invoicing_system\config.php on line 61
[02-May-2025 19:45:23 Asia/Baghdad] PHP Warning:  Constant DB_USER already defined in C:\xampp\htdocs\invoicing_system\config.php on line 62
[02-May-2025 19:45:23 Asia/Baghdad] PHP Warning:  Constant DB_PASS already defined in C:\xampp\htdocs\invoicing_system\config.php on line 63
[02-May-2025 19:45:23 Asia/Baghdad] PHP Warning:  Constant DB_NAME already defined in C:\xampp\htdocs\invoicing_system\config.php on line 64
[02-May-2025 19:45:23 Asia/Baghdad] PHP Warning:  Constant SITE_NAME already defined in C:\xampp\htdocs\invoicing_system\config.php on line 68
[02-May-2025 19:45:23 Asia/Baghdad] PHP Warning:  Constant ROOT_PATH already defined in C:\xampp\htdocs\invoicing_system\config.php on line 73
[02-May-2025 19:45:23 Asia/Baghdad] PHP Warning:  Constant MAX_FILE_SIZE already defined in C:\xampp\htdocs\invoicing_system\config.php on line 79
[02-May-2025 19:45:23 Asia/Baghdad] PHP Warning:  Constant ALLOWED_EXTENSIONS already defined in C:\xampp\htdocs\invoicing_system\config.php on line 80
[02-May-2025 19:45:23 Asia/Baghdad] PHP Parse error:  syntax error, unexpected token "<", expecting end of file in C:\xampp\htdocs\invoicing_system\database.php on line 6
[02-May-2025 19:45:23 Asia/Baghdad] PHP Warning:  Constant DB_HOST already defined in C:\xampp\htdocs\invoicing_system\config.php on line 61
[02-May-2025 19:45:23 Asia/Baghdad] PHP Warning:  Constant DB_USER already defined in C:\xampp\htdocs\invoicing_system\config.php on line 62
[02-May-2025 19:45:23 Asia/Baghdad] PHP Warning:  Constant DB_PASS already defined in C:\xampp\htdocs\invoicing_system\config.php on line 63
[02-May-2025 19:45:23 Asia/Baghdad] PHP Warning:  Constant DB_NAME already defined in C:\xampp\htdocs\invoicing_system\config.php on line 64
[02-May-2025 19:45:23 Asia/Baghdad] PHP Warning:  Constant SITE_NAME already defined in C:\xampp\htdocs\invoicing_system\config.php on line 68
[02-May-2025 19:45:23 Asia/Baghdad] PHP Warning:  Constant ROOT_PATH already defined in C:\xampp\htdocs\invoicing_system\config.php on line 73
[02-May-2025 19:45:23 Asia/Baghdad] PHP Warning:  Constant MAX_FILE_SIZE already defined in C:\xampp\htdocs\invoicing_system\config.php on line 79
[02-May-2025 19:45:23 Asia/Baghdad] PHP Warning:  Constant ALLOWED_EXTENSIONS already defined in C:\xampp\htdocs\invoicing_system\config.php on line 80
[02-May-2025 19:45:23 Asia/Baghdad] PHP Parse error:  syntax error, unexpected token "<", expecting end of file in C:\xampp\htdocs\invoicing_system\database.php on line 6
[02-May-2025 19:45:23 Asia/Baghdad] PHP Warning:  Constant DB_HOST already defined in C:\xampp\htdocs\invoicing_system\config.php on line 61
[02-May-2025 19:45:23 Asia/Baghdad] PHP Warning:  Constant DB_USER already defined in C:\xampp\htdocs\invoicing_system\config.php on line 62
[02-May-2025 19:45:23 Asia/Baghdad] PHP Warning:  Constant DB_PASS already defined in C:\xampp\htdocs\invoicing_system\config.php on line 63
[02-May-2025 19:45:23 Asia/Baghdad] PHP Warning:  Constant DB_NAME already defined in C:\xampp\htdocs\invoicing_system\config.php on line 64
[02-May-2025 19:45:23 Asia/Baghdad] PHP Warning:  Constant SITE_NAME already defined in C:\xampp\htdocs\invoicing_system\config.php on line 68
[02-May-2025 19:45:23 Asia/Baghdad] PHP Warning:  Constant ROOT_PATH already defined in C:\xampp\htdocs\invoicing_system\config.php on line 73
[02-May-2025 19:45:23 Asia/Baghdad] PHP Warning:  Constant MAX_FILE_SIZE already defined in C:\xampp\htdocs\invoicing_system\config.php on line 79
[02-May-2025 19:45:23 Asia/Baghdad] PHP Warning:  Constant ALLOWED_EXTENSIONS already defined in C:\xampp\htdocs\invoicing_system\config.php on line 80
[02-May-2025 19:45:23 Asia/Baghdad] PHP Parse error:  syntax error, unexpected token "<", expecting end of file in C:\xampp\htdocs\invoicing_system\database.php on line 6
[02-May-2025 19:45:23 Asia/Baghdad] PHP Warning:  Constant DB_HOST already defined in C:\xampp\htdocs\invoicing_system\config.php on line 61
[02-May-2025 19:45:23 Asia/Baghdad] PHP Warning:  Constant DB_USER already defined in C:\xampp\htdocs\invoicing_system\config.php on line 62
[02-May-2025 19:45:23 Asia/Baghdad] PHP Warning:  Constant DB_PASS already defined in C:\xampp\htdocs\invoicing_system\config.php on line 63
[02-May-2025 19:45:23 Asia/Baghdad] PHP Warning:  Constant DB_NAME already defined in C:\xampp\htdocs\invoicing_system\config.php on line 64
[02-May-2025 19:45:23 Asia/Baghdad] PHP Warning:  Constant SITE_NAME already defined in C:\xampp\htdocs\invoicing_system\config.php on line 68
[02-May-2025 19:45:23 Asia/Baghdad] PHP Warning:  Constant ROOT_PATH already defined in C:\xampp\htdocs\invoicing_system\config.php on line 73
[02-May-2025 19:45:23 Asia/Baghdad] PHP Warning:  Constant MAX_FILE_SIZE already defined in C:\xampp\htdocs\invoicing_system\config.php on line 79
[02-May-2025 19:45:23 Asia/Baghdad] PHP Warning:  Constant ALLOWED_EXTENSIONS already defined in C:\xampp\htdocs\invoicing_system\config.php on line 80
[02-May-2025 19:45:23 Asia/Baghdad] PHP Parse error:  syntax error, unexpected token "<", expecting end of file in C:\xampp\htdocs\invoicing_system\database.php on line 6
[02-May-2025 19:45:24 Asia/Baghdad] PHP Warning:  Constant DB_HOST already defined in C:\xampp\htdocs\invoicing_system\config.php on line 61
[02-May-2025 19:45:24 Asia/Baghdad] PHP Warning:  Constant DB_USER already defined in C:\xampp\htdocs\invoicing_system\config.php on line 62
[02-May-2025 19:45:24 Asia/Baghdad] PHP Warning:  Constant DB_PASS already defined in C:\xampp\htdocs\invoicing_system\config.php on line 63
[02-May-2025 19:45:24 Asia/Baghdad] PHP Warning:  Constant DB_NAME already defined in C:\xampp\htdocs\invoicing_system\config.php on line 64
[02-May-2025 19:45:24 Asia/Baghdad] PHP Warning:  Constant SITE_NAME already defined in C:\xampp\htdocs\invoicing_system\config.php on line 68
[02-May-2025 19:45:24 Asia/Baghdad] PHP Warning:  Constant ROOT_PATH already defined in C:\xampp\htdocs\invoicing_system\config.php on line 73
[02-May-2025 19:45:24 Asia/Baghdad] PHP Warning:  Constant MAX_FILE_SIZE already defined in C:\xampp\htdocs\invoicing_system\config.php on line 79
[02-May-2025 19:45:24 Asia/Baghdad] PHP Warning:  Constant ALLOWED_EXTENSIONS already defined in C:\xampp\htdocs\invoicing_system\config.php on line 80
[02-May-2025 19:45:24 Asia/Baghdad] PHP Parse error:  syntax error, unexpected token "<", expecting end of file in C:\xampp\htdocs\invoicing_system\database.php on line 6
[02-May-2025 19:45:24 Asia/Baghdad] PHP Warning:  Constant DB_HOST already defined in C:\xampp\htdocs\invoicing_system\config.php on line 61
[02-May-2025 19:45:24 Asia/Baghdad] PHP Warning:  Constant DB_USER already defined in C:\xampp\htdocs\invoicing_system\config.php on line 62
[02-May-2025 19:45:24 Asia/Baghdad] PHP Warning:  Constant DB_PASS already defined in C:\xampp\htdocs\invoicing_system\config.php on line 63
[02-May-2025 19:45:24 Asia/Baghdad] PHP Warning:  Constant DB_NAME already defined in C:\xampp\htdocs\invoicing_system\config.php on line 64
[02-May-2025 19:45:24 Asia/Baghdad] PHP Warning:  Constant SITE_NAME already defined in C:\xampp\htdocs\invoicing_system\config.php on line 68
[02-May-2025 19:45:24 Asia/Baghdad] PHP Warning:  Constant ROOT_PATH already defined in C:\xampp\htdocs\invoicing_system\config.php on line 73
[02-May-2025 19:45:24 Asia/Baghdad] PHP Warning:  Constant MAX_FILE_SIZE already defined in C:\xampp\htdocs\invoicing_system\config.php on line 79
[02-May-2025 19:45:24 Asia/Baghdad] PHP Warning:  Constant ALLOWED_EXTENSIONS already defined in C:\xampp\htdocs\invoicing_system\config.php on line 80
[02-May-2025 19:45:24 Asia/Baghdad] PHP Parse error:  syntax error, unexpected token "<", expecting end of file in C:\xampp\htdocs\invoicing_system\database.php on line 6
[02-May-2025 19:45:24 Asia/Baghdad] PHP Warning:  Constant DB_HOST already defined in C:\xampp\htdocs\invoicing_system\config.php on line 61
[02-May-2025 19:45:24 Asia/Baghdad] PHP Warning:  Constant DB_USER already defined in C:\xampp\htdocs\invoicing_system\config.php on line 62
[02-May-2025 19:45:24 Asia/Baghdad] PHP Warning:  Constant DB_PASS already defined in C:\xampp\htdocs\invoicing_system\config.php on line 63
[02-May-2025 19:45:24 Asia/Baghdad] PHP Warning:  Constant DB_NAME already defined in C:\xampp\htdocs\invoicing_system\config.php on line 64
[02-May-2025 19:45:24 Asia/Baghdad] PHP Warning:  Constant SITE_NAME already defined in C:\xampp\htdocs\invoicing_system\config.php on line 68
[02-May-2025 19:45:24 Asia/Baghdad] PHP Warning:  Constant ROOT_PATH already defined in C:\xampp\htdocs\invoicing_system\config.php on line 73
[02-May-2025 19:45:24 Asia/Baghdad] PHP Warning:  Constant MAX_FILE_SIZE already defined in C:\xampp\htdocs\invoicing_system\config.php on line 79
[02-May-2025 19:45:24 Asia/Baghdad] PHP Warning:  Constant ALLOWED_EXTENSIONS already defined in C:\xampp\htdocs\invoicing_system\config.php on line 80
[02-May-2025 19:45:24 Asia/Baghdad] PHP Parse error:  syntax error, unexpected token "<", expecting end of file in C:\xampp\htdocs\invoicing_system\database.php on line 6
[02-May-2025 19:45:24 Asia/Baghdad] PHP Warning:  Constant DB_HOST already defined in C:\xampp\htdocs\invoicing_system\config.php on line 61
[02-May-2025 19:45:24 Asia/Baghdad] PHP Warning:  Constant DB_USER already defined in C:\xampp\htdocs\invoicing_system\config.php on line 62
[02-May-2025 19:45:24 Asia/Baghdad] PHP Warning:  Constant DB_PASS already defined in C:\xampp\htdocs\invoicing_system\config.php on line 63
[02-May-2025 19:45:24 Asia/Baghdad] PHP Warning:  Constant DB_NAME already defined in C:\xampp\htdocs\invoicing_system\config.php on line 64
[02-May-2025 19:45:24 Asia/Baghdad] PHP Warning:  Constant SITE_NAME already defined in C:\xampp\htdocs\invoicing_system\config.php on line 68
[02-May-2025 19:45:24 Asia/Baghdad] PHP Warning:  Constant ROOT_PATH already defined in C:\xampp\htdocs\invoicing_system\config.php on line 73
[02-May-2025 19:45:24 Asia/Baghdad] PHP Warning:  Constant MAX_FILE_SIZE already defined in C:\xampp\htdocs\invoicing_system\config.php on line 79
[02-May-2025 19:45:24 Asia/Baghdad] PHP Warning:  Constant ALLOWED_EXTENSIONS already defined in C:\xampp\htdocs\invoicing_system\config.php on line 80
[02-May-2025 19:45:24 Asia/Baghdad] PHP Parse error:  syntax error, unexpected token "<", expecting end of file in C:\xampp\htdocs\invoicing_system\database.php on line 6
[02-May-2025 19:45:24 Asia/Baghdad] PHP Warning:  Constant DB_HOST already defined in C:\xampp\htdocs\invoicing_system\config.php on line 61
[02-May-2025 19:45:24 Asia/Baghdad] PHP Warning:  Constant DB_USER already defined in C:\xampp\htdocs\invoicing_system\config.php on line 62
[02-May-2025 19:45:24 Asia/Baghdad] PHP Warning:  Constant DB_PASS already defined in C:\xampp\htdocs\invoicing_system\config.php on line 63
[02-May-2025 19:45:24 Asia/Baghdad] PHP Warning:  Constant DB_NAME already defined in C:\xampp\htdocs\invoicing_system\config.php on line 64
[02-May-2025 19:45:24 Asia/Baghdad] PHP Warning:  Constant SITE_NAME already defined in C:\xampp\htdocs\invoicing_system\config.php on line 68
[02-May-2025 19:45:24 Asia/Baghdad] PHP Warning:  Constant ROOT_PATH already defined in C:\xampp\htdocs\invoicing_system\config.php on line 73
[02-May-2025 19:45:24 Asia/Baghdad] PHP Warning:  Constant MAX_FILE_SIZE already defined in C:\xampp\htdocs\invoicing_system\config.php on line 79
[02-May-2025 19:45:24 Asia/Baghdad] PHP Warning:  Constant ALLOWED_EXTENSIONS already defined in C:\xampp\htdocs\invoicing_system\config.php on line 80
[02-May-2025 19:45:24 Asia/Baghdad] PHP Parse error:  syntax error, unexpected token "<", expecting end of file in C:\xampp\htdocs\invoicing_system\database.php on line 6
[02-May-2025 19:45:25 Asia/Baghdad] PHP Warning:  Constant DB_HOST already defined in C:\xampp\htdocs\invoicing_system\config.php on line 61
[02-May-2025 19:45:25 Asia/Baghdad] PHP Warning:  Constant DB_USER already defined in C:\xampp\htdocs\invoicing_system\config.php on line 62
[02-May-2025 19:45:25 Asia/Baghdad] PHP Warning:  Constant DB_PASS already defined in C:\xampp\htdocs\invoicing_system\config.php on line 63
[02-May-2025 19:45:25 Asia/Baghdad] PHP Warning:  Constant DB_NAME already defined in C:\xampp\htdocs\invoicing_system\config.php on line 64
[02-May-2025 19:45:25 Asia/Baghdad] PHP Warning:  Constant SITE_NAME already defined in C:\xampp\htdocs\invoicing_system\config.php on line 68
[02-May-2025 19:45:25 Asia/Baghdad] PHP Warning:  Constant ROOT_PATH already defined in C:\xampp\htdocs\invoicing_system\config.php on line 73
[02-May-2025 19:45:25 Asia/Baghdad] PHP Warning:  Constant MAX_FILE_SIZE already defined in C:\xampp\htdocs\invoicing_system\config.php on line 79
[02-May-2025 19:45:25 Asia/Baghdad] PHP Warning:  Constant ALLOWED_EXTENSIONS already defined in C:\xampp\htdocs\invoicing_system\config.php on line 80
[02-May-2025 19:45:25 Asia/Baghdad] PHP Parse error:  syntax error, unexpected token "<", expecting end of file in C:\xampp\htdocs\invoicing_system\database.php on line 6
[02-May-2025 19:45:25 Asia/Baghdad] PHP Warning:  Constant DB_HOST already defined in C:\xampp\htdocs\invoicing_system\config.php on line 61
[02-May-2025 19:45:25 Asia/Baghdad] PHP Warning:  Constant DB_USER already defined in C:\xampp\htdocs\invoicing_system\config.php on line 62
[02-May-2025 19:45:25 Asia/Baghdad] PHP Warning:  Constant DB_PASS already defined in C:\xampp\htdocs\invoicing_system\config.php on line 63
[02-May-2025 19:45:25 Asia/Baghdad] PHP Warning:  Constant DB_NAME already defined in C:\xampp\htdocs\invoicing_system\config.php on line 64
[02-May-2025 19:45:25 Asia/Baghdad] PHP Warning:  Constant SITE_NAME already defined in C:\xampp\htdocs\invoicing_system\config.php on line 68
[02-May-2025 19:45:25 Asia/Baghdad] PHP Warning:  Constant ROOT_PATH already defined in C:\xampp\htdocs\invoicing_system\config.php on line 73
[02-May-2025 19:45:25 Asia/Baghdad] PHP Warning:  Constant MAX_FILE_SIZE already defined in C:\xampp\htdocs\invoicing_system\config.php on line 79
[02-May-2025 19:45:25 Asia/Baghdad] PHP Warning:  Constant ALLOWED_EXTENSIONS already defined in C:\xampp\htdocs\invoicing_system\config.php on line 80
[02-May-2025 19:45:25 Asia/Baghdad] PHP Parse error:  syntax error, unexpected token "<", expecting end of file in C:\xampp\htdocs\invoicing_system\database.php on line 6
[02-May-2025 19:45:25 Asia/Baghdad] PHP Warning:  Constant DB_HOST already defined in C:\xampp\htdocs\invoicing_system\config.php on line 61
[02-May-2025 19:45:25 Asia/Baghdad] PHP Warning:  Constant DB_USER already defined in C:\xampp\htdocs\invoicing_system\config.php on line 62
[02-May-2025 19:45:25 Asia/Baghdad] PHP Warning:  Constant DB_PASS already defined in C:\xampp\htdocs\invoicing_system\config.php on line 63
[02-May-2025 19:45:25 Asia/Baghdad] PHP Warning:  Constant DB_NAME already defined in C:\xampp\htdocs\invoicing_system\config.php on line 64
[02-May-2025 19:45:25 Asia/Baghdad] PHP Warning:  Constant SITE_NAME already defined in C:\xampp\htdocs\invoicing_system\config.php on line 68
[02-May-2025 19:45:25 Asia/Baghdad] PHP Warning:  Constant ROOT_PATH already defined in C:\xampp\htdocs\invoicing_system\config.php on line 73
[02-May-2025 19:45:25 Asia/Baghdad] PHP Warning:  Constant MAX_FILE_SIZE already defined in C:\xampp\htdocs\invoicing_system\config.php on line 79
[02-May-2025 19:45:25 Asia/Baghdad] PHP Warning:  Constant ALLOWED_EXTENSIONS already defined in C:\xampp\htdocs\invoicing_system\config.php on line 80
[02-May-2025 19:45:25 Asia/Baghdad] PHP Parse error:  syntax error, unexpected token "<", expecting end of file in C:\xampp\htdocs\invoicing_system\database.php on line 6
[02-May-2025 19:45:25 Asia/Baghdad] PHP Warning:  Constant DB_HOST already defined in C:\xampp\htdocs\invoicing_system\config.php on line 61
[02-May-2025 19:45:25 Asia/Baghdad] PHP Warning:  Constant DB_USER already defined in C:\xampp\htdocs\invoicing_system\config.php on line 62
[02-May-2025 19:45:25 Asia/Baghdad] PHP Warning:  Constant DB_PASS already defined in C:\xampp\htdocs\invoicing_system\config.php on line 63
[02-May-2025 19:45:25 Asia/Baghdad] PHP Warning:  Constant DB_NAME already defined in C:\xampp\htdocs\invoicing_system\config.php on line 64
[02-May-2025 19:45:25 Asia/Baghdad] PHP Warning:  Constant SITE_NAME already defined in C:\xampp\htdocs\invoicing_system\config.php on line 68
[02-May-2025 19:45:25 Asia/Baghdad] PHP Warning:  Constant ROOT_PATH already defined in C:\xampp\htdocs\invoicing_system\config.php on line 73
[02-May-2025 19:45:25 Asia/Baghdad] PHP Warning:  Constant MAX_FILE_SIZE already defined in C:\xampp\htdocs\invoicing_system\config.php on line 79
[02-May-2025 19:45:25 Asia/Baghdad] PHP Warning:  Constant ALLOWED_EXTENSIONS already defined in C:\xampp\htdocs\invoicing_system\config.php on line 80
[02-May-2025 19:45:25 Asia/Baghdad] PHP Parse error:  syntax error, unexpected token "<", expecting end of file in C:\xampp\htdocs\invoicing_system\database.php on line 6
[02-May-2025 19:45:25 Asia/Baghdad] PHP Warning:  Constant DB_HOST already defined in C:\xampp\htdocs\invoicing_system\config.php on line 61
[02-May-2025 19:45:25 Asia/Baghdad] PHP Warning:  Constant DB_USER already defined in C:\xampp\htdocs\invoicing_system\config.php on line 62
[02-May-2025 19:45:25 Asia/Baghdad] PHP Warning:  Constant DB_PASS already defined in C:\xampp\htdocs\invoicing_system\config.php on line 63
[02-May-2025 19:45:25 Asia/Baghdad] PHP Warning:  Constant DB_NAME already defined in C:\xampp\htdocs\invoicing_system\config.php on line 64
[02-May-2025 19:45:25 Asia/Baghdad] PHP Warning:  Constant SITE_NAME already defined in C:\xampp\htdocs\invoicing_system\config.php on line 68
[02-May-2025 19:45:25 Asia/Baghdad] PHP Warning:  Constant ROOT_PATH already defined in C:\xampp\htdocs\invoicing_system\config.php on line 73
[02-May-2025 19:45:25 Asia/Baghdad] PHP Warning:  Constant MAX_FILE_SIZE already defined in C:\xampp\htdocs\invoicing_system\config.php on line 79
[02-May-2025 19:45:25 Asia/Baghdad] PHP Warning:  Constant ALLOWED_EXTENSIONS already defined in C:\xampp\htdocs\invoicing_system\config.php on line 80
[02-May-2025 19:45:25 Asia/Baghdad] PHP Parse error:  syntax error, unexpected token "<", expecting end of file in C:\xampp\htdocs\invoicing_system\database.php on line 6
[02-May-2025 19:45:25 Asia/Baghdad] PHP Warning:  Constant DB_HOST already defined in C:\xampp\htdocs\invoicing_system\config.php on line 61
[02-May-2025 19:45:25 Asia/Baghdad] PHP Warning:  Constant DB_USER already defined in C:\xampp\htdocs\invoicing_system\config.php on line 62
[02-May-2025 19:45:25 Asia/Baghdad] PHP Warning:  Constant DB_PASS already defined in C:\xampp\htdocs\invoicing_system\config.php on line 63
[02-May-2025 19:45:25 Asia/Baghdad] PHP Warning:  Constant DB_NAME already defined in C:\xampp\htdocs\invoicing_system\config.php on line 64
[02-May-2025 19:45:25 Asia/Baghdad] PHP Warning:  Constant SITE_NAME already defined in C:\xampp\htdocs\invoicing_system\config.php on line 68
[02-May-2025 19:45:25 Asia/Baghdad] PHP Warning:  Constant ROOT_PATH already defined in C:\xampp\htdocs\invoicing_system\config.php on line 73
[02-May-2025 19:45:25 Asia/Baghdad] PHP Warning:  Constant MAX_FILE_SIZE already defined in C:\xampp\htdocs\invoicing_system\config.php on line 79
[02-May-2025 19:45:25 Asia/Baghdad] PHP Warning:  Constant ALLOWED_EXTENSIONS already defined in C:\xampp\htdocs\invoicing_system\config.php on line 80
[02-May-2025 19:45:25 Asia/Baghdad] PHP Parse error:  syntax error, unexpected token "<", expecting end of file in C:\xampp\htdocs\invoicing_system\database.php on line 6
[02-May-2025 19:45:26 Asia/Baghdad] PHP Warning:  Constant DB_HOST already defined in C:\xampp\htdocs\invoicing_system\config.php on line 61
[02-May-2025 19:45:26 Asia/Baghdad] PHP Warning:  Constant DB_USER already defined in C:\xampp\htdocs\invoicing_system\config.php on line 62
[02-May-2025 19:45:26 Asia/Baghdad] PHP Warning:  Constant DB_PASS already defined in C:\xampp\htdocs\invoicing_system\config.php on line 63
[02-May-2025 19:45:26 Asia/Baghdad] PHP Warning:  Constant DB_NAME already defined in C:\xampp\htdocs\invoicing_system\config.php on line 64
[02-May-2025 19:45:26 Asia/Baghdad] PHP Warning:  Constant SITE_NAME already defined in C:\xampp\htdocs\invoicing_system\config.php on line 68
[02-May-2025 19:45:26 Asia/Baghdad] PHP Warning:  Constant ROOT_PATH already defined in C:\xampp\htdocs\invoicing_system\config.php on line 73
[02-May-2025 19:45:26 Asia/Baghdad] PHP Warning:  Constant MAX_FILE_SIZE already defined in C:\xampp\htdocs\invoicing_system\config.php on line 79
[02-May-2025 19:45:26 Asia/Baghdad] PHP Warning:  Constant ALLOWED_EXTENSIONS already defined in C:\xampp\htdocs\invoicing_system\config.php on line 80
[02-May-2025 19:45:26 Asia/Baghdad] PHP Parse error:  syntax error, unexpected token "<", expecting end of file in C:\xampp\htdocs\invoicing_system\database.php on line 6
[02-May-2025 19:45:26 Asia/Baghdad] PHP Warning:  Constant DB_HOST already defined in C:\xampp\htdocs\invoicing_system\config.php on line 61
[02-May-2025 19:45:26 Asia/Baghdad] PHP Warning:  Constant DB_USER already defined in C:\xampp\htdocs\invoicing_system\config.php on line 62
[02-May-2025 19:45:26 Asia/Baghdad] PHP Warning:  Constant DB_PASS already defined in C:\xampp\htdocs\invoicing_system\config.php on line 63
[02-May-2025 19:45:26 Asia/Baghdad] PHP Warning:  Constant DB_NAME already defined in C:\xampp\htdocs\invoicing_system\config.php on line 64
[02-May-2025 19:45:26 Asia/Baghdad] PHP Warning:  Constant SITE_NAME already defined in C:\xampp\htdocs\invoicing_system\config.php on line 68
[02-May-2025 19:45:26 Asia/Baghdad] PHP Warning:  Constant ROOT_PATH already defined in C:\xampp\htdocs\invoicing_system\config.php on line 73
[02-May-2025 19:45:26 Asia/Baghdad] PHP Warning:  Constant MAX_FILE_SIZE already defined in C:\xampp\htdocs\invoicing_system\config.php on line 79
[02-May-2025 19:45:26 Asia/Baghdad] PHP Warning:  Constant ALLOWED_EXTENSIONS already defined in C:\xampp\htdocs\invoicing_system\config.php on line 80
[02-May-2025 19:45:26 Asia/Baghdad] PHP Parse error:  syntax error, unexpected token "<", expecting end of file in C:\xampp\htdocs\invoicing_system\database.php on line 6
[02-May-2025 19:45:26 Asia/Baghdad] PHP Warning:  Constant DB_HOST already defined in C:\xampp\htdocs\invoicing_system\config.php on line 61
[02-May-2025 19:45:26 Asia/Baghdad] PHP Warning:  Constant DB_USER already defined in C:\xampp\htdocs\invoicing_system\config.php on line 62
[02-May-2025 19:45:26 Asia/Baghdad] PHP Warning:  Constant DB_PASS already defined in C:\xampp\htdocs\invoicing_system\config.php on line 63
[02-May-2025 19:45:26 Asia/Baghdad] PHP Warning:  Constant DB_NAME already defined in C:\xampp\htdocs\invoicing_system\config.php on line 64
[02-May-2025 19:45:26 Asia/Baghdad] PHP Warning:  Constant SITE_NAME already defined in C:\xampp\htdocs\invoicing_system\config.php on line 68
[02-May-2025 19:45:26 Asia/Baghdad] PHP Warning:  Constant ROOT_PATH already defined in C:\xampp\htdocs\invoicing_system\config.php on line 73
[02-May-2025 19:45:26 Asia/Baghdad] PHP Warning:  Constant MAX_FILE_SIZE already defined in C:\xampp\htdocs\invoicing_system\config.php on line 79
[02-May-2025 19:45:26 Asia/Baghdad] PHP Warning:  Constant ALLOWED_EXTENSIONS already defined in C:\xampp\htdocs\invoicing_system\config.php on line 80
[02-May-2025 19:45:26 Asia/Baghdad] PHP Parse error:  syntax error, unexpected token "<", expecting end of file in C:\xampp\htdocs\invoicing_system\database.php on line 6
[02-May-2025 19:45:26 Asia/Baghdad] PHP Warning:  Constant DB_HOST already defined in C:\xampp\htdocs\invoicing_system\config.php on line 61
[02-May-2025 19:45:26 Asia/Baghdad] PHP Warning:  Constant DB_USER already defined in C:\xampp\htdocs\invoicing_system\config.php on line 62
[02-May-2025 19:45:26 Asia/Baghdad] PHP Warning:  Constant DB_PASS already defined in C:\xampp\htdocs\invoicing_system\config.php on line 63
[02-May-2025 19:45:26 Asia/Baghdad] PHP Warning:  Constant DB_NAME already defined in C:\xampp\htdocs\invoicing_system\config.php on line 64
[02-May-2025 19:45:26 Asia/Baghdad] PHP Warning:  Constant SITE_NAME already defined in C:\xampp\htdocs\invoicing_system\config.php on line 68
[02-May-2025 19:45:26 Asia/Baghdad] PHP Warning:  Constant ROOT_PATH already defined in C:\xampp\htdocs\invoicing_system\config.php on line 73
[02-May-2025 19:45:26 Asia/Baghdad] PHP Warning:  Constant MAX_FILE_SIZE already defined in C:\xampp\htdocs\invoicing_system\config.php on line 79
[02-May-2025 19:45:26 Asia/Baghdad] PHP Warning:  Constant ALLOWED_EXTENSIONS already defined in C:\xampp\htdocs\invoicing_system\config.php on line 80
[02-May-2025 19:45:26 Asia/Baghdad] PHP Parse error:  syntax error, unexpected token "<", expecting end of file in C:\xampp\htdocs\invoicing_system\database.php on line 6
[02-May-2025 19:45:26 Asia/Baghdad] PHP Warning:  Constant DB_HOST already defined in C:\xampp\htdocs\invoicing_system\config.php on line 61
[02-May-2025 19:45:26 Asia/Baghdad] PHP Warning:  Constant DB_USER already defined in C:\xampp\htdocs\invoicing_system\config.php on line 62
[02-May-2025 19:45:26 Asia/Baghdad] PHP Warning:  Constant DB_PASS already defined in C:\xampp\htdocs\invoicing_system\config.php on line 63
[02-May-2025 19:45:26 Asia/Baghdad] PHP Warning:  Constant DB_NAME already defined in C:\xampp\htdocs\invoicing_system\config.php on line 64
[02-May-2025 19:45:26 Asia/Baghdad] PHP Warning:  Constant SITE_NAME already defined in C:\xampp\htdocs\invoicing_system\config.php on line 68
[02-May-2025 19:45:26 Asia/Baghdad] PHP Warning:  Constant ROOT_PATH already defined in C:\xampp\htdocs\invoicing_system\config.php on line 73
[02-May-2025 19:45:26 Asia/Baghdad] PHP Warning:  Constant MAX_FILE_SIZE already defined in C:\xampp\htdocs\invoicing_system\config.php on line 79
[02-May-2025 19:45:26 Asia/Baghdad] PHP Warning:  Constant ALLOWED_EXTENSIONS already defined in C:\xampp\htdocs\invoicing_system\config.php on line 80
[02-May-2025 19:45:26 Asia/Baghdad] PHP Parse error:  syntax error, unexpected token "<", expecting end of file in C:\xampp\htdocs\invoicing_system\database.php on line 6
[02-May-2025 19:45:27 Asia/Baghdad] PHP Warning:  Constant DB_HOST already defined in C:\xampp\htdocs\invoicing_system\config.php on line 61
[02-May-2025 19:45:27 Asia/Baghdad] PHP Warning:  Constant DB_USER already defined in C:\xampp\htdocs\invoicing_system\config.php on line 62
[02-May-2025 19:45:27 Asia/Baghdad] PHP Warning:  Constant DB_PASS already defined in C:\xampp\htdocs\invoicing_system\config.php on line 63
[02-May-2025 19:45:27 Asia/Baghdad] PHP Warning:  Constant DB_NAME already defined in C:\xampp\htdocs\invoicing_system\config.php on line 64
[02-May-2025 19:45:27 Asia/Baghdad] PHP Warning:  Constant SITE_NAME already defined in C:\xampp\htdocs\invoicing_system\config.php on line 68
[02-May-2025 19:45:27 Asia/Baghdad] PHP Warning:  Constant ROOT_PATH already defined in C:\xampp\htdocs\invoicing_system\config.php on line 73
[02-May-2025 19:45:27 Asia/Baghdad] PHP Warning:  Constant MAX_FILE_SIZE already defined in C:\xampp\htdocs\invoicing_system\config.php on line 79
[02-May-2025 19:45:27 Asia/Baghdad] PHP Warning:  Constant ALLOWED_EXTENSIONS already defined in C:\xampp\htdocs\invoicing_system\config.php on line 80
[02-May-2025 19:45:27 Asia/Baghdad] PHP Parse error:  syntax error, unexpected token "<", expecting end of file in C:\xampp\htdocs\invoicing_system\database.php on line 6
[02-May-2025 19:45:27 Asia/Baghdad] PHP Warning:  Constant DB_HOST already defined in C:\xampp\htdocs\invoicing_system\config.php on line 61
[02-May-2025 19:45:27 Asia/Baghdad] PHP Warning:  Constant DB_USER already defined in C:\xampp\htdocs\invoicing_system\config.php on line 62
[02-May-2025 19:45:27 Asia/Baghdad] PHP Warning:  Constant DB_PASS already defined in C:\xampp\htdocs\invoicing_system\config.php on line 63
[02-May-2025 19:45:27 Asia/Baghdad] PHP Warning:  Constant DB_NAME already defined in C:\xampp\htdocs\invoicing_system\config.php on line 64
[02-May-2025 19:45:27 Asia/Baghdad] PHP Warning:  Constant SITE_NAME already defined in C:\xampp\htdocs\invoicing_system\config.php on line 68
[02-May-2025 19:45:27 Asia/Baghdad] PHP Warning:  Constant ROOT_PATH already defined in C:\xampp\htdocs\invoicing_system\config.php on line 73
[02-May-2025 19:45:27 Asia/Baghdad] PHP Warning:  Constant MAX_FILE_SIZE already defined in C:\xampp\htdocs\invoicing_system\config.php on line 79
[02-May-2025 19:45:27 Asia/Baghdad] PHP Warning:  Constant ALLOWED_EXTENSIONS already defined in C:\xampp\htdocs\invoicing_system\config.php on line 80
[02-May-2025 19:45:27 Asia/Baghdad] PHP Parse error:  syntax error, unexpected token "<", expecting end of file in C:\xampp\htdocs\invoicing_system\database.php on line 6
[02-May-2025 19:45:27 Asia/Baghdad] PHP Warning:  Constant DB_HOST already defined in C:\xampp\htdocs\invoicing_system\config.php on line 61
[02-May-2025 19:45:27 Asia/Baghdad] PHP Warning:  Constant DB_USER already defined in C:\xampp\htdocs\invoicing_system\config.php on line 62
[02-May-2025 19:45:27 Asia/Baghdad] PHP Warning:  Constant DB_PASS already defined in C:\xampp\htdocs\invoicing_system\config.php on line 63
[02-May-2025 19:45:27 Asia/Baghdad] PHP Warning:  Constant DB_NAME already defined in C:\xampp\htdocs\invoicing_system\config.php on line 64
[02-May-2025 19:45:27 Asia/Baghdad] PHP Warning:  Constant SITE_NAME already defined in C:\xampp\htdocs\invoicing_system\config.php on line 68
[02-May-2025 19:45:27 Asia/Baghdad] PHP Warning:  Constant ROOT_PATH already defined in C:\xampp\htdocs\invoicing_system\config.php on line 73
[02-May-2025 19:45:27 Asia/Baghdad] PHP Warning:  Constant MAX_FILE_SIZE already defined in C:\xampp\htdocs\invoicing_system\config.php on line 79
[02-May-2025 19:45:27 Asia/Baghdad] PHP Warning:  Constant ALLOWED_EXTENSIONS already defined in C:\xampp\htdocs\invoicing_system\config.php on line 80
[02-May-2025 19:45:27 Asia/Baghdad] PHP Parse error:  syntax error, unexpected token "<", expecting end of file in C:\xampp\htdocs\invoicing_system\database.php on line 6
[02-May-2025 19:45:27 Asia/Baghdad] PHP Warning:  Constant DB_HOST already defined in C:\xampp\htdocs\invoicing_system\config.php on line 61
[02-May-2025 19:45:27 Asia/Baghdad] PHP Warning:  Constant DB_USER already defined in C:\xampp\htdocs\invoicing_system\config.php on line 62
[02-May-2025 19:45:27 Asia/Baghdad] PHP Warning:  Constant DB_PASS already defined in C:\xampp\htdocs\invoicing_system\config.php on line 63
[02-May-2025 19:45:27 Asia/Baghdad] PHP Warning:  Constant DB_NAME already defined in C:\xampp\htdocs\invoicing_system\config.php on line 64
[02-May-2025 19:45:27 Asia/Baghdad] PHP Warning:  Constant SITE_NAME already defined in C:\xampp\htdocs\invoicing_system\config.php on line 68
[02-May-2025 19:45:27 Asia/Baghdad] PHP Warning:  Constant ROOT_PATH already defined in C:\xampp\htdocs\invoicing_system\config.php on line 73
[02-May-2025 19:45:27 Asia/Baghdad] PHP Warning:  Constant MAX_FILE_SIZE already defined in C:\xampp\htdocs\invoicing_system\config.php on line 79
[02-May-2025 19:45:27 Asia/Baghdad] PHP Warning:  Constant ALLOWED_EXTENSIONS already defined in C:\xampp\htdocs\invoicing_system\config.php on line 80
[02-May-2025 19:45:27 Asia/Baghdad] PHP Parse error:  syntax error, unexpected token "<", expecting end of file in C:\xampp\htdocs\invoicing_system\database.php on line 6
[02-May-2025 19:45:27 Asia/Baghdad] PHP Warning:  Constant DB_HOST already defined in C:\xampp\htdocs\invoicing_system\config.php on line 61
[02-May-2025 19:45:27 Asia/Baghdad] PHP Warning:  Constant DB_USER already defined in C:\xampp\htdocs\invoicing_system\config.php on line 62
[02-May-2025 19:45:27 Asia/Baghdad] PHP Warning:  Constant DB_PASS already defined in C:\xampp\htdocs\invoicing_system\config.php on line 63
[02-May-2025 19:45:27 Asia/Baghdad] PHP Warning:  Constant DB_NAME already defined in C:\xampp\htdocs\invoicing_system\config.php on line 64
[02-May-2025 19:45:27 Asia/Baghdad] PHP Warning:  Constant SITE_NAME already defined in C:\xampp\htdocs\invoicing_system\config.php on line 68
[02-May-2025 19:45:27 Asia/Baghdad] PHP Warning:  Constant ROOT_PATH already defined in C:\xampp\htdocs\invoicing_system\config.php on line 73
[02-May-2025 19:45:27 Asia/Baghdad] PHP Warning:  Constant MAX_FILE_SIZE already defined in C:\xampp\htdocs\invoicing_system\config.php on line 79
[02-May-2025 19:45:27 Asia/Baghdad] PHP Warning:  Constant ALLOWED_EXTENSIONS already defined in C:\xampp\htdocs\invoicing_system\config.php on line 80
[02-May-2025 19:45:27 Asia/Baghdad] PHP Parse error:  syntax error, unexpected token "<", expecting end of file in C:\xampp\htdocs\invoicing_system\database.php on line 6
[02-May-2025 19:45:57 Asia/Baghdad] PHP Warning:  Constant DB_HOST already defined in C:\xampp\htdocs\invoicing_system\config.php on line 63
[02-May-2025 19:45:57 Asia/Baghdad] PHP Warning:  Constant DB_USER already defined in C:\xampp\htdocs\invoicing_system\config.php on line 64
[02-May-2025 19:45:57 Asia/Baghdad] PHP Warning:  Constant DB_PASS already defined in C:\xampp\htdocs\invoicing_system\config.php on line 65
[02-May-2025 19:45:57 Asia/Baghdad] PHP Warning:  Constant DB_NAME already defined in C:\xampp\htdocs\invoicing_system\config.php on line 66
[02-May-2025 19:45:57 Asia/Baghdad] PHP Warning:  Constant SITE_NAME already defined in C:\xampp\htdocs\invoicing_system\config.php on line 70
[02-May-2025 19:45:57 Asia/Baghdad] PHP Warning:  Constant ROOT_PATH already defined in C:\xampp\htdocs\invoicing_system\config.php on line 75
[02-May-2025 19:45:57 Asia/Baghdad] PHP Warning:  Constant MAX_FILE_SIZE already defined in C:\xampp\htdocs\invoicing_system\config.php on line 81
[02-May-2025 19:45:57 Asia/Baghdad] PHP Warning:  Constant ALLOWED_EXTENSIONS already defined in C:\xampp\htdocs\invoicing_system\config.php on line 82
[02-May-2025 19:45:57 Asia/Baghdad] PHP Parse error:  syntax error, unexpected token "<", expecting end of file in C:\xampp\htdocs\invoicing_system\database.php on line 6
[02-May-2025 19:45:58 Asia/Baghdad] PHP Warning:  Constant DB_HOST already defined in C:\xampp\htdocs\invoicing_system\config.php on line 63
[02-May-2025 19:45:58 Asia/Baghdad] PHP Warning:  Constant DB_USER already defined in C:\xampp\htdocs\invoicing_system\config.php on line 64
[02-May-2025 19:45:58 Asia/Baghdad] PHP Warning:  Constant DB_PASS already defined in C:\xampp\htdocs\invoicing_system\config.php on line 65
[02-May-2025 19:45:58 Asia/Baghdad] PHP Warning:  Constant DB_NAME already defined in C:\xampp\htdocs\invoicing_system\config.php on line 66
[02-May-2025 19:45:58 Asia/Baghdad] PHP Warning:  Constant SITE_NAME already defined in C:\xampp\htdocs\invoicing_system\config.php on line 70
[02-May-2025 19:45:58 Asia/Baghdad] PHP Warning:  Constant ROOT_PATH already defined in C:\xampp\htdocs\invoicing_system\config.php on line 75
[02-May-2025 19:45:58 Asia/Baghdad] PHP Warning:  Constant MAX_FILE_SIZE already defined in C:\xampp\htdocs\invoicing_system\config.php on line 81
[02-May-2025 19:45:58 Asia/Baghdad] PHP Warning:  Constant ALLOWED_EXTENSIONS already defined in C:\xampp\htdocs\invoicing_system\config.php on line 82
[02-May-2025 19:45:58 Asia/Baghdad] PHP Parse error:  syntax error, unexpected token "<", expecting end of file in C:\xampp\htdocs\invoicing_system\database.php on line 6
[02-May-2025 19:46:34 Asia/Baghdad] PHP Warning:  Constant DB_HOST already defined in C:\xampp\htdocs\invoicing_system\config.php on line 63
[02-May-2025 19:46:34 Asia/Baghdad] PHP Warning:  Constant DB_USER already defined in C:\xampp\htdocs\invoicing_system\config.php on line 64
[02-May-2025 19:46:34 Asia/Baghdad] PHP Warning:  Constant DB_PASS already defined in C:\xampp\htdocs\invoicing_system\config.php on line 65
[02-May-2025 19:46:34 Asia/Baghdad] PHP Warning:  Constant DB_NAME already defined in C:\xampp\htdocs\invoicing_system\config.php on line 66
[02-May-2025 19:46:34 Asia/Baghdad] PHP Warning:  Constant SITE_NAME already defined in C:\xampp\htdocs\invoicing_system\config.php on line 70
[02-May-2025 19:46:34 Asia/Baghdad] PHP Warning:  Constant ROOT_PATH already defined in C:\xampp\htdocs\invoicing_system\config.php on line 75
[02-May-2025 19:46:34 Asia/Baghdad] PHP Warning:  Constant MAX_FILE_SIZE already defined in C:\xampp\htdocs\invoicing_system\config.php on line 81
[02-May-2025 19:46:34 Asia/Baghdad] PHP Warning:  Constant ALLOWED_EXTENSIONS already defined in C:\xampp\htdocs\invoicing_system\config.php on line 82
[02-May-2025 19:46:34 Asia/Baghdad] PHP Parse error:  syntax error, unexpected token "<", expecting end of file in C:\xampp\htdocs\invoicing_system\database.php on line 6
[02-May-2025 19:46:34 Asia/Baghdad] PHP Warning:  Constant DB_HOST already defined in C:\xampp\htdocs\invoicing_system\config.php on line 63
[02-May-2025 19:46:34 Asia/Baghdad] PHP Warning:  Constant DB_USER already defined in C:\xampp\htdocs\invoicing_system\config.php on line 64
[02-May-2025 19:46:34 Asia/Baghdad] PHP Warning:  Constant DB_PASS already defined in C:\xampp\htdocs\invoicing_system\config.php on line 65
[02-May-2025 19:46:34 Asia/Baghdad] PHP Warning:  Constant DB_NAME already defined in C:\xampp\htdocs\invoicing_system\config.php on line 66
[02-May-2025 19:46:34 Asia/Baghdad] PHP Warning:  Constant SITE_NAME already defined in C:\xampp\htdocs\invoicing_system\config.php on line 70
[02-May-2025 19:46:34 Asia/Baghdad] PHP Warning:  Constant ROOT_PATH already defined in C:\xampp\htdocs\invoicing_system\config.php on line 75
[02-May-2025 19:46:34 Asia/Baghdad] PHP Warning:  Constant MAX_FILE_SIZE already defined in C:\xampp\htdocs\invoicing_system\config.php on line 81
[02-May-2025 19:46:34 Asia/Baghdad] PHP Warning:  Constant ALLOWED_EXTENSIONS already defined in C:\xampp\htdocs\invoicing_system\config.php on line 82
[02-May-2025 19:46:34 Asia/Baghdad] PHP Parse error:  syntax error, unexpected token "<", expecting end of file in C:\xampp\htdocs\invoicing_system\database.php on line 6
[02-May-2025 19:46:34 Asia/Baghdad] PHP Warning:  Constant DB_HOST already defined in C:\xampp\htdocs\invoicing_system\config.php on line 63
[02-May-2025 19:46:34 Asia/Baghdad] PHP Warning:  Constant DB_USER already defined in C:\xampp\htdocs\invoicing_system\config.php on line 64
[02-May-2025 19:46:34 Asia/Baghdad] PHP Warning:  Constant DB_PASS already defined in C:\xampp\htdocs\invoicing_system\config.php on line 65
[02-May-2025 19:46:34 Asia/Baghdad] PHP Warning:  Constant DB_NAME already defined in C:\xampp\htdocs\invoicing_system\config.php on line 66
[02-May-2025 19:46:34 Asia/Baghdad] PHP Warning:  Constant SITE_NAME already defined in C:\xampp\htdocs\invoicing_system\config.php on line 70
[02-May-2025 19:46:34 Asia/Baghdad] PHP Warning:  Constant ROOT_PATH already defined in C:\xampp\htdocs\invoicing_system\config.php on line 75
[02-May-2025 19:46:34 Asia/Baghdad] PHP Warning:  Constant MAX_FILE_SIZE already defined in C:\xampp\htdocs\invoicing_system\config.php on line 81
[02-May-2025 19:46:34 Asia/Baghdad] PHP Warning:  Constant ALLOWED_EXTENSIONS already defined in C:\xampp\htdocs\invoicing_system\config.php on line 82
[02-May-2025 19:46:34 Asia/Baghdad] PHP Parse error:  syntax error, unexpected token "<", expecting end of file in C:\xampp\htdocs\invoicing_system\database.php on line 6
[02-May-2025 19:46:35 Asia/Baghdad] PHP Warning:  Constant DB_HOST already defined in C:\xampp\htdocs\invoicing_system\config.php on line 63
[02-May-2025 19:46:35 Asia/Baghdad] PHP Warning:  Constant DB_USER already defined in C:\xampp\htdocs\invoicing_system\config.php on line 64
[02-May-2025 19:46:35 Asia/Baghdad] PHP Warning:  Constant DB_PASS already defined in C:\xampp\htdocs\invoicing_system\config.php on line 65
[02-May-2025 19:46:35 Asia/Baghdad] PHP Warning:  Constant DB_NAME already defined in C:\xampp\htdocs\invoicing_system\config.php on line 66
[02-May-2025 19:46:35 Asia/Baghdad] PHP Warning:  Constant SITE_NAME already defined in C:\xampp\htdocs\invoicing_system\config.php on line 70
[02-May-2025 19:46:35 Asia/Baghdad] PHP Warning:  Constant ROOT_PATH already defined in C:\xampp\htdocs\invoicing_system\config.php on line 75
[02-May-2025 19:46:35 Asia/Baghdad] PHP Warning:  Constant MAX_FILE_SIZE already defined in C:\xampp\htdocs\invoicing_system\config.php on line 81
[02-May-2025 19:46:35 Asia/Baghdad] PHP Warning:  Constant ALLOWED_EXTENSIONS already defined in C:\xampp\htdocs\invoicing_system\config.php on line 82
[02-May-2025 19:46:35 Asia/Baghdad] PHP Parse error:  syntax error, unexpected token "<", expecting end of file in C:\xampp\htdocs\invoicing_system\database.php on line 6
[02-May-2025 19:46:35 Asia/Baghdad] PHP Warning:  Constant DB_HOST already defined in C:\xampp\htdocs\invoicing_system\config.php on line 63
[02-May-2025 19:46:35 Asia/Baghdad] PHP Warning:  Constant DB_USER already defined in C:\xampp\htdocs\invoicing_system\config.php on line 64
[02-May-2025 19:46:35 Asia/Baghdad] PHP Warning:  Constant DB_PASS already defined in C:\xampp\htdocs\invoicing_system\config.php on line 65
[02-May-2025 19:46:35 Asia/Baghdad] PHP Warning:  Constant DB_NAME already defined in C:\xampp\htdocs\invoicing_system\config.php on line 66
[02-May-2025 19:46:35 Asia/Baghdad] PHP Warning:  Constant SITE_NAME already defined in C:\xampp\htdocs\invoicing_system\config.php on line 70
[02-May-2025 19:46:35 Asia/Baghdad] PHP Warning:  Constant ROOT_PATH already defined in C:\xampp\htdocs\invoicing_system\config.php on line 75
[02-May-2025 19:46:35 Asia/Baghdad] PHP Warning:  Constant MAX_FILE_SIZE already defined in C:\xampp\htdocs\invoicing_system\config.php on line 81
[02-May-2025 19:46:35 Asia/Baghdad] PHP Warning:  Constant ALLOWED_EXTENSIONS already defined in C:\xampp\htdocs\invoicing_system\config.php on line 82
[02-May-2025 19:46:35 Asia/Baghdad] PHP Parse error:  syntax error, unexpected token "<", expecting end of file in C:\xampp\htdocs\invoicing_system\database.php on line 6
[02-May-2025 19:47:38 Asia/Baghdad] PHP Warning:  Constant DB_HOST already defined in C:\xampp\htdocs\invoicing_system\config.php on line 58
[02-May-2025 19:47:38 Asia/Baghdad] PHP Warning:  Constant DB_USER already defined in C:\xampp\htdocs\invoicing_system\config.php on line 59
[02-May-2025 19:47:38 Asia/Baghdad] PHP Warning:  Constant DB_PASS already defined in C:\xampp\htdocs\invoicing_system\config.php on line 60
[02-May-2025 19:47:38 Asia/Baghdad] PHP Warning:  Constant DB_NAME already defined in C:\xampp\htdocs\invoicing_system\config.php on line 61
[02-May-2025 19:47:38 Asia/Baghdad] PHP Warning:  Constant SITE_NAME already defined in C:\xampp\htdocs\invoicing_system\config.php on line 65
[02-May-2025 19:47:38 Asia/Baghdad] PHP Warning:  Constant ROOT_PATH already defined in C:\xampp\htdocs\invoicing_system\config.php on line 70
[02-May-2025 19:47:38 Asia/Baghdad] PHP Warning:  Constant MAX_FILE_SIZE already defined in C:\xampp\htdocs\invoicing_system\config.php on line 76
[02-May-2025 19:47:38 Asia/Baghdad] PHP Warning:  Constant ALLOWED_EXTENSIONS already defined in C:\xampp\htdocs\invoicing_system\config.php on line 77
[02-May-2025 19:47:38 Asia/Baghdad] PHP Warning:  ini_set(): Session ini settings cannot be changed when a session is active in C:\xampp\htdocs\invoicing_system\config.php on line 130
[02-May-2025 19:47:38 Asia/Baghdad] PHP Notice:  session_start(): Ignoring session_start() because a session is already active in C:\xampp\htdocs\invoicing_system\config.php on line 131
[02-May-2025 19:47:38 Asia/Baghdad] PHP Warning:  ini_set(): Session ini settings cannot be changed when a session is active in C:\xampp\htdocs\invoicing_system\config.php on line 228
[02-May-2025 19:47:38 Asia/Baghdad] PHP Parse error:  syntax error, unexpected token "<", expecting end of file in C:\xampp\htdocs\invoicing_system\database.php on line 6
[02-May-2025 19:48:06 Asia/Baghdad] PHP Warning:  Constant DB_HOST already defined in C:\xampp\htdocs\invoicing_system\config.php on line 58
[02-May-2025 19:48:06 Asia/Baghdad] PHP Warning:  Constant DB_USER already defined in C:\xampp\htdocs\invoicing_system\config.php on line 59
[02-May-2025 19:48:06 Asia/Baghdad] PHP Warning:  Constant DB_PASS already defined in C:\xampp\htdocs\invoicing_system\config.php on line 60
[02-May-2025 19:48:06 Asia/Baghdad] PHP Warning:  Constant DB_NAME already defined in C:\xampp\htdocs\invoicing_system\config.php on line 61
[02-May-2025 19:48:06 Asia/Baghdad] PHP Warning:  Constant SITE_NAME already defined in C:\xampp\htdocs\invoicing_system\config.php on line 65
[02-May-2025 19:48:06 Asia/Baghdad] PHP Warning:  Constant ROOT_PATH already defined in C:\xampp\htdocs\invoicing_system\config.php on line 70
[02-May-2025 19:48:06 Asia/Baghdad] PHP Warning:  Constant MAX_FILE_SIZE already defined in C:\xampp\htdocs\invoicing_system\config.php on line 76
[02-May-2025 19:48:06 Asia/Baghdad] PHP Warning:  Constant ALLOWED_EXTENSIONS already defined in C:\xampp\htdocs\invoicing_system\config.php on line 77
[02-May-2025 19:48:06 Asia/Baghdad] PHP Warning:  ini_set(): Session ini settings cannot be changed when a session is active in C:\xampp\htdocs\invoicing_system\config.php on line 130
[02-May-2025 19:48:06 Asia/Baghdad] PHP Notice:  session_start(): Ignoring session_start() because a session is already active in C:\xampp\htdocs\invoicing_system\config.php on line 131
[02-May-2025 19:48:06 Asia/Baghdad] PHP Warning:  ini_set(): Session ini settings cannot be changed when a session is active in C:\xampp\htdocs\invoicing_system\config.php on line 228
[02-May-2025 19:48:06 Asia/Baghdad] PHP Parse error:  syntax error, unexpected token "<", expecting end of file in C:\xampp\htdocs\invoicing_system\database.php on line 6
[02-May-2025 19:48:07 Asia/Baghdad] PHP Warning:  Constant DB_HOST already defined in C:\xampp\htdocs\invoicing_system\config.php on line 58
[02-May-2025 19:48:07 Asia/Baghdad] PHP Warning:  Constant DB_USER already defined in C:\xampp\htdocs\invoicing_system\config.php on line 59
[02-May-2025 19:48:07 Asia/Baghdad] PHP Warning:  Constant DB_PASS already defined in C:\xampp\htdocs\invoicing_system\config.php on line 60
[02-May-2025 19:48:07 Asia/Baghdad] PHP Warning:  Constant DB_NAME already defined in C:\xampp\htdocs\invoicing_system\config.php on line 61
[02-May-2025 19:48:07 Asia/Baghdad] PHP Warning:  Constant SITE_NAME already defined in C:\xampp\htdocs\invoicing_system\config.php on line 65
[02-May-2025 19:48:07 Asia/Baghdad] PHP Warning:  Constant ROOT_PATH already defined in C:\xampp\htdocs\invoicing_system\config.php on line 70
[02-May-2025 19:48:07 Asia/Baghdad] PHP Warning:  Constant MAX_FILE_SIZE already defined in C:\xampp\htdocs\invoicing_system\config.php on line 76
[02-May-2025 19:48:07 Asia/Baghdad] PHP Warning:  Constant ALLOWED_EXTENSIONS already defined in C:\xampp\htdocs\invoicing_system\config.php on line 77
[02-May-2025 19:48:07 Asia/Baghdad] PHP Warning:  ini_set(): Session ini settings cannot be changed when a session is active in C:\xampp\htdocs\invoicing_system\config.php on line 130
[02-May-2025 19:48:07 Asia/Baghdad] PHP Notice:  session_start(): Ignoring session_start() because a session is already active in C:\xampp\htdocs\invoicing_system\config.php on line 131
[02-May-2025 19:48:07 Asia/Baghdad] PHP Warning:  ini_set(): Session ini settings cannot be changed when a session is active in C:\xampp\htdocs\invoicing_system\config.php on line 228
[02-May-2025 19:48:07 Asia/Baghdad] PHP Parse error:  syntax error, unexpected token "<", expecting end of file in C:\xampp\htdocs\invoicing_system\database.php on line 6
[02-May-2025 19:48:07 Asia/Baghdad] PHP Warning:  Constant DB_HOST already defined in C:\xampp\htdocs\invoicing_system\config.php on line 58
[02-May-2025 19:48:07 Asia/Baghdad] PHP Warning:  Constant DB_USER already defined in C:\xampp\htdocs\invoicing_system\config.php on line 59
[02-May-2025 19:48:07 Asia/Baghdad] PHP Warning:  Constant DB_PASS already defined in C:\xampp\htdocs\invoicing_system\config.php on line 60
[02-May-2025 19:48:07 Asia/Baghdad] PHP Warning:  Constant DB_NAME already defined in C:\xampp\htdocs\invoicing_system\config.php on line 61
[02-May-2025 19:48:07 Asia/Baghdad] PHP Warning:  Constant SITE_NAME already defined in C:\xampp\htdocs\invoicing_system\config.php on line 65
[02-May-2025 19:48:07 Asia/Baghdad] PHP Warning:  Constant ROOT_PATH already defined in C:\xampp\htdocs\invoicing_system\config.php on line 70
[02-May-2025 19:48:07 Asia/Baghdad] PHP Warning:  Constant MAX_FILE_SIZE already defined in C:\xampp\htdocs\invoicing_system\config.php on line 76
[02-May-2025 19:48:07 Asia/Baghdad] PHP Warning:  Constant ALLOWED_EXTENSIONS already defined in C:\xampp\htdocs\invoicing_system\config.php on line 77
[02-May-2025 19:48:07 Asia/Baghdad] PHP Warning:  ini_set(): Session ini settings cannot be changed when a session is active in C:\xampp\htdocs\invoicing_system\config.php on line 130
[02-May-2025 19:48:07 Asia/Baghdad] PHP Notice:  session_start(): Ignoring session_start() because a session is already active in C:\xampp\htdocs\invoicing_system\config.php on line 131
[02-May-2025 19:48:07 Asia/Baghdad] PHP Warning:  ini_set(): Session ini settings cannot be changed when a session is active in C:\xampp\htdocs\invoicing_system\config.php on line 228
[02-May-2025 19:48:07 Asia/Baghdad] PHP Parse error:  syntax error, unexpected token "<", expecting end of file in C:\xampp\htdocs\invoicing_system\database.php on line 6
[02-May-2025 19:48:07 Asia/Baghdad] PHP Warning:  Constant DB_HOST already defined in C:\xampp\htdocs\invoicing_system\config.php on line 58
[02-May-2025 19:48:07 Asia/Baghdad] PHP Warning:  Constant DB_USER already defined in C:\xampp\htdocs\invoicing_system\config.php on line 59
[02-May-2025 19:48:07 Asia/Baghdad] PHP Warning:  Constant DB_PASS already defined in C:\xampp\htdocs\invoicing_system\config.php on line 60
[02-May-2025 19:48:07 Asia/Baghdad] PHP Warning:  Constant DB_NAME already defined in C:\xampp\htdocs\invoicing_system\config.php on line 61
[02-May-2025 19:48:07 Asia/Baghdad] PHP Warning:  Constant SITE_NAME already defined in C:\xampp\htdocs\invoicing_system\config.php on line 65
[02-May-2025 19:48:07 Asia/Baghdad] PHP Warning:  Constant ROOT_PATH already defined in C:\xampp\htdocs\invoicing_system\config.php on line 70
[02-May-2025 19:48:07 Asia/Baghdad] PHP Warning:  Constant MAX_FILE_SIZE already defined in C:\xampp\htdocs\invoicing_system\config.php on line 76
[02-May-2025 19:48:07 Asia/Baghdad] PHP Warning:  Constant ALLOWED_EXTENSIONS already defined in C:\xampp\htdocs\invoicing_system\config.php on line 77
[02-May-2025 19:48:07 Asia/Baghdad] PHP Warning:  ini_set(): Session ini settings cannot be changed when a session is active in C:\xampp\htdocs\invoicing_system\config.php on line 130
[02-May-2025 19:48:07 Asia/Baghdad] PHP Notice:  session_start(): Ignoring session_start() because a session is already active in C:\xampp\htdocs\invoicing_system\config.php on line 131
[02-May-2025 19:48:07 Asia/Baghdad] PHP Warning:  ini_set(): Session ini settings cannot be changed when a session is active in C:\xampp\htdocs\invoicing_system\config.php on line 228
[02-May-2025 19:48:07 Asia/Baghdad] PHP Parse error:  syntax error, unexpected token "<", expecting end of file in C:\xampp\htdocs\invoicing_system\database.php on line 6
[02-May-2025 19:48:07 Asia/Baghdad] PHP Warning:  Constant DB_HOST already defined in C:\xampp\htdocs\invoicing_system\config.php on line 58
[02-May-2025 19:48:07 Asia/Baghdad] PHP Warning:  Constant DB_USER already defined in C:\xampp\htdocs\invoicing_system\config.php on line 59
[02-May-2025 19:48:07 Asia/Baghdad] PHP Warning:  Constant DB_PASS already defined in C:\xampp\htdocs\invoicing_system\config.php on line 60
[02-May-2025 19:48:07 Asia/Baghdad] PHP Warning:  Constant DB_NAME already defined in C:\xampp\htdocs\invoicing_system\config.php on line 61
[02-May-2025 19:48:07 Asia/Baghdad] PHP Warning:  Constant SITE_NAME already defined in C:\xampp\htdocs\invoicing_system\config.php on line 65
[02-May-2025 19:48:07 Asia/Baghdad] PHP Warning:  Constant ROOT_PATH already defined in C:\xampp\htdocs\invoicing_system\config.php on line 70
[02-May-2025 19:48:07 Asia/Baghdad] PHP Warning:  Constant MAX_FILE_SIZE already defined in C:\xampp\htdocs\invoicing_system\config.php on line 76
[02-May-2025 19:48:07 Asia/Baghdad] PHP Warning:  Constant ALLOWED_EXTENSIONS already defined in C:\xampp\htdocs\invoicing_system\config.php on line 77
[02-May-2025 19:48:07 Asia/Baghdad] PHP Warning:  ini_set(): Session ini settings cannot be changed when a session is active in C:\xampp\htdocs\invoicing_system\config.php on line 130
[02-May-2025 19:48:07 Asia/Baghdad] PHP Notice:  session_start(): Ignoring session_start() because a session is already active in C:\xampp\htdocs\invoicing_system\config.php on line 131
[02-May-2025 19:48:07 Asia/Baghdad] PHP Warning:  ini_set(): Session ini settings cannot be changed when a session is active in C:\xampp\htdocs\invoicing_system\config.php on line 228
[02-May-2025 19:48:07 Asia/Baghdad] PHP Parse error:  syntax error, unexpected token "<", expecting end of file in C:\xampp\htdocs\invoicing_system\database.php on line 6
[02-May-2025 19:48:07 Asia/Baghdad] PHP Warning:  Constant DB_HOST already defined in C:\xampp\htdocs\invoicing_system\config.php on line 58
[02-May-2025 19:48:07 Asia/Baghdad] PHP Warning:  Constant DB_USER already defined in C:\xampp\htdocs\invoicing_system\config.php on line 59
[02-May-2025 19:48:07 Asia/Baghdad] PHP Warning:  Constant DB_PASS already defined in C:\xampp\htdocs\invoicing_system\config.php on line 60
[02-May-2025 19:48:07 Asia/Baghdad] PHP Warning:  Constant DB_NAME already defined in C:\xampp\htdocs\invoicing_system\config.php on line 61
[02-May-2025 19:48:07 Asia/Baghdad] PHP Warning:  Constant SITE_NAME already defined in C:\xampp\htdocs\invoicing_system\config.php on line 65
[02-May-2025 19:48:07 Asia/Baghdad] PHP Warning:  Constant ROOT_PATH already defined in C:\xampp\htdocs\invoicing_system\config.php on line 70
[02-May-2025 19:48:07 Asia/Baghdad] PHP Warning:  Constant MAX_FILE_SIZE already defined in C:\xampp\htdocs\invoicing_system\config.php on line 76
[02-May-2025 19:48:07 Asia/Baghdad] PHP Warning:  Constant ALLOWED_EXTENSIONS already defined in C:\xampp\htdocs\invoicing_system\config.php on line 77
[02-May-2025 19:48:07 Asia/Baghdad] PHP Warning:  ini_set(): Session ini settings cannot be changed when a session is active in C:\xampp\htdocs\invoicing_system\config.php on line 130
[02-May-2025 19:48:07 Asia/Baghdad] PHP Notice:  session_start(): Ignoring session_start() because a session is already active in C:\xampp\htdocs\invoicing_system\config.php on line 131
[02-May-2025 19:48:07 Asia/Baghdad] PHP Warning:  ini_set(): Session ini settings cannot be changed when a session is active in C:\xampp\htdocs\invoicing_system\config.php on line 228
[02-May-2025 19:48:07 Asia/Baghdad] PHP Parse error:  syntax error, unexpected token "<", expecting end of file in C:\xampp\htdocs\invoicing_system\database.php on line 6
[02-May-2025 19:48:08 Asia/Baghdad] PHP Warning:  Constant DB_HOST already defined in C:\xampp\htdocs\invoicing_system\config.php on line 58
[02-May-2025 19:48:08 Asia/Baghdad] PHP Warning:  Constant DB_USER already defined in C:\xampp\htdocs\invoicing_system\config.php on line 59
[02-May-2025 19:48:08 Asia/Baghdad] PHP Warning:  Constant DB_PASS already defined in C:\xampp\htdocs\invoicing_system\config.php on line 60
[02-May-2025 19:48:08 Asia/Baghdad] PHP Warning:  Constant DB_NAME already defined in C:\xampp\htdocs\invoicing_system\config.php on line 61
[02-May-2025 19:48:08 Asia/Baghdad] PHP Warning:  Constant SITE_NAME already defined in C:\xampp\htdocs\invoicing_system\config.php on line 65
[02-May-2025 19:48:08 Asia/Baghdad] PHP Warning:  Constant ROOT_PATH already defined in C:\xampp\htdocs\invoicing_system\config.php on line 70
[02-May-2025 19:48:08 Asia/Baghdad] PHP Warning:  Constant MAX_FILE_SIZE already defined in C:\xampp\htdocs\invoicing_system\config.php on line 76
[02-May-2025 19:48:08 Asia/Baghdad] PHP Warning:  Constant ALLOWED_EXTENSIONS already defined in C:\xampp\htdocs\invoicing_system\config.php on line 77
[02-May-2025 19:48:08 Asia/Baghdad] PHP Warning:  ini_set(): Session ini settings cannot be changed when a session is active in C:\xampp\htdocs\invoicing_system\config.php on line 130
[02-May-2025 19:48:08 Asia/Baghdad] PHP Notice:  session_start(): Ignoring session_start() because a session is already active in C:\xampp\htdocs\invoicing_system\config.php on line 131
[02-May-2025 19:48:08 Asia/Baghdad] PHP Warning:  ini_set(): Session ini settings cannot be changed when a session is active in C:\xampp\htdocs\invoicing_system\config.php on line 228
[02-May-2025 19:48:08 Asia/Baghdad] PHP Parse error:  syntax error, unexpected token "<", expecting end of file in C:\xampp\htdocs\invoicing_system\database.php on line 6
[02-May-2025 19:48:08 Asia/Baghdad] PHP Warning:  Constant DB_HOST already defined in C:\xampp\htdocs\invoicing_system\config.php on line 58
[02-May-2025 19:48:08 Asia/Baghdad] PHP Warning:  Constant DB_USER already defined in C:\xampp\htdocs\invoicing_system\config.php on line 59
[02-May-2025 19:48:08 Asia/Baghdad] PHP Warning:  Constant DB_PASS already defined in C:\xampp\htdocs\invoicing_system\config.php on line 60
[02-May-2025 19:48:08 Asia/Baghdad] PHP Warning:  Constant DB_NAME already defined in C:\xampp\htdocs\invoicing_system\config.php on line 61
[02-May-2025 19:48:08 Asia/Baghdad] PHP Warning:  Constant SITE_NAME already defined in C:\xampp\htdocs\invoicing_system\config.php on line 65
[02-May-2025 19:48:08 Asia/Baghdad] PHP Warning:  Constant ROOT_PATH already defined in C:\xampp\htdocs\invoicing_system\config.php on line 70
[02-May-2025 19:48:08 Asia/Baghdad] PHP Warning:  Constant MAX_FILE_SIZE already defined in C:\xampp\htdocs\invoicing_system\config.php on line 76
[02-May-2025 19:48:08 Asia/Baghdad] PHP Warning:  Constant ALLOWED_EXTENSIONS already defined in C:\xampp\htdocs\invoicing_system\config.php on line 77
[02-May-2025 19:48:08 Asia/Baghdad] PHP Warning:  ini_set(): Session ini settings cannot be changed when a session is active in C:\xampp\htdocs\invoicing_system\config.php on line 130
[02-May-2025 19:48:08 Asia/Baghdad] PHP Notice:  session_start(): Ignoring session_start() because a session is already active in C:\xampp\htdocs\invoicing_system\config.php on line 131
[02-May-2025 19:48:08 Asia/Baghdad] PHP Warning:  ini_set(): Session ini settings cannot be changed when a session is active in C:\xampp\htdocs\invoicing_system\config.php on line 228
[02-May-2025 19:48:08 Asia/Baghdad] PHP Parse error:  syntax error, unexpected token "<", expecting end of file in C:\xampp\htdocs\invoicing_system\database.php on line 6
[02-May-2025 19:48:08 Asia/Baghdad] PHP Warning:  Constant DB_HOST already defined in C:\xampp\htdocs\invoicing_system\config.php on line 58
[02-May-2025 19:48:08 Asia/Baghdad] PHP Warning:  Constant DB_USER already defined in C:\xampp\htdocs\invoicing_system\config.php on line 59
[02-May-2025 19:48:08 Asia/Baghdad] PHP Warning:  Constant DB_PASS already defined in C:\xampp\htdocs\invoicing_system\config.php on line 60
[02-May-2025 19:48:08 Asia/Baghdad] PHP Warning:  Constant DB_NAME already defined in C:\xampp\htdocs\invoicing_system\config.php on line 61
[02-May-2025 19:48:08 Asia/Baghdad] PHP Warning:  Constant SITE_NAME already defined in C:\xampp\htdocs\invoicing_system\config.php on line 65
[02-May-2025 19:48:08 Asia/Baghdad] PHP Warning:  Constant ROOT_PATH already defined in C:\xampp\htdocs\invoicing_system\config.php on line 70
[02-May-2025 19:48:08 Asia/Baghdad] PHP Warning:  Constant MAX_FILE_SIZE already defined in C:\xampp\htdocs\invoicing_system\config.php on line 76
[02-May-2025 19:48:08 Asia/Baghdad] PHP Warning:  Constant ALLOWED_EXTENSIONS already defined in C:\xampp\htdocs\invoicing_system\config.php on line 77
[02-May-2025 19:48:08 Asia/Baghdad] PHP Warning:  ini_set(): Session ini settings cannot be changed when a session is active in C:\xampp\htdocs\invoicing_system\config.php on line 130
[02-May-2025 19:48:08 Asia/Baghdad] PHP Notice:  session_start(): Ignoring session_start() because a session is already active in C:\xampp\htdocs\invoicing_system\config.php on line 131
[02-May-2025 19:48:08 Asia/Baghdad] PHP Warning:  ini_set(): Session ini settings cannot be changed when a session is active in C:\xampp\htdocs\invoicing_system\config.php on line 228
[02-May-2025 19:48:08 Asia/Baghdad] PHP Parse error:  syntax error, unexpected token "<", expecting end of file in C:\xampp\htdocs\invoicing_system\database.php on line 6
[02-May-2025 19:48:08 Asia/Baghdad] PHP Warning:  Constant DB_HOST already defined in C:\xampp\htdocs\invoicing_system\config.php on line 58
[02-May-2025 19:48:08 Asia/Baghdad] PHP Warning:  Constant DB_USER already defined in C:\xampp\htdocs\invoicing_system\config.php on line 59
[02-May-2025 19:48:08 Asia/Baghdad] PHP Warning:  Constant DB_PASS already defined in C:\xampp\htdocs\invoicing_system\config.php on line 60
[02-May-2025 19:48:08 Asia/Baghdad] PHP Warning:  Constant DB_NAME already defined in C:\xampp\htdocs\invoicing_system\config.php on line 61
[02-May-2025 19:48:08 Asia/Baghdad] PHP Warning:  Constant SITE_NAME already defined in C:\xampp\htdocs\invoicing_system\config.php on line 65
[02-May-2025 19:48:08 Asia/Baghdad] PHP Warning:  Constant ROOT_PATH already defined in C:\xampp\htdocs\invoicing_system\config.php on line 70
[02-May-2025 19:48:08 Asia/Baghdad] PHP Warning:  Constant MAX_FILE_SIZE already defined in C:\xampp\htdocs\invoicing_system\config.php on line 76
[02-May-2025 19:48:08 Asia/Baghdad] PHP Warning:  Constant ALLOWED_EXTENSIONS already defined in C:\xampp\htdocs\invoicing_system\config.php on line 77
[02-May-2025 19:48:08 Asia/Baghdad] PHP Warning:  ini_set(): Session ini settings cannot be changed when a session is active in C:\xampp\htdocs\invoicing_system\config.php on line 130
[02-May-2025 19:48:08 Asia/Baghdad] PHP Notice:  session_start(): Ignoring session_start() because a session is already active in C:\xampp\htdocs\invoicing_system\config.php on line 131
[02-May-2025 19:48:08 Asia/Baghdad] PHP Warning:  ini_set(): Session ini settings cannot be changed when a session is active in C:\xampp\htdocs\invoicing_system\config.php on line 228
[02-May-2025 19:48:08 Asia/Baghdad] PHP Parse error:  syntax error, unexpected token "<", expecting end of file in C:\xampp\htdocs\invoicing_system\database.php on line 6
[02-May-2025 19:48:08 Asia/Baghdad] PHP Warning:  Constant DB_HOST already defined in C:\xampp\htdocs\invoicing_system\config.php on line 58
[02-May-2025 19:48:08 Asia/Baghdad] PHP Warning:  Constant DB_USER already defined in C:\xampp\htdocs\invoicing_system\config.php on line 59
[02-May-2025 19:48:08 Asia/Baghdad] PHP Warning:  Constant DB_PASS already defined in C:\xampp\htdocs\invoicing_system\config.php on line 60
[02-May-2025 19:48:08 Asia/Baghdad] PHP Warning:  Constant DB_NAME already defined in C:\xampp\htdocs\invoicing_system\config.php on line 61
[02-May-2025 19:48:08 Asia/Baghdad] PHP Warning:  Constant SITE_NAME already defined in C:\xampp\htdocs\invoicing_system\config.php on line 65
[02-May-2025 19:48:08 Asia/Baghdad] PHP Warning:  Constant ROOT_PATH already defined in C:\xampp\htdocs\invoicing_system\config.php on line 70
[02-May-2025 19:48:08 Asia/Baghdad] PHP Warning:  Constant MAX_FILE_SIZE already defined in C:\xampp\htdocs\invoicing_system\config.php on line 76
[02-May-2025 19:48:08 Asia/Baghdad] PHP Warning:  Constant ALLOWED_EXTENSIONS already defined in C:\xampp\htdocs\invoicing_system\config.php on line 77
[02-May-2025 19:48:08 Asia/Baghdad] PHP Warning:  ini_set(): Session ini settings cannot be changed when a session is active in C:\xampp\htdocs\invoicing_system\config.php on line 130
[02-May-2025 19:48:08 Asia/Baghdad] PHP Notice:  session_start(): Ignoring session_start() because a session is already active in C:\xampp\htdocs\invoicing_system\config.php on line 131
[02-May-2025 19:48:08 Asia/Baghdad] PHP Warning:  ini_set(): Session ini settings cannot be changed when a session is active in C:\xampp\htdocs\invoicing_system\config.php on line 228
[02-May-2025 19:48:08 Asia/Baghdad] PHP Parse error:  syntax error, unexpected token "<", expecting end of file in C:\xampp\htdocs\invoicing_system\database.php on line 6
[02-May-2025 19:48:08 Asia/Baghdad] PHP Warning:  Constant DB_HOST already defined in C:\xampp\htdocs\invoicing_system\config.php on line 58
[02-May-2025 19:48:08 Asia/Baghdad] PHP Warning:  Constant DB_USER already defined in C:\xampp\htdocs\invoicing_system\config.php on line 59
[02-May-2025 19:48:08 Asia/Baghdad] PHP Warning:  Constant DB_PASS already defined in C:\xampp\htdocs\invoicing_system\config.php on line 60
[02-May-2025 19:48:08 Asia/Baghdad] PHP Warning:  Constant DB_NAME already defined in C:\xampp\htdocs\invoicing_system\config.php on line 61
[02-May-2025 19:48:08 Asia/Baghdad] PHP Warning:  Constant SITE_NAME already defined in C:\xampp\htdocs\invoicing_system\config.php on line 65
[02-May-2025 19:48:08 Asia/Baghdad] PHP Warning:  Constant ROOT_PATH already defined in C:\xampp\htdocs\invoicing_system\config.php on line 70
[02-May-2025 19:48:08 Asia/Baghdad] PHP Warning:  Constant MAX_FILE_SIZE already defined in C:\xampp\htdocs\invoicing_system\config.php on line 76
[02-May-2025 19:48:08 Asia/Baghdad] PHP Warning:  Constant ALLOWED_EXTENSIONS already defined in C:\xampp\htdocs\invoicing_system\config.php on line 77
[02-May-2025 19:48:08 Asia/Baghdad] PHP Warning:  ini_set(): Session ini settings cannot be changed when a session is active in C:\xampp\htdocs\invoicing_system\config.php on line 130
[02-May-2025 19:48:08 Asia/Baghdad] PHP Notice:  session_start(): Ignoring session_start() because a session is already active in C:\xampp\htdocs\invoicing_system\config.php on line 131
[02-May-2025 19:48:08 Asia/Baghdad] PHP Warning:  ini_set(): Session ini settings cannot be changed when a session is active in C:\xampp\htdocs\invoicing_system\config.php on line 228
[02-May-2025 19:48:08 Asia/Baghdad] PHP Parse error:  syntax error, unexpected token "<", expecting end of file in C:\xampp\htdocs\invoicing_system\database.php on line 6
[02-May-2025 19:48:09 Asia/Baghdad] PHP Warning:  Constant DB_HOST already defined in C:\xampp\htdocs\invoicing_system\config.php on line 58
[02-May-2025 19:48:09 Asia/Baghdad] PHP Warning:  Constant DB_USER already defined in C:\xampp\htdocs\invoicing_system\config.php on line 59
[02-May-2025 19:48:09 Asia/Baghdad] PHP Warning:  Constant DB_PASS already defined in C:\xampp\htdocs\invoicing_system\config.php on line 60
[02-May-2025 19:48:09 Asia/Baghdad] PHP Warning:  Constant DB_NAME already defined in C:\xampp\htdocs\invoicing_system\config.php on line 61
[02-May-2025 19:48:09 Asia/Baghdad] PHP Warning:  Constant SITE_NAME already defined in C:\xampp\htdocs\invoicing_system\config.php on line 65
[02-May-2025 19:48:09 Asia/Baghdad] PHP Warning:  Constant ROOT_PATH already defined in C:\xampp\htdocs\invoicing_system\config.php on line 70
[02-May-2025 19:48:09 Asia/Baghdad] PHP Warning:  Constant MAX_FILE_SIZE already defined in C:\xampp\htdocs\invoicing_system\config.php on line 76
[02-May-2025 19:48:09 Asia/Baghdad] PHP Warning:  Constant ALLOWED_EXTENSIONS already defined in C:\xampp\htdocs\invoicing_system\config.php on line 77
[02-May-2025 19:48:09 Asia/Baghdad] PHP Warning:  ini_set(): Session ini settings cannot be changed when a session is active in C:\xampp\htdocs\invoicing_system\config.php on line 130
[02-May-2025 19:48:09 Asia/Baghdad] PHP Notice:  session_start(): Ignoring session_start() because a session is already active in C:\xampp\htdocs\invoicing_system\config.php on line 131
[02-May-2025 19:48:09 Asia/Baghdad] PHP Warning:  ini_set(): Session ini settings cannot be changed when a session is active in C:\xampp\htdocs\invoicing_system\config.php on line 228
[02-May-2025 19:48:09 Asia/Baghdad] PHP Parse error:  syntax error, unexpected token "<", expecting end of file in C:\xampp\htdocs\invoicing_system\database.php on line 6
[02-May-2025 19:48:09 Asia/Baghdad] PHP Warning:  Constant DB_HOST already defined in C:\xampp\htdocs\invoicing_system\config.php on line 58
[02-May-2025 19:48:09 Asia/Baghdad] PHP Warning:  Constant DB_USER already defined in C:\xampp\htdocs\invoicing_system\config.php on line 59
[02-May-2025 19:48:09 Asia/Baghdad] PHP Warning:  Constant DB_PASS already defined in C:\xampp\htdocs\invoicing_system\config.php on line 60
[02-May-2025 19:48:09 Asia/Baghdad] PHP Warning:  Constant DB_NAME already defined in C:\xampp\htdocs\invoicing_system\config.php on line 61
[02-May-2025 19:48:09 Asia/Baghdad] PHP Warning:  Constant SITE_NAME already defined in C:\xampp\htdocs\invoicing_system\config.php on line 65
[02-May-2025 19:48:09 Asia/Baghdad] PHP Warning:  Constant ROOT_PATH already defined in C:\xampp\htdocs\invoicing_system\config.php on line 70
[02-May-2025 19:48:09 Asia/Baghdad] PHP Warning:  Constant MAX_FILE_SIZE already defined in C:\xampp\htdocs\invoicing_system\config.php on line 76
[02-May-2025 19:48:09 Asia/Baghdad] PHP Warning:  Constant ALLOWED_EXTENSIONS already defined in C:\xampp\htdocs\invoicing_system\config.php on line 77
[02-May-2025 19:48:09 Asia/Baghdad] PHP Warning:  ini_set(): Session ini settings cannot be changed when a session is active in C:\xampp\htdocs\invoicing_system\config.php on line 130
[02-May-2025 19:48:09 Asia/Baghdad] PHP Notice:  session_start(): Ignoring session_start() because a session is already active in C:\xampp\htdocs\invoicing_system\config.php on line 131
[02-May-2025 19:48:09 Asia/Baghdad] PHP Warning:  ini_set(): Session ini settings cannot be changed when a session is active in C:\xampp\htdocs\invoicing_system\config.php on line 228
[02-May-2025 19:48:09 Asia/Baghdad] PHP Parse error:  syntax error, unexpected token "<", expecting end of file in C:\xampp\htdocs\invoicing_system\database.php on line 6
[02-May-2025 19:48:09 Asia/Baghdad] PHP Warning:  Constant DB_HOST already defined in C:\xampp\htdocs\invoicing_system\config.php on line 58
[02-May-2025 19:48:09 Asia/Baghdad] PHP Warning:  Constant DB_USER already defined in C:\xampp\htdocs\invoicing_system\config.php on line 59
[02-May-2025 19:48:09 Asia/Baghdad] PHP Warning:  Constant DB_PASS already defined in C:\xampp\htdocs\invoicing_system\config.php on line 60
[02-May-2025 19:48:09 Asia/Baghdad] PHP Warning:  Constant DB_NAME already defined in C:\xampp\htdocs\invoicing_system\config.php on line 61
[02-May-2025 19:48:09 Asia/Baghdad] PHP Warning:  Constant SITE_NAME already defined in C:\xampp\htdocs\invoicing_system\config.php on line 65
[02-May-2025 19:48:09 Asia/Baghdad] PHP Warning:  Constant ROOT_PATH already defined in C:\xampp\htdocs\invoicing_system\config.php on line 70
[02-May-2025 19:48:09 Asia/Baghdad] PHP Warning:  Constant MAX_FILE_SIZE already defined in C:\xampp\htdocs\invoicing_system\config.php on line 76
[02-May-2025 19:48:09 Asia/Baghdad] PHP Warning:  Constant ALLOWED_EXTENSIONS already defined in C:\xampp\htdocs\invoicing_system\config.php on line 77
[02-May-2025 19:48:09 Asia/Baghdad] PHP Warning:  ini_set(): Session ini settings cannot be changed when a session is active in C:\xampp\htdocs\invoicing_system\config.php on line 130
[02-May-2025 19:48:09 Asia/Baghdad] PHP Notice:  session_start(): Ignoring session_start() because a session is already active in C:\xampp\htdocs\invoicing_system\config.php on line 131
[02-May-2025 19:48:09 Asia/Baghdad] PHP Warning:  ini_set(): Session ini settings cannot be changed when a session is active in C:\xampp\htdocs\invoicing_system\config.php on line 228
[02-May-2025 19:48:09 Asia/Baghdad] PHP Parse error:  syntax error, unexpected token "<", expecting end of file in C:\xampp\htdocs\invoicing_system\database.php on line 6
[02-May-2025 19:48:09 Asia/Baghdad] PHP Warning:  Constant DB_HOST already defined in C:\xampp\htdocs\invoicing_system\config.php on line 58
[02-May-2025 19:48:09 Asia/Baghdad] PHP Warning:  Constant DB_USER already defined in C:\xampp\htdocs\invoicing_system\config.php on line 59
[02-May-2025 19:48:09 Asia/Baghdad] PHP Warning:  Constant DB_PASS already defined in C:\xampp\htdocs\invoicing_system\config.php on line 60
[02-May-2025 19:48:09 Asia/Baghdad] PHP Warning:  Constant DB_NAME already defined in C:\xampp\htdocs\invoicing_system\config.php on line 61
[02-May-2025 19:48:09 Asia/Baghdad] PHP Warning:  Constant SITE_NAME already defined in C:\xampp\htdocs\invoicing_system\config.php on line 65
[02-May-2025 19:48:09 Asia/Baghdad] PHP Warning:  Constant ROOT_PATH already defined in C:\xampp\htdocs\invoicing_system\config.php on line 70
[02-May-2025 19:48:09 Asia/Baghdad] PHP Warning:  Constant MAX_FILE_SIZE already defined in C:\xampp\htdocs\invoicing_system\config.php on line 76
[02-May-2025 19:48:09 Asia/Baghdad] PHP Warning:  Constant ALLOWED_EXTENSIONS already defined in C:\xampp\htdocs\invoicing_system\config.php on line 77
[02-May-2025 19:48:09 Asia/Baghdad] PHP Warning:  ini_set(): Session ini settings cannot be changed when a session is active in C:\xampp\htdocs\invoicing_system\config.php on line 130
[02-May-2025 19:48:09 Asia/Baghdad] PHP Notice:  session_start(): Ignoring session_start() because a session is already active in C:\xampp\htdocs\invoicing_system\config.php on line 131
[02-May-2025 19:48:09 Asia/Baghdad] PHP Warning:  ini_set(): Session ini settings cannot be changed when a session is active in C:\xampp\htdocs\invoicing_system\config.php on line 228
[02-May-2025 19:48:09 Asia/Baghdad] PHP Parse error:  syntax error, unexpected token "<", expecting end of file in C:\xampp\htdocs\invoicing_system\database.php on line 6
[02-May-2025 19:48:10 Asia/Baghdad] PHP Warning:  Constant DB_HOST already defined in C:\xampp\htdocs\invoicing_system\config.php on line 58
[02-May-2025 19:48:10 Asia/Baghdad] PHP Warning:  Constant DB_USER already defined in C:\xampp\htdocs\invoicing_system\config.php on line 59
[02-May-2025 19:48:10 Asia/Baghdad] PHP Warning:  Constant DB_PASS already defined in C:\xampp\htdocs\invoicing_system\config.php on line 60
[02-May-2025 19:48:10 Asia/Baghdad] PHP Warning:  Constant DB_NAME already defined in C:\xampp\htdocs\invoicing_system\config.php on line 61
[02-May-2025 19:48:10 Asia/Baghdad] PHP Warning:  Constant SITE_NAME already defined in C:\xampp\htdocs\invoicing_system\config.php on line 65
[02-May-2025 19:48:10 Asia/Baghdad] PHP Warning:  Constant ROOT_PATH already defined in C:\xampp\htdocs\invoicing_system\config.php on line 70
[02-May-2025 19:48:10 Asia/Baghdad] PHP Warning:  Constant MAX_FILE_SIZE already defined in C:\xampp\htdocs\invoicing_system\config.php on line 76
[02-May-2025 19:48:10 Asia/Baghdad] PHP Warning:  Constant ALLOWED_EXTENSIONS already defined in C:\xampp\htdocs\invoicing_system\config.php on line 77
[02-May-2025 19:48:10 Asia/Baghdad] PHP Warning:  ini_set(): Session ini settings cannot be changed when a session is active in C:\xampp\htdocs\invoicing_system\config.php on line 130
[02-May-2025 19:48:10 Asia/Baghdad] PHP Notice:  session_start(): Ignoring session_start() because a session is already active in C:\xampp\htdocs\invoicing_system\config.php on line 131
[02-May-2025 19:48:10 Asia/Baghdad] PHP Warning:  ini_set(): Session ini settings cannot be changed when a session is active in C:\xampp\htdocs\invoicing_system\config.php on line 228
[02-May-2025 19:48:10 Asia/Baghdad] PHP Parse error:  syntax error, unexpected token "<", expecting end of file in C:\xampp\htdocs\invoicing_system\database.php on line 6
[02-May-2025 19:48:10 Asia/Baghdad] PHP Warning:  Constant DB_HOST already defined in C:\xampp\htdocs\invoicing_system\config.php on line 58
[02-May-2025 19:48:10 Asia/Baghdad] PHP Warning:  Constant DB_USER already defined in C:\xampp\htdocs\invoicing_system\config.php on line 59
[02-May-2025 19:48:10 Asia/Baghdad] PHP Warning:  Constant DB_PASS already defined in C:\xampp\htdocs\invoicing_system\config.php on line 60
[02-May-2025 19:48:10 Asia/Baghdad] PHP Warning:  Constant DB_NAME already defined in C:\xampp\htdocs\invoicing_system\config.php on line 61
[02-May-2025 19:48:10 Asia/Baghdad] PHP Warning:  Constant SITE_NAME already defined in C:\xampp\htdocs\invoicing_system\config.php on line 65
[02-May-2025 19:48:10 Asia/Baghdad] PHP Warning:  Constant ROOT_PATH already defined in C:\xampp\htdocs\invoicing_system\config.php on line 70
[02-May-2025 19:48:10 Asia/Baghdad] PHP Warning:  Constant MAX_FILE_SIZE already defined in C:\xampp\htdocs\invoicing_system\config.php on line 76
[02-May-2025 19:48:10 Asia/Baghdad] PHP Warning:  Constant ALLOWED_EXTENSIONS already defined in C:\xampp\htdocs\invoicing_system\config.php on line 77
[02-May-2025 19:48:10 Asia/Baghdad] PHP Warning:  ini_set(): Session ini settings cannot be changed when a session is active in C:\xampp\htdocs\invoicing_system\config.php on line 130
[02-May-2025 19:48:10 Asia/Baghdad] PHP Notice:  session_start(): Ignoring session_start() because a session is already active in C:\xampp\htdocs\invoicing_system\config.php on line 131
[02-May-2025 19:48:10 Asia/Baghdad] PHP Warning:  ini_set(): Session ini settings cannot be changed when a session is active in C:\xampp\htdocs\invoicing_system\config.php on line 228
[02-May-2025 19:48:10 Asia/Baghdad] PHP Parse error:  syntax error, unexpected token "<", expecting end of file in C:\xampp\htdocs\invoicing_system\database.php on line 6
[02-May-2025 19:48:10 Asia/Baghdad] PHP Warning:  Constant DB_HOST already defined in C:\xampp\htdocs\invoicing_system\config.php on line 58
[02-May-2025 19:48:10 Asia/Baghdad] PHP Warning:  Constant DB_USER already defined in C:\xampp\htdocs\invoicing_system\config.php on line 59
[02-May-2025 19:48:10 Asia/Baghdad] PHP Warning:  Constant DB_PASS already defined in C:\xampp\htdocs\invoicing_system\config.php on line 60
[02-May-2025 19:48:10 Asia/Baghdad] PHP Warning:  Constant DB_NAME already defined in C:\xampp\htdocs\invoicing_system\config.php on line 61
[02-May-2025 19:48:10 Asia/Baghdad] PHP Warning:  Constant SITE_NAME already defined in C:\xampp\htdocs\invoicing_system\config.php on line 65
[02-May-2025 19:48:10 Asia/Baghdad] PHP Warning:  Constant ROOT_PATH already defined in C:\xampp\htdocs\invoicing_system\config.php on line 70
[02-May-2025 19:48:10 Asia/Baghdad] PHP Warning:  Constant MAX_FILE_SIZE already defined in C:\xampp\htdocs\invoicing_system\config.php on line 76
[02-May-2025 19:48:10 Asia/Baghdad] PHP Warning:  Constant ALLOWED_EXTENSIONS already defined in C:\xampp\htdocs\invoicing_system\config.php on line 77
[02-May-2025 19:48:10 Asia/Baghdad] PHP Warning:  ini_set(): Session ini settings cannot be changed when a session is active in C:\xampp\htdocs\invoicing_system\config.php on line 130
[02-May-2025 19:48:10 Asia/Baghdad] PHP Notice:  session_start(): Ignoring session_start() because a session is already active in C:\xampp\htdocs\invoicing_system\config.php on line 131
[02-May-2025 19:48:10 Asia/Baghdad] PHP Warning:  ini_set(): Session ini settings cannot be changed when a session is active in C:\xampp\htdocs\invoicing_system\config.php on line 228
[02-May-2025 19:48:10 Asia/Baghdad] PHP Parse error:  syntax error, unexpected token "<", expecting end of file in C:\xampp\htdocs\invoicing_system\database.php on line 6
[02-May-2025 19:48:10 Asia/Baghdad] PHP Warning:  Constant DB_HOST already defined in C:\xampp\htdocs\invoicing_system\config.php on line 58
[02-May-2025 19:48:10 Asia/Baghdad] PHP Warning:  Constant DB_USER already defined in C:\xampp\htdocs\invoicing_system\config.php on line 59
[02-May-2025 19:48:10 Asia/Baghdad] PHP Warning:  Constant DB_PASS already defined in C:\xampp\htdocs\invoicing_system\config.php on line 60
[02-May-2025 19:48:10 Asia/Baghdad] PHP Warning:  Constant DB_NAME already defined in C:\xampp\htdocs\invoicing_system\config.php on line 61
[02-May-2025 19:48:10 Asia/Baghdad] PHP Warning:  Constant SITE_NAME already defined in C:\xampp\htdocs\invoicing_system\config.php on line 65
[02-May-2025 19:48:10 Asia/Baghdad] PHP Warning:  Constant ROOT_PATH already defined in C:\xampp\htdocs\invoicing_system\config.php on line 70
[02-May-2025 19:48:10 Asia/Baghdad] PHP Warning:  Constant MAX_FILE_SIZE already defined in C:\xampp\htdocs\invoicing_system\config.php on line 76
[02-May-2025 19:48:10 Asia/Baghdad] PHP Warning:  Constant ALLOWED_EXTENSIONS already defined in C:\xampp\htdocs\invoicing_system\config.php on line 77
[02-May-2025 19:48:10 Asia/Baghdad] PHP Warning:  ini_set(): Session ini settings cannot be changed when a session is active in C:\xampp\htdocs\invoicing_system\config.php on line 130
[02-May-2025 19:48:10 Asia/Baghdad] PHP Notice:  session_start(): Ignoring session_start() because a session is already active in C:\xampp\htdocs\invoicing_system\config.php on line 131
[02-May-2025 19:48:10 Asia/Baghdad] PHP Warning:  ini_set(): Session ini settings cannot be changed when a session is active in C:\xampp\htdocs\invoicing_system\config.php on line 228
[02-May-2025 19:48:10 Asia/Baghdad] PHP Parse error:  syntax error, unexpected token "<", expecting end of file in C:\xampp\htdocs\invoicing_system\database.php on line 6
[02-May-2025 19:48:11 Asia/Baghdad] PHP Warning:  Constant DB_HOST already defined in C:\xampp\htdocs\invoicing_system\config.php on line 58
[02-May-2025 19:48:11 Asia/Baghdad] PHP Warning:  Constant DB_USER already defined in C:\xampp\htdocs\invoicing_system\config.php on line 59
[02-May-2025 19:48:11 Asia/Baghdad] PHP Warning:  Constant DB_PASS already defined in C:\xampp\htdocs\invoicing_system\config.php on line 60
[02-May-2025 19:48:11 Asia/Baghdad] PHP Warning:  Constant DB_NAME already defined in C:\xampp\htdocs\invoicing_system\config.php on line 61
[02-May-2025 19:48:11 Asia/Baghdad] PHP Warning:  Constant SITE_NAME already defined in C:\xampp\htdocs\invoicing_system\config.php on line 65
[02-May-2025 19:48:11 Asia/Baghdad] PHP Warning:  Constant ROOT_PATH already defined in C:\xampp\htdocs\invoicing_system\config.php on line 70
[02-May-2025 19:48:11 Asia/Baghdad] PHP Warning:  Constant MAX_FILE_SIZE already defined in C:\xampp\htdocs\invoicing_system\config.php on line 76
[02-May-2025 19:48:11 Asia/Baghdad] PHP Warning:  Constant ALLOWED_EXTENSIONS already defined in C:\xampp\htdocs\invoicing_system\config.php on line 77
[02-May-2025 19:48:11 Asia/Baghdad] PHP Warning:  ini_set(): Session ini settings cannot be changed when a session is active in C:\xampp\htdocs\invoicing_system\config.php on line 130
[02-May-2025 19:48:11 Asia/Baghdad] PHP Notice:  session_start(): Ignoring session_start() because a session is already active in C:\xampp\htdocs\invoicing_system\config.php on line 131
[02-May-2025 19:48:11 Asia/Baghdad] PHP Warning:  ini_set(): Session ini settings cannot be changed when a session is active in C:\xampp\htdocs\invoicing_system\config.php on line 228
[02-May-2025 19:48:11 Asia/Baghdad] PHP Parse error:  syntax error, unexpected token "<", expecting end of file in C:\xampp\htdocs\invoicing_system\database.php on line 6
[02-May-2025 19:48:11 Asia/Baghdad] PHP Warning:  Constant DB_HOST already defined in C:\xampp\htdocs\invoicing_system\config.php on line 58
[02-May-2025 19:48:11 Asia/Baghdad] PHP Warning:  Constant DB_USER already defined in C:\xampp\htdocs\invoicing_system\config.php on line 59
[02-May-2025 19:48:11 Asia/Baghdad] PHP Warning:  Constant DB_PASS already defined in C:\xampp\htdocs\invoicing_system\config.php on line 60
[02-May-2025 19:48:11 Asia/Baghdad] PHP Warning:  Constant DB_NAME already defined in C:\xampp\htdocs\invoicing_system\config.php on line 61
[02-May-2025 19:48:11 Asia/Baghdad] PHP Warning:  Constant SITE_NAME already defined in C:\xampp\htdocs\invoicing_system\config.php on line 65
[02-May-2025 19:48:11 Asia/Baghdad] PHP Warning:  Constant ROOT_PATH already defined in C:\xampp\htdocs\invoicing_system\config.php on line 70
[02-May-2025 19:48:11 Asia/Baghdad] PHP Warning:  Constant MAX_FILE_SIZE already defined in C:\xampp\htdocs\invoicing_system\config.php on line 76
[02-May-2025 19:48:11 Asia/Baghdad] PHP Warning:  Constant ALLOWED_EXTENSIONS already defined in C:\xampp\htdocs\invoicing_system\config.php on line 77
[02-May-2025 19:48:11 Asia/Baghdad] PHP Warning:  ini_set(): Session ini settings cannot be changed when a session is active in C:\xampp\htdocs\invoicing_system\config.php on line 130
[02-May-2025 19:48:11 Asia/Baghdad] PHP Notice:  session_start(): Ignoring session_start() because a session is already active in C:\xampp\htdocs\invoicing_system\config.php on line 131
[02-May-2025 19:48:11 Asia/Baghdad] PHP Warning:  ini_set(): Session ini settings cannot be changed when a session is active in C:\xampp\htdocs\invoicing_system\config.php on line 228
[02-May-2025 19:48:11 Asia/Baghdad] PHP Parse error:  syntax error, unexpected token "<", expecting end of file in C:\xampp\htdocs\invoicing_system\database.php on line 6
[02-May-2025 19:48:11 Asia/Baghdad] PHP Warning:  Constant DB_HOST already defined in C:\xampp\htdocs\invoicing_system\config.php on line 58
[02-May-2025 19:48:11 Asia/Baghdad] PHP Warning:  Constant DB_USER already defined in C:\xampp\htdocs\invoicing_system\config.php on line 59
[02-May-2025 19:48:11 Asia/Baghdad] PHP Warning:  Constant DB_PASS already defined in C:\xampp\htdocs\invoicing_system\config.php on line 60
[02-May-2025 19:48:11 Asia/Baghdad] PHP Warning:  Constant DB_NAME already defined in C:\xampp\htdocs\invoicing_system\config.php on line 61
[02-May-2025 19:48:11 Asia/Baghdad] PHP Warning:  Constant SITE_NAME already defined in C:\xampp\htdocs\invoicing_system\config.php on line 65
[02-May-2025 19:48:11 Asia/Baghdad] PHP Warning:  Constant ROOT_PATH already defined in C:\xampp\htdocs\invoicing_system\config.php on line 70
[02-May-2025 19:48:11 Asia/Baghdad] PHP Warning:  Constant MAX_FILE_SIZE already defined in C:\xampp\htdocs\invoicing_system\config.php on line 76
[02-May-2025 19:48:11 Asia/Baghdad] PHP Warning:  Constant ALLOWED_EXTENSIONS already defined in C:\xampp\htdocs\invoicing_system\config.php on line 77
[02-May-2025 19:48:11 Asia/Baghdad] PHP Warning:  ini_set(): Session ini settings cannot be changed when a session is active in C:\xampp\htdocs\invoicing_system\config.php on line 130
[02-May-2025 19:48:11 Asia/Baghdad] PHP Notice:  session_start(): Ignoring session_start() because a session is already active in C:\xampp\htdocs\invoicing_system\config.php on line 131
[02-May-2025 19:48:11 Asia/Baghdad] PHP Warning:  ini_set(): Session ini settings cannot be changed when a session is active in C:\xampp\htdocs\invoicing_system\config.php on line 228
[02-May-2025 19:48:11 Asia/Baghdad] PHP Parse error:  syntax error, unexpected token "<", expecting end of file in C:\xampp\htdocs\invoicing_system\database.php on line 6
[02-May-2025 19:48:11 Asia/Baghdad] PHP Warning:  Constant DB_HOST already defined in C:\xampp\htdocs\invoicing_system\config.php on line 58
[02-May-2025 19:48:11 Asia/Baghdad] PHP Warning:  Constant DB_USER already defined in C:\xampp\htdocs\invoicing_system\config.php on line 59
[02-May-2025 19:48:11 Asia/Baghdad] PHP Warning:  Constant DB_PASS already defined in C:\xampp\htdocs\invoicing_system\config.php on line 60
[02-May-2025 19:48:11 Asia/Baghdad] PHP Warning:  Constant DB_NAME already defined in C:\xampp\htdocs\invoicing_system\config.php on line 61
[02-May-2025 19:48:11 Asia/Baghdad] PHP Warning:  Constant SITE_NAME already defined in C:\xampp\htdocs\invoicing_system\config.php on line 65
[02-May-2025 19:48:11 Asia/Baghdad] PHP Warning:  Constant ROOT_PATH already defined in C:\xampp\htdocs\invoicing_system\config.php on line 70
[02-May-2025 19:48:11 Asia/Baghdad] PHP Warning:  Constant MAX_FILE_SIZE already defined in C:\xampp\htdocs\invoicing_system\config.php on line 76
[02-May-2025 19:48:11 Asia/Baghdad] PHP Warning:  Constant ALLOWED_EXTENSIONS already defined in C:\xampp\htdocs\invoicing_system\config.php on line 77
[02-May-2025 19:48:11 Asia/Baghdad] PHP Warning:  ini_set(): Session ini settings cannot be changed when a session is active in C:\xampp\htdocs\invoicing_system\config.php on line 130
[02-May-2025 19:48:11 Asia/Baghdad] PHP Notice:  session_start(): Ignoring session_start() because a session is already active in C:\xampp\htdocs\invoicing_system\config.php on line 131
[02-May-2025 19:48:11 Asia/Baghdad] PHP Warning:  ini_set(): Session ini settings cannot be changed when a session is active in C:\xampp\htdocs\invoicing_system\config.php on line 228
[02-May-2025 19:48:11 Asia/Baghdad] PHP Parse error:  syntax error, unexpected token "<", expecting end of file in C:\xampp\htdocs\invoicing_system\database.php on line 6
[02-May-2025 19:48:12 Asia/Baghdad] PHP Warning:  Constant DB_HOST already defined in C:\xampp\htdocs\invoicing_system\config.php on line 58
[02-May-2025 19:48:12 Asia/Baghdad] PHP Warning:  Constant DB_USER already defined in C:\xampp\htdocs\invoicing_system\config.php on line 59
[02-May-2025 19:48:12 Asia/Baghdad] PHP Warning:  Constant DB_PASS already defined in C:\xampp\htdocs\invoicing_system\config.php on line 60
[02-May-2025 19:48:12 Asia/Baghdad] PHP Warning:  Constant DB_NAME already defined in C:\xampp\htdocs\invoicing_system\config.php on line 61
[02-May-2025 19:48:12 Asia/Baghdad] PHP Warning:  Constant SITE_NAME already defined in C:\xampp\htdocs\invoicing_system\config.php on line 65
[02-May-2025 19:48:12 Asia/Baghdad] PHP Warning:  Constant ROOT_PATH already defined in C:\xampp\htdocs\invoicing_system\config.php on line 70
[02-May-2025 19:48:12 Asia/Baghdad] PHP Warning:  Constant MAX_FILE_SIZE already defined in C:\xampp\htdocs\invoicing_system\config.php on line 76
[02-May-2025 19:48:12 Asia/Baghdad] PHP Warning:  Constant ALLOWED_EXTENSIONS already defined in C:\xampp\htdocs\invoicing_system\config.php on line 77
[02-May-2025 19:48:12 Asia/Baghdad] PHP Warning:  ini_set(): Session ini settings cannot be changed when a session is active in C:\xampp\htdocs\invoicing_system\config.php on line 130
[02-May-2025 19:48:12 Asia/Baghdad] PHP Notice:  session_start(): Ignoring session_start() because a session is already active in C:\xampp\htdocs\invoicing_system\config.php on line 131
[02-May-2025 19:48:12 Asia/Baghdad] PHP Warning:  ini_set(): Session ini settings cannot be changed when a session is active in C:\xampp\htdocs\invoicing_system\config.php on line 228
[02-May-2025 19:48:12 Asia/Baghdad] PHP Parse error:  syntax error, unexpected token "<", expecting end of file in C:\xampp\htdocs\invoicing_system\database.php on line 6
[02-May-2025 19:48:12 Asia/Baghdad] PHP Warning:  Constant DB_HOST already defined in C:\xampp\htdocs\invoicing_system\config.php on line 58
[02-May-2025 19:48:12 Asia/Baghdad] PHP Warning:  Constant DB_USER already defined in C:\xampp\htdocs\invoicing_system\config.php on line 59
[02-May-2025 19:48:12 Asia/Baghdad] PHP Warning:  Constant DB_PASS already defined in C:\xampp\htdocs\invoicing_system\config.php on line 60
[02-May-2025 19:48:12 Asia/Baghdad] PHP Warning:  Constant DB_NAME already defined in C:\xampp\htdocs\invoicing_system\config.php on line 61
[02-May-2025 19:48:12 Asia/Baghdad] PHP Warning:  Constant SITE_NAME already defined in C:\xampp\htdocs\invoicing_system\config.php on line 65
[02-May-2025 19:48:12 Asia/Baghdad] PHP Warning:  Constant ROOT_PATH already defined in C:\xampp\htdocs\invoicing_system\config.php on line 70
[02-May-2025 19:48:12 Asia/Baghdad] PHP Warning:  Constant MAX_FILE_SIZE already defined in C:\xampp\htdocs\invoicing_system\config.php on line 76
[02-May-2025 19:48:12 Asia/Baghdad] PHP Warning:  Constant ALLOWED_EXTENSIONS already defined in C:\xampp\htdocs\invoicing_system\config.php on line 77
[02-May-2025 19:48:12 Asia/Baghdad] PHP Warning:  ini_set(): Session ini settings cannot be changed when a session is active in C:\xampp\htdocs\invoicing_system\config.php on line 130
[02-May-2025 19:48:12 Asia/Baghdad] PHP Notice:  session_start(): Ignoring session_start() because a session is already active in C:\xampp\htdocs\invoicing_system\config.php on line 131
[02-May-2025 19:48:12 Asia/Baghdad] PHP Warning:  ini_set(): Session ini settings cannot be changed when a session is active in C:\xampp\htdocs\invoicing_system\config.php on line 228
[02-May-2025 19:48:12 Asia/Baghdad] PHP Parse error:  syntax error, unexpected token "<", expecting end of file in C:\xampp\htdocs\invoicing_system\database.php on line 6
[02-May-2025 19:48:12 Asia/Baghdad] PHP Warning:  Constant DB_HOST already defined in C:\xampp\htdocs\invoicing_system\config.php on line 58
[02-May-2025 19:48:12 Asia/Baghdad] PHP Warning:  Constant DB_USER already defined in C:\xampp\htdocs\invoicing_system\config.php on line 59
[02-May-2025 19:48:12 Asia/Baghdad] PHP Warning:  Constant DB_PASS already defined in C:\xampp\htdocs\invoicing_system\config.php on line 60
[02-May-2025 19:48:12 Asia/Baghdad] PHP Warning:  Constant DB_NAME already defined in C:\xampp\htdocs\invoicing_system\config.php on line 61
[02-May-2025 19:48:12 Asia/Baghdad] PHP Warning:  Constant SITE_NAME already defined in C:\xampp\htdocs\invoicing_system\config.php on line 65
[02-May-2025 19:48:12 Asia/Baghdad] PHP Warning:  Constant ROOT_PATH already defined in C:\xampp\htdocs\invoicing_system\config.php on line 70
[02-May-2025 19:48:12 Asia/Baghdad] PHP Warning:  Constant MAX_FILE_SIZE already defined in C:\xampp\htdocs\invoicing_system\config.php on line 76
[02-May-2025 19:48:12 Asia/Baghdad] PHP Warning:  Constant ALLOWED_EXTENSIONS already defined in C:\xampp\htdocs\invoicing_system\config.php on line 77
[02-May-2025 19:48:12 Asia/Baghdad] PHP Warning:  ini_set(): Session ini settings cannot be changed when a session is active in C:\xampp\htdocs\invoicing_system\config.php on line 130
[02-May-2025 19:48:12 Asia/Baghdad] PHP Notice:  session_start(): Ignoring session_start() because a session is already active in C:\xampp\htdocs\invoicing_system\config.php on line 131
[02-May-2025 19:48:12 Asia/Baghdad] PHP Warning:  ini_set(): Session ini settings cannot be changed when a session is active in C:\xampp\htdocs\invoicing_system\config.php on line 228
[02-May-2025 19:48:12 Asia/Baghdad] PHP Parse error:  syntax error, unexpected token "<", expecting end of file in C:\xampp\htdocs\invoicing_system\database.php on line 6
[02-May-2025 19:48:12 Asia/Baghdad] PHP Warning:  Constant DB_HOST already defined in C:\xampp\htdocs\invoicing_system\config.php on line 58
[02-May-2025 19:48:12 Asia/Baghdad] PHP Warning:  Constant DB_USER already defined in C:\xampp\htdocs\invoicing_system\config.php on line 59
[02-May-2025 19:48:12 Asia/Baghdad] PHP Warning:  Constant DB_PASS already defined in C:\xampp\htdocs\invoicing_system\config.php on line 60
[02-May-2025 19:48:12 Asia/Baghdad] PHP Warning:  Constant DB_NAME already defined in C:\xampp\htdocs\invoicing_system\config.php on line 61
[02-May-2025 19:48:12 Asia/Baghdad] PHP Warning:  Constant SITE_NAME already defined in C:\xampp\htdocs\invoicing_system\config.php on line 65
[02-May-2025 19:48:12 Asia/Baghdad] PHP Warning:  Constant ROOT_PATH already defined in C:\xampp\htdocs\invoicing_system\config.php on line 70
[02-May-2025 19:48:12 Asia/Baghdad] PHP Warning:  Constant MAX_FILE_SIZE already defined in C:\xampp\htdocs\invoicing_system\config.php on line 76
[02-May-2025 19:48:12 Asia/Baghdad] PHP Warning:  Constant ALLOWED_EXTENSIONS already defined in C:\xampp\htdocs\invoicing_system\config.php on line 77
[02-May-2025 19:48:12 Asia/Baghdad] PHP Warning:  ini_set(): Session ini settings cannot be changed when a session is active in C:\xampp\htdocs\invoicing_system\config.php on line 130
[02-May-2025 19:48:12 Asia/Baghdad] PHP Notice:  session_start(): Ignoring session_start() because a session is already active in C:\xampp\htdocs\invoicing_system\config.php on line 131
[02-May-2025 19:48:12 Asia/Baghdad] PHP Warning:  ini_set(): Session ini settings cannot be changed when a session is active in C:\xampp\htdocs\invoicing_system\config.php on line 228
[02-May-2025 19:48:12 Asia/Baghdad] PHP Parse error:  syntax error, unexpected token "<", expecting end of file in C:\xampp\htdocs\invoicing_system\database.php on line 6
[02-May-2025 19:48:13 Asia/Baghdad] PHP Warning:  Constant DB_HOST already defined in C:\xampp\htdocs\invoicing_system\config.php on line 58
[02-May-2025 19:48:13 Asia/Baghdad] PHP Warning:  Constant DB_USER already defined in C:\xampp\htdocs\invoicing_system\config.php on line 59
[02-May-2025 19:48:13 Asia/Baghdad] PHP Warning:  Constant DB_PASS already defined in C:\xampp\htdocs\invoicing_system\config.php on line 60
[02-May-2025 19:48:13 Asia/Baghdad] PHP Warning:  Constant DB_NAME already defined in C:\xampp\htdocs\invoicing_system\config.php on line 61
[02-May-2025 19:48:13 Asia/Baghdad] PHP Warning:  Constant SITE_NAME already defined in C:\xampp\htdocs\invoicing_system\config.php on line 65
[02-May-2025 19:48:13 Asia/Baghdad] PHP Warning:  Constant ROOT_PATH already defined in C:\xampp\htdocs\invoicing_system\config.php on line 70
[02-May-2025 19:48:13 Asia/Baghdad] PHP Warning:  Constant MAX_FILE_SIZE already defined in C:\xampp\htdocs\invoicing_system\config.php on line 76
[02-May-2025 19:48:13 Asia/Baghdad] PHP Warning:  Constant ALLOWED_EXTENSIONS already defined in C:\xampp\htdocs\invoicing_system\config.php on line 77
[02-May-2025 19:48:13 Asia/Baghdad] PHP Warning:  ini_set(): Session ini settings cannot be changed when a session is active in C:\xampp\htdocs\invoicing_system\config.php on line 130
[02-May-2025 19:48:13 Asia/Baghdad] PHP Notice:  session_start(): Ignoring session_start() because a session is already active in C:\xampp\htdocs\invoicing_system\config.php on line 131
[02-May-2025 19:48:13 Asia/Baghdad] PHP Warning:  ini_set(): Session ini settings cannot be changed when a session is active in C:\xampp\htdocs\invoicing_system\config.php on line 228
[02-May-2025 19:48:13 Asia/Baghdad] PHP Parse error:  syntax error, unexpected token "<", expecting end of file in C:\xampp\htdocs\invoicing_system\database.php on line 6
[02-May-2025 19:48:13 Asia/Baghdad] PHP Warning:  Constant DB_HOST already defined in C:\xampp\htdocs\invoicing_system\config.php on line 58
[02-May-2025 19:48:13 Asia/Baghdad] PHP Warning:  Constant DB_USER already defined in C:\xampp\htdocs\invoicing_system\config.php on line 59
[02-May-2025 19:48:13 Asia/Baghdad] PHP Warning:  Constant DB_PASS already defined in C:\xampp\htdocs\invoicing_system\config.php on line 60
[02-May-2025 19:48:13 Asia/Baghdad] PHP Warning:  Constant DB_NAME already defined in C:\xampp\htdocs\invoicing_system\config.php on line 61
[02-May-2025 19:48:13 Asia/Baghdad] PHP Warning:  Constant SITE_NAME already defined in C:\xampp\htdocs\invoicing_system\config.php on line 65
[02-May-2025 19:48:13 Asia/Baghdad] PHP Warning:  Constant ROOT_PATH already defined in C:\xampp\htdocs\invoicing_system\config.php on line 70
[02-May-2025 19:48:13 Asia/Baghdad] PHP Warning:  Constant MAX_FILE_SIZE already defined in C:\xampp\htdocs\invoicing_system\config.php on line 76
[02-May-2025 19:48:13 Asia/Baghdad] PHP Warning:  Constant ALLOWED_EXTENSIONS already defined in C:\xampp\htdocs\invoicing_system\config.php on line 77
[02-May-2025 19:48:13 Asia/Baghdad] PHP Warning:  ini_set(): Session ini settings cannot be changed when a session is active in C:\xampp\htdocs\invoicing_system\config.php on line 130
[02-May-2025 19:48:13 Asia/Baghdad] PHP Notice:  session_start(): Ignoring session_start() because a session is already active in C:\xampp\htdocs\invoicing_system\config.php on line 131
[02-May-2025 19:48:13 Asia/Baghdad] PHP Warning:  ini_set(): Session ini settings cannot be changed when a session is active in C:\xampp\htdocs\invoicing_system\config.php on line 228
[02-May-2025 19:48:13 Asia/Baghdad] PHP Parse error:  syntax error, unexpected token "<", expecting end of file in C:\xampp\htdocs\invoicing_system\database.php on line 6
[02-May-2025 19:48:13 Asia/Baghdad] PHP Warning:  Constant DB_HOST already defined in C:\xampp\htdocs\invoicing_system\config.php on line 58
[02-May-2025 19:48:13 Asia/Baghdad] PHP Warning:  Constant DB_USER already defined in C:\xampp\htdocs\invoicing_system\config.php on line 59
[02-May-2025 19:48:13 Asia/Baghdad] PHP Warning:  Constant DB_PASS already defined in C:\xampp\htdocs\invoicing_system\config.php on line 60
[02-May-2025 19:48:13 Asia/Baghdad] PHP Warning:  Constant DB_NAME already defined in C:\xampp\htdocs\invoicing_system\config.php on line 61
[02-May-2025 19:48:13 Asia/Baghdad] PHP Warning:  Constant SITE_NAME already defined in C:\xampp\htdocs\invoicing_system\config.php on line 65
[02-May-2025 19:48:13 Asia/Baghdad] PHP Warning:  Constant ROOT_PATH already defined in C:\xampp\htdocs\invoicing_system\config.php on line 70
[02-May-2025 19:48:13 Asia/Baghdad] PHP Warning:  Constant MAX_FILE_SIZE already defined in C:\xampp\htdocs\invoicing_system\config.php on line 76
[02-May-2025 19:48:13 Asia/Baghdad] PHP Warning:  Constant ALLOWED_EXTENSIONS already defined in C:\xampp\htdocs\invoicing_system\config.php on line 77
[02-May-2025 19:48:13 Asia/Baghdad] PHP Warning:  ini_set(): Session ini settings cannot be changed when a session is active in C:\xampp\htdocs\invoicing_system\config.php on line 130
[02-May-2025 19:48:13 Asia/Baghdad] PHP Notice:  session_start(): Ignoring session_start() because a session is already active in C:\xampp\htdocs\invoicing_system\config.php on line 131
[02-May-2025 19:48:13 Asia/Baghdad] PHP Warning:  ini_set(): Session ini settings cannot be changed when a session is active in C:\xampp\htdocs\invoicing_system\config.php on line 228
[02-May-2025 19:48:13 Asia/Baghdad] PHP Parse error:  syntax error, unexpected token "<", expecting end of file in C:\xampp\htdocs\invoicing_system\database.php on line 6
[02-May-2025 19:48:13 Asia/Baghdad] PHP Warning:  Constant DB_HOST already defined in C:\xampp\htdocs\invoicing_system\config.php on line 58
[02-May-2025 19:48:13 Asia/Baghdad] PHP Warning:  Constant DB_USER already defined in C:\xampp\htdocs\invoicing_system\config.php on line 59
[02-May-2025 19:48:13 Asia/Baghdad] PHP Warning:  Constant DB_PASS already defined in C:\xampp\htdocs\invoicing_system\config.php on line 60
[02-May-2025 19:48:13 Asia/Baghdad] PHP Warning:  Constant DB_NAME already defined in C:\xampp\htdocs\invoicing_system\config.php on line 61
[02-May-2025 19:48:13 Asia/Baghdad] PHP Warning:  Constant SITE_NAME already defined in C:\xampp\htdocs\invoicing_system\config.php on line 65
[02-May-2025 19:48:13 Asia/Baghdad] PHP Warning:  Constant ROOT_PATH already defined in C:\xampp\htdocs\invoicing_system\config.php on line 70
[02-May-2025 19:48:13 Asia/Baghdad] PHP Warning:  Constant MAX_FILE_SIZE already defined in C:\xampp\htdocs\invoicing_system\config.php on line 76
[02-May-2025 19:48:13 Asia/Baghdad] PHP Warning:  Constant ALLOWED_EXTENSIONS already defined in C:\xampp\htdocs\invoicing_system\config.php on line 77
[02-May-2025 19:48:13 Asia/Baghdad] PHP Warning:  ini_set(): Session ini settings cannot be changed when a session is active in C:\xampp\htdocs\invoicing_system\config.php on line 130
[02-May-2025 19:48:13 Asia/Baghdad] PHP Notice:  session_start(): Ignoring session_start() because a session is already active in C:\xampp\htdocs\invoicing_system\config.php on line 131
[02-May-2025 19:48:13 Asia/Baghdad] PHP Warning:  ini_set(): Session ini settings cannot be changed when a session is active in C:\xampp\htdocs\invoicing_system\config.php on line 228
[02-May-2025 19:48:13 Asia/Baghdad] PHP Parse error:  syntax error, unexpected token "<", expecting end of file in C:\xampp\htdocs\invoicing_system\database.php on line 6
[02-May-2025 19:48:13 Asia/Baghdad] PHP Warning:  Constant DB_HOST already defined in C:\xampp\htdocs\invoicing_system\config.php on line 58
[02-May-2025 19:48:13 Asia/Baghdad] PHP Warning:  Constant DB_USER already defined in C:\xampp\htdocs\invoicing_system\config.php on line 59
[02-May-2025 19:48:13 Asia/Baghdad] PHP Warning:  Constant DB_PASS already defined in C:\xampp\htdocs\invoicing_system\config.php on line 60
[02-May-2025 19:48:13 Asia/Baghdad] PHP Warning:  Constant DB_NAME already defined in C:\xampp\htdocs\invoicing_system\config.php on line 61
[02-May-2025 19:48:13 Asia/Baghdad] PHP Warning:  Constant SITE_NAME already defined in C:\xampp\htdocs\invoicing_system\config.php on line 65
[02-May-2025 19:48:13 Asia/Baghdad] PHP Warning:  Constant ROOT_PATH already defined in C:\xampp\htdocs\invoicing_system\config.php on line 70
[02-May-2025 19:48:13 Asia/Baghdad] PHP Warning:  Constant MAX_FILE_SIZE already defined in C:\xampp\htdocs\invoicing_system\config.php on line 76
[02-May-2025 19:48:13 Asia/Baghdad] PHP Warning:  Constant ALLOWED_EXTENSIONS already defined in C:\xampp\htdocs\invoicing_system\config.php on line 77
[02-May-2025 19:48:13 Asia/Baghdad] PHP Warning:  ini_set(): Session ini settings cannot be changed when a session is active in C:\xampp\htdocs\invoicing_system\config.php on line 130
[02-May-2025 19:48:13 Asia/Baghdad] PHP Notice:  session_start(): Ignoring session_start() because a session is already active in C:\xampp\htdocs\invoicing_system\config.php on line 131
[02-May-2025 19:48:13 Asia/Baghdad] PHP Warning:  ini_set(): Session ini settings cannot be changed when a session is active in C:\xampp\htdocs\invoicing_system\config.php on line 228
[02-May-2025 19:48:14 Asia/Baghdad] PHP Parse error:  syntax error, unexpected token "<", expecting end of file in C:\xampp\htdocs\invoicing_system\database.php on line 6
[02-May-2025 19:48:14 Asia/Baghdad] PHP Warning:  Constant DB_HOST already defined in C:\xampp\htdocs\invoicing_system\config.php on line 58
[02-May-2025 19:48:14 Asia/Baghdad] PHP Warning:  Constant DB_USER already defined in C:\xampp\htdocs\invoicing_system\config.php on line 59
[02-May-2025 19:48:14 Asia/Baghdad] PHP Warning:  Constant DB_PASS already defined in C:\xampp\htdocs\invoicing_system\config.php on line 60
[02-May-2025 19:48:14 Asia/Baghdad] PHP Warning:  Constant DB_NAME already defined in C:\xampp\htdocs\invoicing_system\config.php on line 61
[02-May-2025 19:48:14 Asia/Baghdad] PHP Warning:  Constant SITE_NAME already defined in C:\xampp\htdocs\invoicing_system\config.php on line 65
[02-May-2025 19:48:14 Asia/Baghdad] PHP Warning:  Constant ROOT_PATH already defined in C:\xampp\htdocs\invoicing_system\config.php on line 70
[02-May-2025 19:48:14 Asia/Baghdad] PHP Warning:  Constant MAX_FILE_SIZE already defined in C:\xampp\htdocs\invoicing_system\config.php on line 76
[02-May-2025 19:48:14 Asia/Baghdad] PHP Warning:  Constant ALLOWED_EXTENSIONS already defined in C:\xampp\htdocs\invoicing_system\config.php on line 77
[02-May-2025 19:48:14 Asia/Baghdad] PHP Warning:  ini_set(): Session ini settings cannot be changed when a session is active in C:\xampp\htdocs\invoicing_system\config.php on line 130
[02-May-2025 19:48:14 Asia/Baghdad] PHP Notice:  session_start(): Ignoring session_start() because a session is already active in C:\xampp\htdocs\invoicing_system\config.php on line 131
[02-May-2025 19:48:14 Asia/Baghdad] PHP Warning:  ini_set(): Session ini settings cannot be changed when a session is active in C:\xampp\htdocs\invoicing_system\config.php on line 228
[02-May-2025 19:48:14 Asia/Baghdad] PHP Parse error:  syntax error, unexpected token "<", expecting end of file in C:\xampp\htdocs\invoicing_system\database.php on line 6
[02-May-2025 19:48:14 Asia/Baghdad] PHP Warning:  Constant DB_HOST already defined in C:\xampp\htdocs\invoicing_system\config.php on line 58
[02-May-2025 19:48:14 Asia/Baghdad] PHP Warning:  Constant DB_USER already defined in C:\xampp\htdocs\invoicing_system\config.php on line 59
[02-May-2025 19:48:14 Asia/Baghdad] PHP Warning:  Constant DB_PASS already defined in C:\xampp\htdocs\invoicing_system\config.php on line 60
[02-May-2025 19:48:14 Asia/Baghdad] PHP Warning:  Constant DB_NAME already defined in C:\xampp\htdocs\invoicing_system\config.php on line 61
[02-May-2025 19:48:14 Asia/Baghdad] PHP Warning:  Constant SITE_NAME already defined in C:\xampp\htdocs\invoicing_system\config.php on line 65
[02-May-2025 19:48:14 Asia/Baghdad] PHP Warning:  Constant ROOT_PATH already defined in C:\xampp\htdocs\invoicing_system\config.php on line 70
[02-May-2025 19:48:14 Asia/Baghdad] PHP Warning:  Constant MAX_FILE_SIZE already defined in C:\xampp\htdocs\invoicing_system\config.php on line 76
[02-May-2025 19:48:14 Asia/Baghdad] PHP Warning:  Constant ALLOWED_EXTENSIONS already defined in C:\xampp\htdocs\invoicing_system\config.php on line 77
[02-May-2025 19:48:14 Asia/Baghdad] PHP Warning:  ini_set(): Session ini settings cannot be changed when a session is active in C:\xampp\htdocs\invoicing_system\config.php on line 130
[02-May-2025 19:48:14 Asia/Baghdad] PHP Notice:  session_start(): Ignoring session_start() because a session is already active in C:\xampp\htdocs\invoicing_system\config.php on line 131
[02-May-2025 19:48:14 Asia/Baghdad] PHP Warning:  ini_set(): Session ini settings cannot be changed when a session is active in C:\xampp\htdocs\invoicing_system\config.php on line 228
[02-May-2025 19:48:14 Asia/Baghdad] PHP Parse error:  syntax error, unexpected token "<", expecting end of file in C:\xampp\htdocs\invoicing_system\database.php on line 6
[02-May-2025 19:48:14 Asia/Baghdad] PHP Warning:  Constant DB_HOST already defined in C:\xampp\htdocs\invoicing_system\config.php on line 58
[02-May-2025 19:48:14 Asia/Baghdad] PHP Warning:  Constant DB_USER already defined in C:\xampp\htdocs\invoicing_system\config.php on line 59
[02-May-2025 19:48:14 Asia/Baghdad] PHP Warning:  Constant DB_PASS already defined in C:\xampp\htdocs\invoicing_system\config.php on line 60
[02-May-2025 19:48:14 Asia/Baghdad] PHP Warning:  Constant DB_NAME already defined in C:\xampp\htdocs\invoicing_system\config.php on line 61
[02-May-2025 19:48:14 Asia/Baghdad] PHP Warning:  Constant SITE_NAME already defined in C:\xampp\htdocs\invoicing_system\config.php on line 65
[02-May-2025 19:48:14 Asia/Baghdad] PHP Warning:  Constant ROOT_PATH already defined in C:\xampp\htdocs\invoicing_system\config.php on line 70
[02-May-2025 19:48:14 Asia/Baghdad] PHP Warning:  Constant MAX_FILE_SIZE already defined in C:\xampp\htdocs\invoicing_system\config.php on line 76
[02-May-2025 19:48:14 Asia/Baghdad] PHP Warning:  Constant ALLOWED_EXTENSIONS already defined in C:\xampp\htdocs\invoicing_system\config.php on line 77
[02-May-2025 19:48:14 Asia/Baghdad] PHP Warning:  ini_set(): Session ini settings cannot be changed when a session is active in C:\xampp\htdocs\invoicing_system\config.php on line 130
[02-May-2025 19:48:14 Asia/Baghdad] PHP Notice:  session_start(): Ignoring session_start() because a session is already active in C:\xampp\htdocs\invoicing_system\config.php on line 131
[02-May-2025 19:48:14 Asia/Baghdad] PHP Warning:  ini_set(): Session ini settings cannot be changed when a session is active in C:\xampp\htdocs\invoicing_system\config.php on line 228
[02-May-2025 19:48:14 Asia/Baghdad] PHP Parse error:  syntax error, unexpected token "<", expecting end of file in C:\xampp\htdocs\invoicing_system\database.php on line 6
[02-May-2025 19:48:14 Asia/Baghdad] PHP Warning:  Constant DB_HOST already defined in C:\xampp\htdocs\invoicing_system\config.php on line 58
[02-May-2025 19:48:14 Asia/Baghdad] PHP Warning:  Constant DB_USER already defined in C:\xampp\htdocs\invoicing_system\config.php on line 59
[02-May-2025 19:48:14 Asia/Baghdad] PHP Warning:  Constant DB_PASS already defined in C:\xampp\htdocs\invoicing_system\config.php on line 60
[02-May-2025 19:48:14 Asia/Baghdad] PHP Warning:  Constant DB_NAME already defined in C:\xampp\htdocs\invoicing_system\config.php on line 61
[02-May-2025 19:48:14 Asia/Baghdad] PHP Warning:  Constant SITE_NAME already defined in C:\xampp\htdocs\invoicing_system\config.php on line 65
[02-May-2025 19:48:14 Asia/Baghdad] PHP Warning:  Constant ROOT_PATH already defined in C:\xampp\htdocs\invoicing_system\config.php on line 70
[02-May-2025 19:48:14 Asia/Baghdad] PHP Warning:  Constant MAX_FILE_SIZE already defined in C:\xampp\htdocs\invoicing_system\config.php on line 76
[02-May-2025 19:48:14 Asia/Baghdad] PHP Warning:  Constant ALLOWED_EXTENSIONS already defined in C:\xampp\htdocs\invoicing_system\config.php on line 77
[02-May-2025 19:48:14 Asia/Baghdad] PHP Warning:  ini_set(): Session ini settings cannot be changed when a session is active in C:\xampp\htdocs\invoicing_system\config.php on line 130
[02-May-2025 19:48:14 Asia/Baghdad] PHP Notice:  session_start(): Ignoring session_start() because a session is already active in C:\xampp\htdocs\invoicing_system\config.php on line 131
[02-May-2025 19:48:14 Asia/Baghdad] PHP Warning:  ini_set(): Session ini settings cannot be changed when a session is active in C:\xampp\htdocs\invoicing_system\config.php on line 228
[02-May-2025 19:48:14 Asia/Baghdad] PHP Parse error:  syntax error, unexpected token "<", expecting end of file in C:\xampp\htdocs\invoicing_system\database.php on line 6
[02-May-2025 19:48:15 Asia/Baghdad] PHP Warning:  Constant DB_HOST already defined in C:\xampp\htdocs\invoicing_system\config.php on line 58
[02-May-2025 19:48:15 Asia/Baghdad] PHP Warning:  Constant DB_USER already defined in C:\xampp\htdocs\invoicing_system\config.php on line 59
[02-May-2025 19:48:15 Asia/Baghdad] PHP Warning:  Constant DB_PASS already defined in C:\xampp\htdocs\invoicing_system\config.php on line 60
[02-May-2025 19:48:15 Asia/Baghdad] PHP Warning:  Constant DB_NAME already defined in C:\xampp\htdocs\invoicing_system\config.php on line 61
[02-May-2025 19:48:15 Asia/Baghdad] PHP Warning:  Constant SITE_NAME already defined in C:\xampp\htdocs\invoicing_system\config.php on line 65
[02-May-2025 19:48:15 Asia/Baghdad] PHP Warning:  Constant ROOT_PATH already defined in C:\xampp\htdocs\invoicing_system\config.php on line 70
[02-May-2025 19:48:15 Asia/Baghdad] PHP Warning:  Constant MAX_FILE_SIZE already defined in C:\xampp\htdocs\invoicing_system\config.php on line 76
[02-May-2025 19:48:15 Asia/Baghdad] PHP Warning:  Constant ALLOWED_EXTENSIONS already defined in C:\xampp\htdocs\invoicing_system\config.php on line 77
[02-May-2025 19:48:15 Asia/Baghdad] PHP Warning:  ini_set(): Session ini settings cannot be changed when a session is active in C:\xampp\htdocs\invoicing_system\config.php on line 130
[02-May-2025 19:48:15 Asia/Baghdad] PHP Notice:  session_start(): Ignoring session_start() because a session is already active in C:\xampp\htdocs\invoicing_system\config.php on line 131
[02-May-2025 19:48:15 Asia/Baghdad] PHP Warning:  ini_set(): Session ini settings cannot be changed when a session is active in C:\xampp\htdocs\invoicing_system\config.php on line 228
[02-May-2025 19:48:15 Asia/Baghdad] PHP Parse error:  syntax error, unexpected token "<", expecting end of file in C:\xampp\htdocs\invoicing_system\database.php on line 6
[02-May-2025 19:48:15 Asia/Baghdad] PHP Warning:  Constant DB_HOST already defined in C:\xampp\htdocs\invoicing_system\config.php on line 58
[02-May-2025 19:48:15 Asia/Baghdad] PHP Warning:  Constant DB_USER already defined in C:\xampp\htdocs\invoicing_system\config.php on line 59
[02-May-2025 19:48:15 Asia/Baghdad] PHP Warning:  Constant DB_PASS already defined in C:\xampp\htdocs\invoicing_system\config.php on line 60
[02-May-2025 19:48:15 Asia/Baghdad] PHP Warning:  Constant DB_NAME already defined in C:\xampp\htdocs\invoicing_system\config.php on line 61
[02-May-2025 19:48:15 Asia/Baghdad] PHP Warning:  Constant SITE_NAME already defined in C:\xampp\htdocs\invoicing_system\config.php on line 65
[02-May-2025 19:48:15 Asia/Baghdad] PHP Warning:  Constant ROOT_PATH already defined in C:\xampp\htdocs\invoicing_system\config.php on line 70
[02-May-2025 19:48:15 Asia/Baghdad] PHP Warning:  Constant MAX_FILE_SIZE already defined in C:\xampp\htdocs\invoicing_system\config.php on line 76
[02-May-2025 19:48:15 Asia/Baghdad] PHP Warning:  Constant ALLOWED_EXTENSIONS already defined in C:\xampp\htdocs\invoicing_system\config.php on line 77
[02-May-2025 19:48:15 Asia/Baghdad] PHP Warning:  ini_set(): Session ini settings cannot be changed when a session is active in C:\xampp\htdocs\invoicing_system\config.php on line 130
[02-May-2025 19:48:15 Asia/Baghdad] PHP Notice:  session_start(): Ignoring session_start() because a session is already active in C:\xampp\htdocs\invoicing_system\config.php on line 131
[02-May-2025 19:48:15 Asia/Baghdad] PHP Warning:  ini_set(): Session ini settings cannot be changed when a session is active in C:\xampp\htdocs\invoicing_system\config.php on line 228
[02-May-2025 19:48:15 Asia/Baghdad] PHP Parse error:  syntax error, unexpected token "<", expecting end of file in C:\xampp\htdocs\invoicing_system\database.php on line 6
[02-May-2025 19:48:28 Asia/Baghdad] PHP Warning:  Constant DB_HOST already defined in C:\xampp\htdocs\invoicing_system\config.php on line 58
[02-May-2025 19:48:28 Asia/Baghdad] PHP Warning:  Constant DB_USER already defined in C:\xampp\htdocs\invoicing_system\config.php on line 59
[02-May-2025 19:48:28 Asia/Baghdad] PHP Warning:  Constant DB_PASS already defined in C:\xampp\htdocs\invoicing_system\config.php on line 60
[02-May-2025 19:48:28 Asia/Baghdad] PHP Warning:  Constant DB_NAME already defined in C:\xampp\htdocs\invoicing_system\config.php on line 61
[02-May-2025 19:48:28 Asia/Baghdad] PHP Warning:  Constant SITE_NAME already defined in C:\xampp\htdocs\invoicing_system\config.php on line 65
[02-May-2025 19:48:28 Asia/Baghdad] PHP Warning:  Constant ROOT_PATH already defined in C:\xampp\htdocs\invoicing_system\config.php on line 70
[02-May-2025 19:48:28 Asia/Baghdad] PHP Warning:  Constant MAX_FILE_SIZE already defined in C:\xampp\htdocs\invoicing_system\config.php on line 76
[02-May-2025 19:48:28 Asia/Baghdad] PHP Warning:  Constant ALLOWED_EXTENSIONS already defined in C:\xampp\htdocs\invoicing_system\config.php on line 77
[02-May-2025 19:48:28 Asia/Baghdad] PHP Warning:  ini_set(): Session ini settings cannot be changed when a session is active in C:\xampp\htdocs\invoicing_system\config.php on line 130
[02-May-2025 19:48:28 Asia/Baghdad] PHP Notice:  session_start(): Ignoring session_start() because a session is already active in C:\xampp\htdocs\invoicing_system\config.php on line 131
[02-May-2025 19:48:28 Asia/Baghdad] PHP Parse error:  syntax error, unexpected token "<", expecting end of file in C:\xampp\htdocs\invoicing_system\database.php on line 6
[02-May-2025 19:48:28 Asia/Baghdad] PHP Warning:  Constant DB_HOST already defined in C:\xampp\htdocs\invoicing_system\config.php on line 58
[02-May-2025 19:48:28 Asia/Baghdad] PHP Warning:  Constant DB_USER already defined in C:\xampp\htdocs\invoicing_system\config.php on line 59
[02-May-2025 19:48:28 Asia/Baghdad] PHP Warning:  Constant DB_PASS already defined in C:\xampp\htdocs\invoicing_system\config.php on line 60
[02-May-2025 19:48:28 Asia/Baghdad] PHP Warning:  Constant DB_NAME already defined in C:\xampp\htdocs\invoicing_system\config.php on line 61
[02-May-2025 19:48:28 Asia/Baghdad] PHP Warning:  Constant SITE_NAME already defined in C:\xampp\htdocs\invoicing_system\config.php on line 65
[02-May-2025 19:48:28 Asia/Baghdad] PHP Warning:  Constant ROOT_PATH already defined in C:\xampp\htdocs\invoicing_system\config.php on line 70
[02-May-2025 19:48:28 Asia/Baghdad] PHP Warning:  Constant MAX_FILE_SIZE already defined in C:\xampp\htdocs\invoicing_system\config.php on line 76
[02-May-2025 19:48:28 Asia/Baghdad] PHP Warning:  Constant ALLOWED_EXTENSIONS already defined in C:\xampp\htdocs\invoicing_system\config.php on line 77
[02-May-2025 19:48:28 Asia/Baghdad] PHP Warning:  ini_set(): Session ini settings cannot be changed when a session is active in C:\xampp\htdocs\invoicing_system\config.php on line 130
[02-May-2025 19:48:28 Asia/Baghdad] PHP Notice:  session_start(): Ignoring session_start() because a session is already active in C:\xampp\htdocs\invoicing_system\config.php on line 131
[02-May-2025 19:48:28 Asia/Baghdad] PHP Parse error:  syntax error, unexpected token "<", expecting end of file in C:\xampp\htdocs\invoicing_system\database.php on line 6
[02-May-2025 19:48:29 Asia/Baghdad] PHP Warning:  Constant DB_HOST already defined in C:\xampp\htdocs\invoicing_system\config.php on line 58
[02-May-2025 19:48:29 Asia/Baghdad] PHP Warning:  Constant DB_USER already defined in C:\xampp\htdocs\invoicing_system\config.php on line 59
[02-May-2025 19:48:29 Asia/Baghdad] PHP Warning:  Constant DB_PASS already defined in C:\xampp\htdocs\invoicing_system\config.php on line 60
[02-May-2025 19:48:29 Asia/Baghdad] PHP Warning:  Constant DB_NAME already defined in C:\xampp\htdocs\invoicing_system\config.php on line 61
[02-May-2025 19:48:29 Asia/Baghdad] PHP Warning:  Constant SITE_NAME already defined in C:\xampp\htdocs\invoicing_system\config.php on line 65
[02-May-2025 19:48:29 Asia/Baghdad] PHP Warning:  Constant ROOT_PATH already defined in C:\xampp\htdocs\invoicing_system\config.php on line 70
[02-May-2025 19:48:29 Asia/Baghdad] PHP Warning:  Constant MAX_FILE_SIZE already defined in C:\xampp\htdocs\invoicing_system\config.php on line 76
[02-May-2025 19:48:29 Asia/Baghdad] PHP Warning:  Constant ALLOWED_EXTENSIONS already defined in C:\xampp\htdocs\invoicing_system\config.php on line 77
[02-May-2025 19:48:29 Asia/Baghdad] PHP Warning:  ini_set(): Session ini settings cannot be changed when a session is active in C:\xampp\htdocs\invoicing_system\config.php on line 130
[02-May-2025 19:48:29 Asia/Baghdad] PHP Notice:  session_start(): Ignoring session_start() because a session is already active in C:\xampp\htdocs\invoicing_system\config.php on line 131
[02-May-2025 19:48:29 Asia/Baghdad] PHP Parse error:  syntax error, unexpected token "<", expecting end of file in C:\xampp\htdocs\invoicing_system\database.php on line 6
[02-May-2025 19:48:29 Asia/Baghdad] PHP Warning:  Constant DB_HOST already defined in C:\xampp\htdocs\invoicing_system\config.php on line 58
[02-May-2025 19:48:29 Asia/Baghdad] PHP Warning:  Constant DB_USER already defined in C:\xampp\htdocs\invoicing_system\config.php on line 59
[02-May-2025 19:48:29 Asia/Baghdad] PHP Warning:  Constant DB_PASS already defined in C:\xampp\htdocs\invoicing_system\config.php on line 60
[02-May-2025 19:48:29 Asia/Baghdad] PHP Warning:  Constant DB_NAME already defined in C:\xampp\htdocs\invoicing_system\config.php on line 61
[02-May-2025 19:48:29 Asia/Baghdad] PHP Warning:  Constant SITE_NAME already defined in C:\xampp\htdocs\invoicing_system\config.php on line 65
[02-May-2025 19:48:29 Asia/Baghdad] PHP Warning:  Constant ROOT_PATH already defined in C:\xampp\htdocs\invoicing_system\config.php on line 70
[02-May-2025 19:48:29 Asia/Baghdad] PHP Warning:  Constant MAX_FILE_SIZE already defined in C:\xampp\htdocs\invoicing_system\config.php on line 76
[02-May-2025 19:48:29 Asia/Baghdad] PHP Warning:  Constant ALLOWED_EXTENSIONS already defined in C:\xampp\htdocs\invoicing_system\config.php on line 77
[02-May-2025 19:48:29 Asia/Baghdad] PHP Warning:  ini_set(): Session ini settings cannot be changed when a session is active in C:\xampp\htdocs\invoicing_system\config.php on line 130
[02-May-2025 19:48:29 Asia/Baghdad] PHP Notice:  session_start(): Ignoring session_start() because a session is already active in C:\xampp\htdocs\invoicing_system\config.php on line 131
[02-May-2025 19:48:29 Asia/Baghdad] PHP Parse error:  syntax error, unexpected token "<", expecting end of file in C:\xampp\htdocs\invoicing_system\database.php on line 6
[02-May-2025 19:48:29 Asia/Baghdad] PHP Warning:  Constant DB_HOST already defined in C:\xampp\htdocs\invoicing_system\config.php on line 58
[02-May-2025 19:48:29 Asia/Baghdad] PHP Warning:  Constant DB_USER already defined in C:\xampp\htdocs\invoicing_system\config.php on line 59
[02-May-2025 19:48:29 Asia/Baghdad] PHP Warning:  Constant DB_PASS already defined in C:\xampp\htdocs\invoicing_system\config.php on line 60
[02-May-2025 19:48:29 Asia/Baghdad] PHP Warning:  Constant DB_NAME already defined in C:\xampp\htdocs\invoicing_system\config.php on line 61
[02-May-2025 19:48:29 Asia/Baghdad] PHP Warning:  Constant SITE_NAME already defined in C:\xampp\htdocs\invoicing_system\config.php on line 65
[02-May-2025 19:48:29 Asia/Baghdad] PHP Warning:  Constant ROOT_PATH already defined in C:\xampp\htdocs\invoicing_system\config.php on line 70
[02-May-2025 19:48:29 Asia/Baghdad] PHP Warning:  Constant MAX_FILE_SIZE already defined in C:\xampp\htdocs\invoicing_system\config.php on line 76
[02-May-2025 19:48:29 Asia/Baghdad] PHP Warning:  Constant ALLOWED_EXTENSIONS already defined in C:\xampp\htdocs\invoicing_system\config.php on line 77
[02-May-2025 19:48:29 Asia/Baghdad] PHP Warning:  ini_set(): Session ini settings cannot be changed when a session is active in C:\xampp\htdocs\invoicing_system\config.php on line 130
[02-May-2025 19:48:29 Asia/Baghdad] PHP Notice:  session_start(): Ignoring session_start() because a session is already active in C:\xampp\htdocs\invoicing_system\config.php on line 131
[02-May-2025 19:48:29 Asia/Baghdad] PHP Parse error:  syntax error, unexpected token "<", expecting end of file in C:\xampp\htdocs\invoicing_system\database.php on line 6
[02-May-2025 19:48:29 Asia/Baghdad] PHP Warning:  Constant DB_HOST already defined in C:\xampp\htdocs\invoicing_system\config.php on line 58
[02-May-2025 19:48:29 Asia/Baghdad] PHP Warning:  Constant DB_USER already defined in C:\xampp\htdocs\invoicing_system\config.php on line 59
[02-May-2025 19:48:29 Asia/Baghdad] PHP Warning:  Constant DB_PASS already defined in C:\xampp\htdocs\invoicing_system\config.php on line 60
[02-May-2025 19:48:29 Asia/Baghdad] PHP Warning:  Constant DB_NAME already defined in C:\xampp\htdocs\invoicing_system\config.php on line 61
[02-May-2025 19:48:29 Asia/Baghdad] PHP Warning:  Constant SITE_NAME already defined in C:\xampp\htdocs\invoicing_system\config.php on line 65
[02-May-2025 19:48:29 Asia/Baghdad] PHP Warning:  Constant ROOT_PATH already defined in C:\xampp\htdocs\invoicing_system\config.php on line 70
[02-May-2025 19:48:29 Asia/Baghdad] PHP Warning:  Constant MAX_FILE_SIZE already defined in C:\xampp\htdocs\invoicing_system\config.php on line 76
[02-May-2025 19:48:29 Asia/Baghdad] PHP Warning:  Constant ALLOWED_EXTENSIONS already defined in C:\xampp\htdocs\invoicing_system\config.php on line 77
[02-May-2025 19:48:29 Asia/Baghdad] PHP Warning:  ini_set(): Session ini settings cannot be changed when a session is active in C:\xampp\htdocs\invoicing_system\config.php on line 130
[02-May-2025 19:48:29 Asia/Baghdad] PHP Notice:  session_start(): Ignoring session_start() because a session is already active in C:\xampp\htdocs\invoicing_system\config.php on line 131
[02-May-2025 19:48:29 Asia/Baghdad] PHP Parse error:  syntax error, unexpected token "<", expecting end of file in C:\xampp\htdocs\invoicing_system\database.php on line 6
[02-May-2025 19:48:29 Asia/Baghdad] PHP Warning:  Constant DB_HOST already defined in C:\xampp\htdocs\invoicing_system\config.php on line 58
[02-May-2025 19:48:29 Asia/Baghdad] PHP Warning:  Constant DB_USER already defined in C:\xampp\htdocs\invoicing_system\config.php on line 59
[02-May-2025 19:48:29 Asia/Baghdad] PHP Warning:  Constant DB_PASS already defined in C:\xampp\htdocs\invoicing_system\config.php on line 60
[02-May-2025 19:48:29 Asia/Baghdad] PHP Warning:  Constant DB_NAME already defined in C:\xampp\htdocs\invoicing_system\config.php on line 61
[02-May-2025 19:48:29 Asia/Baghdad] PHP Warning:  Constant SITE_NAME already defined in C:\xampp\htdocs\invoicing_system\config.php on line 65
[02-May-2025 19:48:29 Asia/Baghdad] PHP Warning:  Constant ROOT_PATH already defined in C:\xampp\htdocs\invoicing_system\config.php on line 70
[02-May-2025 19:48:29 Asia/Baghdad] PHP Warning:  Constant MAX_FILE_SIZE already defined in C:\xampp\htdocs\invoicing_system\config.php on line 76
[02-May-2025 19:48:29 Asia/Baghdad] PHP Warning:  Constant ALLOWED_EXTENSIONS already defined in C:\xampp\htdocs\invoicing_system\config.php on line 77
[02-May-2025 19:48:29 Asia/Baghdad] PHP Warning:  ini_set(): Session ini settings cannot be changed when a session is active in C:\xampp\htdocs\invoicing_system\config.php on line 130
[02-May-2025 19:48:29 Asia/Baghdad] PHP Notice:  session_start(): Ignoring session_start() because a session is already active in C:\xampp\htdocs\invoicing_system\config.php on line 131
[02-May-2025 19:48:29 Asia/Baghdad] PHP Parse error:  syntax error, unexpected token "<", expecting end of file in C:\xampp\htdocs\invoicing_system\database.php on line 6
[02-May-2025 19:48:30 Asia/Baghdad] PHP Warning:  Constant DB_HOST already defined in C:\xampp\htdocs\invoicing_system\config.php on line 58
[02-May-2025 19:48:30 Asia/Baghdad] PHP Warning:  Constant DB_USER already defined in C:\xampp\htdocs\invoicing_system\config.php on line 59
[02-May-2025 19:48:30 Asia/Baghdad] PHP Warning:  Constant DB_PASS already defined in C:\xampp\htdocs\invoicing_system\config.php on line 60
[02-May-2025 19:48:30 Asia/Baghdad] PHP Warning:  Constant DB_NAME already defined in C:\xampp\htdocs\invoicing_system\config.php on line 61
[02-May-2025 19:48:30 Asia/Baghdad] PHP Warning:  Constant SITE_NAME already defined in C:\xampp\htdocs\invoicing_system\config.php on line 65
[02-May-2025 19:48:30 Asia/Baghdad] PHP Warning:  Constant ROOT_PATH already defined in C:\xampp\htdocs\invoicing_system\config.php on line 70
[02-May-2025 19:48:30 Asia/Baghdad] PHP Warning:  Constant MAX_FILE_SIZE already defined in C:\xampp\htdocs\invoicing_system\config.php on line 76
[02-May-2025 19:48:30 Asia/Baghdad] PHP Warning:  Constant ALLOWED_EXTENSIONS already defined in C:\xampp\htdocs\invoicing_system\config.php on line 77
[02-May-2025 19:48:30 Asia/Baghdad] PHP Warning:  ini_set(): Session ini settings cannot be changed when a session is active in C:\xampp\htdocs\invoicing_system\config.php on line 130
[02-May-2025 19:48:30 Asia/Baghdad] PHP Notice:  session_start(): Ignoring session_start() because a session is already active in C:\xampp\htdocs\invoicing_system\config.php on line 131
[02-May-2025 19:48:30 Asia/Baghdad] PHP Parse error:  syntax error, unexpected token "<", expecting end of file in C:\xampp\htdocs\invoicing_system\database.php on line 6
[02-May-2025 19:48:30 Asia/Baghdad] PHP Warning:  Constant DB_HOST already defined in C:\xampp\htdocs\invoicing_system\config.php on line 58
[02-May-2025 19:48:30 Asia/Baghdad] PHP Warning:  Constant DB_USER already defined in C:\xampp\htdocs\invoicing_system\config.php on line 59
[02-May-2025 19:48:30 Asia/Baghdad] PHP Warning:  Constant DB_PASS already defined in C:\xampp\htdocs\invoicing_system\config.php on line 60
[02-May-2025 19:48:30 Asia/Baghdad] PHP Warning:  Constant DB_NAME already defined in C:\xampp\htdocs\invoicing_system\config.php on line 61
[02-May-2025 19:48:30 Asia/Baghdad] PHP Warning:  Constant SITE_NAME already defined in C:\xampp\htdocs\invoicing_system\config.php on line 65
[02-May-2025 19:48:30 Asia/Baghdad] PHP Warning:  Constant ROOT_PATH already defined in C:\xampp\htdocs\invoicing_system\config.php on line 70
[02-May-2025 19:48:30 Asia/Baghdad] PHP Warning:  Constant MAX_FILE_SIZE already defined in C:\xampp\htdocs\invoicing_system\config.php on line 76
[02-May-2025 19:48:30 Asia/Baghdad] PHP Warning:  Constant ALLOWED_EXTENSIONS already defined in C:\xampp\htdocs\invoicing_system\config.php on line 77
[02-May-2025 19:48:30 Asia/Baghdad] PHP Warning:  ini_set(): Session ini settings cannot be changed when a session is active in C:\xampp\htdocs\invoicing_system\config.php on line 130
[02-May-2025 19:48:30 Asia/Baghdad] PHP Notice:  session_start(): Ignoring session_start() because a session is already active in C:\xampp\htdocs\invoicing_system\config.php on line 131
[02-May-2025 19:48:30 Asia/Baghdad] PHP Parse error:  syntax error, unexpected token "<", expecting end of file in C:\xampp\htdocs\invoicing_system\database.php on line 6
[02-May-2025 19:48:30 Asia/Baghdad] PHP Warning:  Constant DB_HOST already defined in C:\xampp\htdocs\invoicing_system\config.php on line 58
[02-May-2025 19:48:30 Asia/Baghdad] PHP Warning:  Constant DB_USER already defined in C:\xampp\htdocs\invoicing_system\config.php on line 59
[02-May-2025 19:48:30 Asia/Baghdad] PHP Warning:  Constant DB_PASS already defined in C:\xampp\htdocs\invoicing_system\config.php on line 60
[02-May-2025 19:48:30 Asia/Baghdad] PHP Warning:  Constant DB_NAME already defined in C:\xampp\htdocs\invoicing_system\config.php on line 61
[02-May-2025 19:48:30 Asia/Baghdad] PHP Warning:  Constant SITE_NAME already defined in C:\xampp\htdocs\invoicing_system\config.php on line 65
[02-May-2025 19:48:30 Asia/Baghdad] PHP Warning:  Constant ROOT_PATH already defined in C:\xampp\htdocs\invoicing_system\config.php on line 70
[02-May-2025 19:48:30 Asia/Baghdad] PHP Warning:  Constant MAX_FILE_SIZE already defined in C:\xampp\htdocs\invoicing_system\config.php on line 76
[02-May-2025 19:48:30 Asia/Baghdad] PHP Warning:  Constant ALLOWED_EXTENSIONS already defined in C:\xampp\htdocs\invoicing_system\config.php on line 77
[02-May-2025 19:48:30 Asia/Baghdad] PHP Warning:  ini_set(): Session ini settings cannot be changed when a session is active in C:\xampp\htdocs\invoicing_system\config.php on line 130
[02-May-2025 19:48:30 Asia/Baghdad] PHP Notice:  session_start(): Ignoring session_start() because a session is already active in C:\xampp\htdocs\invoicing_system\config.php on line 131
[02-May-2025 19:48:30 Asia/Baghdad] PHP Parse error:  syntax error, unexpected token "<", expecting end of file in C:\xampp\htdocs\invoicing_system\database.php on line 6
[02-May-2025 19:48:30 Asia/Baghdad] PHP Warning:  Constant DB_HOST already defined in C:\xampp\htdocs\invoicing_system\config.php on line 58
[02-May-2025 19:48:30 Asia/Baghdad] PHP Warning:  Constant DB_USER already defined in C:\xampp\htdocs\invoicing_system\config.php on line 59
[02-May-2025 19:48:30 Asia/Baghdad] PHP Warning:  Constant DB_PASS already defined in C:\xampp\htdocs\invoicing_system\config.php on line 60
[02-May-2025 19:48:30 Asia/Baghdad] PHP Warning:  Constant DB_NAME already defined in C:\xampp\htdocs\invoicing_system\config.php on line 61
[02-May-2025 19:48:30 Asia/Baghdad] PHP Warning:  Constant SITE_NAME already defined in C:\xampp\htdocs\invoicing_system\config.php on line 65
[02-May-2025 19:48:30 Asia/Baghdad] PHP Warning:  Constant ROOT_PATH already defined in C:\xampp\htdocs\invoicing_system\config.php on line 70
[02-May-2025 19:48:30 Asia/Baghdad] PHP Warning:  Constant MAX_FILE_SIZE already defined in C:\xampp\htdocs\invoicing_system\config.php on line 76
[02-May-2025 19:48:30 Asia/Baghdad] PHP Warning:  Constant ALLOWED_EXTENSIONS already defined in C:\xampp\htdocs\invoicing_system\config.php on line 77
[02-May-2025 19:48:30 Asia/Baghdad] PHP Warning:  ini_set(): Session ini settings cannot be changed when a session is active in C:\xampp\htdocs\invoicing_system\config.php on line 130
[02-May-2025 19:48:30 Asia/Baghdad] PHP Notice:  session_start(): Ignoring session_start() because a session is already active in C:\xampp\htdocs\invoicing_system\config.php on line 131
[02-May-2025 19:48:30 Asia/Baghdad] PHP Parse error:  syntax error, unexpected token "<", expecting end of file in C:\xampp\htdocs\invoicing_system\database.php on line 6
[02-May-2025 19:48:30 Asia/Baghdad] PHP Warning:  Constant DB_HOST already defined in C:\xampp\htdocs\invoicing_system\config.php on line 58
[02-May-2025 19:48:30 Asia/Baghdad] PHP Warning:  Constant DB_USER already defined in C:\xampp\htdocs\invoicing_system\config.php on line 59
[02-May-2025 19:48:30 Asia/Baghdad] PHP Warning:  Constant DB_PASS already defined in C:\xampp\htdocs\invoicing_system\config.php on line 60
[02-May-2025 19:48:30 Asia/Baghdad] PHP Warning:  Constant DB_NAME already defined in C:\xampp\htdocs\invoicing_system\config.php on line 61
[02-May-2025 19:48:30 Asia/Baghdad] PHP Warning:  Constant SITE_NAME already defined in C:\xampp\htdocs\invoicing_system\config.php on line 65
[02-May-2025 19:48:30 Asia/Baghdad] PHP Warning:  Constant ROOT_PATH already defined in C:\xampp\htdocs\invoicing_system\config.php on line 70
[02-May-2025 19:48:30 Asia/Baghdad] PHP Warning:  Constant MAX_FILE_SIZE already defined in C:\xampp\htdocs\invoicing_system\config.php on line 76
[02-May-2025 19:48:30 Asia/Baghdad] PHP Warning:  Constant ALLOWED_EXTENSIONS already defined in C:\xampp\htdocs\invoicing_system\config.php on line 77
[02-May-2025 19:48:30 Asia/Baghdad] PHP Warning:  ini_set(): Session ini settings cannot be changed when a session is active in C:\xampp\htdocs\invoicing_system\config.php on line 130
[02-May-2025 19:48:30 Asia/Baghdad] PHP Notice:  session_start(): Ignoring session_start() because a session is already active in C:\xampp\htdocs\invoicing_system\config.php on line 131
[02-May-2025 19:48:30 Asia/Baghdad] PHP Parse error:  syntax error, unexpected token "<", expecting end of file in C:\xampp\htdocs\invoicing_system\database.php on line 6
[02-May-2025 19:48:31 Asia/Baghdad] PHP Warning:  Constant DB_HOST already defined in C:\xampp\htdocs\invoicing_system\config.php on line 58
[02-May-2025 19:48:31 Asia/Baghdad] PHP Warning:  Constant DB_USER already defined in C:\xampp\htdocs\invoicing_system\config.php on line 59
[02-May-2025 19:48:31 Asia/Baghdad] PHP Warning:  Constant DB_PASS already defined in C:\xampp\htdocs\invoicing_system\config.php on line 60
[02-May-2025 19:48:31 Asia/Baghdad] PHP Warning:  Constant DB_NAME already defined in C:\xampp\htdocs\invoicing_system\config.php on line 61
[02-May-2025 19:48:31 Asia/Baghdad] PHP Warning:  Constant SITE_NAME already defined in C:\xampp\htdocs\invoicing_system\config.php on line 65
[02-May-2025 19:48:31 Asia/Baghdad] PHP Warning:  Constant ROOT_PATH already defined in C:\xampp\htdocs\invoicing_system\config.php on line 70
[02-May-2025 19:48:31 Asia/Baghdad] PHP Warning:  Constant MAX_FILE_SIZE already defined in C:\xampp\htdocs\invoicing_system\config.php on line 76
[02-May-2025 19:48:31 Asia/Baghdad] PHP Warning:  Constant ALLOWED_EXTENSIONS already defined in C:\xampp\htdocs\invoicing_system\config.php on line 77
[02-May-2025 19:48:31 Asia/Baghdad] PHP Warning:  ini_set(): Session ini settings cannot be changed when a session is active in C:\xampp\htdocs\invoicing_system\config.php on line 130
[02-May-2025 19:48:31 Asia/Baghdad] PHP Notice:  session_start(): Ignoring session_start() because a session is already active in C:\xampp\htdocs\invoicing_system\config.php on line 131
[02-May-2025 19:48:31 Asia/Baghdad] PHP Parse error:  syntax error, unexpected token "<", expecting end of file in C:\xampp\htdocs\invoicing_system\database.php on line 6
[02-May-2025 19:48:45 Asia/Baghdad] PHP Warning:  Constant DB_HOST already defined in C:\xampp\htdocs\invoicing_system\config.php on line 58
[02-May-2025 19:48:45 Asia/Baghdad] PHP Warning:  Constant DB_USER already defined in C:\xampp\htdocs\invoicing_system\config.php on line 59
[02-May-2025 19:48:45 Asia/Baghdad] PHP Warning:  Constant DB_PASS already defined in C:\xampp\htdocs\invoicing_system\config.php on line 60
[02-May-2025 19:48:45 Asia/Baghdad] PHP Warning:  Constant DB_NAME already defined in C:\xampp\htdocs\invoicing_system\config.php on line 61
[02-May-2025 19:48:45 Asia/Baghdad] PHP Warning:  Constant SITE_NAME already defined in C:\xampp\htdocs\invoicing_system\config.php on line 65
[02-May-2025 19:48:45 Asia/Baghdad] PHP Warning:  Constant ROOT_PATH already defined in C:\xampp\htdocs\invoicing_system\config.php on line 70
[02-May-2025 19:48:45 Asia/Baghdad] PHP Warning:  Constant MAX_FILE_SIZE already defined in C:\xampp\htdocs\invoicing_system\config.php on line 76
[02-May-2025 19:48:45 Asia/Baghdad] PHP Warning:  Constant ALLOWED_EXTENSIONS already defined in C:\xampp\htdocs\invoicing_system\config.php on line 77
[02-May-2025 19:48:45 Asia/Baghdad] PHP Parse error:  syntax error, unexpected token "<", expecting end of file in C:\xampp\htdocs\invoicing_system\database.php on line 6
[02-May-2025 19:49:00 Asia/Baghdad] PHP Warning:  Constant DB_HOST already defined in C:\xampp\htdocs\invoicing_system\config.php on line 58
[02-May-2025 19:49:00 Asia/Baghdad] PHP Warning:  Constant DB_USER already defined in C:\xampp\htdocs\invoicing_system\config.php on line 59
[02-May-2025 19:49:00 Asia/Baghdad] PHP Warning:  Constant DB_PASS already defined in C:\xampp\htdocs\invoicing_system\config.php on line 60
[02-May-2025 19:49:00 Asia/Baghdad] PHP Warning:  Constant DB_NAME already defined in C:\xampp\htdocs\invoicing_system\config.php on line 61
[02-May-2025 19:49:00 Asia/Baghdad] PHP Warning:  Constant SITE_NAME already defined in C:\xampp\htdocs\invoicing_system\config.php on line 65
[02-May-2025 19:49:00 Asia/Baghdad] PHP Warning:  Constant ROOT_PATH already defined in C:\xampp\htdocs\invoicing_system\config.php on line 70
[02-May-2025 19:49:00 Asia/Baghdad] PHP Warning:  Constant MAX_FILE_SIZE already defined in C:\xampp\htdocs\invoicing_system\config.php on line 76
[02-May-2025 19:49:00 Asia/Baghdad] PHP Warning:  Constant ALLOWED_EXTENSIONS already defined in C:\xampp\htdocs\invoicing_system\config.php on line 77
[02-May-2025 19:49:00 Asia/Baghdad] PHP Notice:  session_start(): Ignoring session_start() because a session is already active in C:\xampp\htdocs\invoicing_system\config.php on line 134
[02-May-2025 19:49:00 Asia/Baghdad] PHP Parse error:  syntax error, unexpected token "<", expecting end of file in C:\xampp\htdocs\invoicing_system\database.php on line 6
[02-May-2025 19:49:00 Asia/Baghdad] PHP Warning:  Constant DB_HOST already defined in C:\xampp\htdocs\invoicing_system\config.php on line 58
[02-May-2025 19:49:00 Asia/Baghdad] PHP Warning:  Constant DB_USER already defined in C:\xampp\htdocs\invoicing_system\config.php on line 59
[02-May-2025 19:49:00 Asia/Baghdad] PHP Warning:  Constant DB_PASS already defined in C:\xampp\htdocs\invoicing_system\config.php on line 60
[02-May-2025 19:49:00 Asia/Baghdad] PHP Warning:  Constant DB_NAME already defined in C:\xampp\htdocs\invoicing_system\config.php on line 61
[02-May-2025 19:49:00 Asia/Baghdad] PHP Warning:  Constant SITE_NAME already defined in C:\xampp\htdocs\invoicing_system\config.php on line 65
[02-May-2025 19:49:00 Asia/Baghdad] PHP Warning:  Constant ROOT_PATH already defined in C:\xampp\htdocs\invoicing_system\config.php on line 70
[02-May-2025 19:49:00 Asia/Baghdad] PHP Warning:  Constant MAX_FILE_SIZE already defined in C:\xampp\htdocs\invoicing_system\config.php on line 76
[02-May-2025 19:49:00 Asia/Baghdad] PHP Warning:  Constant ALLOWED_EXTENSIONS already defined in C:\xampp\htdocs\invoicing_system\config.php on line 77
[02-May-2025 19:49:00 Asia/Baghdad] PHP Notice:  session_start(): Ignoring session_start() because a session is already active in C:\xampp\htdocs\invoicing_system\config.php on line 134
[02-May-2025 19:49:00 Asia/Baghdad] PHP Parse error:  syntax error, unexpected token "<", expecting end of file in C:\xampp\htdocs\invoicing_system\database.php on line 6
[02-May-2025 19:49:01 Asia/Baghdad] PHP Warning:  Constant DB_HOST already defined in C:\xampp\htdocs\invoicing_system\config.php on line 58
[02-May-2025 19:49:01 Asia/Baghdad] PHP Warning:  Constant DB_USER already defined in C:\xampp\htdocs\invoicing_system\config.php on line 59
[02-May-2025 19:49:01 Asia/Baghdad] PHP Warning:  Constant DB_PASS already defined in C:\xampp\htdocs\invoicing_system\config.php on line 60
[02-May-2025 19:49:01 Asia/Baghdad] PHP Warning:  Constant DB_NAME already defined in C:\xampp\htdocs\invoicing_system\config.php on line 61
[02-May-2025 19:49:01 Asia/Baghdad] PHP Warning:  Constant SITE_NAME already defined in C:\xampp\htdocs\invoicing_system\config.php on line 65
[02-May-2025 19:49:01 Asia/Baghdad] PHP Warning:  Constant ROOT_PATH already defined in C:\xampp\htdocs\invoicing_system\config.php on line 70
[02-May-2025 19:49:01 Asia/Baghdad] PHP Warning:  Constant MAX_FILE_SIZE already defined in C:\xampp\htdocs\invoicing_system\config.php on line 76
[02-May-2025 19:49:01 Asia/Baghdad] PHP Warning:  Constant ALLOWED_EXTENSIONS already defined in C:\xampp\htdocs\invoicing_system\config.php on line 77
[02-May-2025 19:49:01 Asia/Baghdad] PHP Notice:  session_start(): Ignoring session_start() because a session is already active in C:\xampp\htdocs\invoicing_system\config.php on line 134
[02-May-2025 19:49:01 Asia/Baghdad] PHP Parse error:  syntax error, unexpected token "<", expecting end of file in C:\xampp\htdocs\invoicing_system\database.php on line 6
[02-May-2025 19:49:01 Asia/Baghdad] PHP Warning:  Constant DB_HOST already defined in C:\xampp\htdocs\invoicing_system\config.php on line 58
[02-May-2025 19:49:01 Asia/Baghdad] PHP Warning:  Constant DB_USER already defined in C:\xampp\htdocs\invoicing_system\config.php on line 59
[02-May-2025 19:49:01 Asia/Baghdad] PHP Warning:  Constant DB_PASS already defined in C:\xampp\htdocs\invoicing_system\config.php on line 60
[02-May-2025 19:49:01 Asia/Baghdad] PHP Warning:  Constant DB_NAME already defined in C:\xampp\htdocs\invoicing_system\config.php on line 61
[02-May-2025 19:49:01 Asia/Baghdad] PHP Warning:  Constant SITE_NAME already defined in C:\xampp\htdocs\invoicing_system\config.php on line 65
[02-May-2025 19:49:01 Asia/Baghdad] PHP Warning:  Constant ROOT_PATH already defined in C:\xampp\htdocs\invoicing_system\config.php on line 70
[02-May-2025 19:49:01 Asia/Baghdad] PHP Warning:  Constant MAX_FILE_SIZE already defined in C:\xampp\htdocs\invoicing_system\config.php on line 76
[02-May-2025 19:49:01 Asia/Baghdad] PHP Warning:  Constant ALLOWED_EXTENSIONS already defined in C:\xampp\htdocs\invoicing_system\config.php on line 77
[02-May-2025 19:49:01 Asia/Baghdad] PHP Notice:  session_start(): Ignoring session_start() because a session is already active in C:\xampp\htdocs\invoicing_system\config.php on line 134
[02-May-2025 19:49:01 Asia/Baghdad] PHP Parse error:  syntax error, unexpected token "<", expecting end of file in C:\xampp\htdocs\invoicing_system\database.php on line 6
[02-May-2025 19:49:15 Asia/Baghdad] PHP Warning:  Constant DB_HOST already defined in C:\xampp\htdocs\invoicing_system\config.php on line 58
[02-May-2025 19:49:15 Asia/Baghdad] PHP Warning:  Constant DB_USER already defined in C:\xampp\htdocs\invoicing_system\config.php on line 59
[02-May-2025 19:49:15 Asia/Baghdad] PHP Warning:  Constant DB_PASS already defined in C:\xampp\htdocs\invoicing_system\config.php on line 60
[02-May-2025 19:49:15 Asia/Baghdad] PHP Warning:  Constant DB_NAME already defined in C:\xampp\htdocs\invoicing_system\config.php on line 61
[02-May-2025 19:49:15 Asia/Baghdad] PHP Warning:  Constant SITE_NAME already defined in C:\xampp\htdocs\invoicing_system\config.php on line 65
[02-May-2025 19:49:15 Asia/Baghdad] PHP Warning:  Constant ROOT_PATH already defined in C:\xampp\htdocs\invoicing_system\config.php on line 70
[02-May-2025 19:49:15 Asia/Baghdad] PHP Warning:  Constant MAX_FILE_SIZE already defined in C:\xampp\htdocs\invoicing_system\config.php on line 76
[02-May-2025 19:49:15 Asia/Baghdad] PHP Warning:  Constant ALLOWED_EXTENSIONS already defined in C:\xampp\htdocs\invoicing_system\config.php on line 77
[02-May-2025 19:49:15 Asia/Baghdad] PHP Parse error:  syntax error, unexpected token "<", expecting end of file in C:\xampp\htdocs\invoicing_system\database.php on line 6
[02-May-2025 19:49:16 Asia/Baghdad] PHP Warning:  Constant DB_HOST already defined in C:\xampp\htdocs\invoicing_system\config.php on line 58
[02-May-2025 19:49:16 Asia/Baghdad] PHP Warning:  Constant DB_USER already defined in C:\xampp\htdocs\invoicing_system\config.php on line 59
[02-May-2025 19:49:16 Asia/Baghdad] PHP Warning:  Constant DB_PASS already defined in C:\xampp\htdocs\invoicing_system\config.php on line 60
[02-May-2025 19:49:16 Asia/Baghdad] PHP Warning:  Constant DB_NAME already defined in C:\xampp\htdocs\invoicing_system\config.php on line 61
[02-May-2025 19:49:16 Asia/Baghdad] PHP Warning:  Constant SITE_NAME already defined in C:\xampp\htdocs\invoicing_system\config.php on line 65
[02-May-2025 19:49:16 Asia/Baghdad] PHP Warning:  Constant ROOT_PATH already defined in C:\xampp\htdocs\invoicing_system\config.php on line 70
[02-May-2025 19:49:16 Asia/Baghdad] PHP Warning:  Constant MAX_FILE_SIZE already defined in C:\xampp\htdocs\invoicing_system\config.php on line 76
[02-May-2025 19:49:16 Asia/Baghdad] PHP Warning:  Constant ALLOWED_EXTENSIONS already defined in C:\xampp\htdocs\invoicing_system\config.php on line 77
[02-May-2025 19:49:16 Asia/Baghdad] PHP Parse error:  syntax error, unexpected token "<", expecting end of file in C:\xampp\htdocs\invoicing_system\database.php on line 6
[02-May-2025 19:49:17 Asia/Baghdad] PHP Warning:  Constant DB_HOST already defined in C:\xampp\htdocs\invoicing_system\config.php on line 58
[02-May-2025 19:49:17 Asia/Baghdad] PHP Warning:  Constant DB_USER already defined in C:\xampp\htdocs\invoicing_system\config.php on line 59
[02-May-2025 19:49:17 Asia/Baghdad] PHP Warning:  Constant DB_PASS already defined in C:\xampp\htdocs\invoicing_system\config.php on line 60
[02-May-2025 19:49:17 Asia/Baghdad] PHP Warning:  Constant DB_NAME already defined in C:\xampp\htdocs\invoicing_system\config.php on line 61
[02-May-2025 19:49:17 Asia/Baghdad] PHP Warning:  Constant SITE_NAME already defined in C:\xampp\htdocs\invoicing_system\config.php on line 65
[02-May-2025 19:49:17 Asia/Baghdad] PHP Warning:  Constant ROOT_PATH already defined in C:\xampp\htdocs\invoicing_system\config.php on line 70
[02-May-2025 19:49:17 Asia/Baghdad] PHP Warning:  Constant MAX_FILE_SIZE already defined in C:\xampp\htdocs\invoicing_system\config.php on line 76
[02-May-2025 19:49:17 Asia/Baghdad] PHP Warning:  Constant ALLOWED_EXTENSIONS already defined in C:\xampp\htdocs\invoicing_system\config.php on line 77
[02-May-2025 19:49:17 Asia/Baghdad] PHP Parse error:  syntax error, unexpected token "<", expecting end of file in C:\xampp\htdocs\invoicing_system\database.php on line 6
[02-May-2025 19:49:27 Asia/Baghdad] PHP Warning:  Constant DB_HOST already defined in C:\xampp\htdocs\invoicing_system\config.php on line 58
[02-May-2025 19:49:27 Asia/Baghdad] PHP Warning:  Constant DB_USER already defined in C:\xampp\htdocs\invoicing_system\config.php on line 59
[02-May-2025 19:49:27 Asia/Baghdad] PHP Warning:  Constant DB_PASS already defined in C:\xampp\htdocs\invoicing_system\config.php on line 60
[02-May-2025 19:49:27 Asia/Baghdad] PHP Warning:  Constant DB_NAME already defined in C:\xampp\htdocs\invoicing_system\config.php on line 61
[02-May-2025 19:49:27 Asia/Baghdad] PHP Warning:  Constant SITE_NAME already defined in C:\xampp\htdocs\invoicing_system\config.php on line 65
[02-May-2025 19:49:27 Asia/Baghdad] PHP Warning:  Constant ROOT_PATH already defined in C:\xampp\htdocs\invoicing_system\config.php on line 70
[02-May-2025 19:49:27 Asia/Baghdad] PHP Warning:  Constant MAX_FILE_SIZE already defined in C:\xampp\htdocs\invoicing_system\config.php on line 76
[02-May-2025 19:49:27 Asia/Baghdad] PHP Warning:  Constant ALLOWED_EXTENSIONS already defined in C:\xampp\htdocs\invoicing_system\config.php on line 77
[02-May-2025 19:49:27 Asia/Baghdad] PHP Notice:  session_start(): Ignoring session_start() because a session is already active in C:\xampp\htdocs\invoicing_system\config.php on line 134
[02-May-2025 19:49:28 Asia/Baghdad] PHP Parse error:  syntax error, unexpected token "<", expecting end of file in C:\xampp\htdocs\invoicing_system\database.php on line 6
